race_id,日付,レース,馬名,馬番,枠,騎手,斤量,実着順,着順1,人気1,場1,レース名1,着順2,人気2,場2,レース名2,着順3,人気3,場3,レース名3,着順4,人気4,場4,レース名4,着順5,人気5,場5,レース名5,単勝オッズ,人気,オッズ更新日時,source,_date,AREru指数,因子_performance,因子_upset,因子_consistency,因子_trend,因子_value,因子_context,理由
202665081701,2026-08-17,1,アサヒガール,8.0,7.0,渡来心路,580.0,,,,,,,,,,,,,,,,,,,,,,,,,nar,2026-08-17,36.0,35.0,35.0,35.0,35.0,35.0,45.0,履歴少
202644081701,2026-08-17,1,イケノギャルチャン,7.0,6.0,石川駿介,54.0,,4.0,3.0,大井,C3一　二,1.0,5.0,大井,C3一　二,4.0,8.0,大井,C3一　二三(C3二),7.0,4.0,大井,C3四　五,6.0,7.0,大井,C3一　二三(C3二),10.8,5.0,,nar,2026-08-17,64.18,76.8,58.0,75.1,53.0,63.4,45.0,履歴少 / 安定感
202635081701,2026-08-17,1,エサン,6.0,6.0,菅原辰徳,56.0,,9.0,7.0,盛岡,3歳C2六組,10.0,10.0,盛岡,うまレター賞(3歳C2),6.0,10.0,盛岡,3歳C2四組,7.0,8.0,水沢,3歳C2六組,8.0,9.0,水沢,3歳C2一組,169.8,11.0,,nar,2026-08-17,41.91,41.9,53.0,0.0,42.5,56.1,45.0,履歴少
202646081701,2026-08-17,1,カシスピーチ,8.0,8.0,松戸政也,55.0,,8.0,6.0,金沢,3歳B　6,7.0,7.0,金沢,しーあきちゃん結婚お(3歳),5.0,5.0,金沢,帝統くんお誕生日おめ(3歳),2.0,2.0,金沢,3歳B　8,14.0,15.0,2東京10,3歳未勝利,46.1,6.0,,nar,2026-08-17,47.74,53.2,46.5,34.3,44.0,55.6,45.0,履歴少 / 市場オッズ妙味
202644081701,2026-08-17,1,ガニュメデスレイ,2.0,2.0,高橋優,53.0,,6.0,7.0,大井,C3一,6.0,9.0,大井,C3一　二,8.0,13.0,大井,C3一　二,9.0,9.0,大井,C3一　二三(C3二),6.0,7.0,大井,C3一,48.8,10.0,,nar,2026-08-17,50.73,53.3,65.0,0.0,57.5,62.8,45.0,履歴少 / 人気以上に走る傾向 / 市場オッズ妙味
202665081701,2026-08-17,1,キセキヲオコセ,1.0,1.0,菅原響希,590.0,,,,,,,,,,,,,,,,,,,,,,,,,nar,2026-08-17,36.0,35.0,35.0,35.0,35.0,35.0,45.0,履歴少
202646081701,2026-08-17,1,キヨスミ,7.0,7.0,甲賀弘隆,55.0,,7.0,9.0,金沢,3歳B　6,9.0,8.0,金沢,しーあきちゃん結婚お(3歳),6.0,7.0,金沢,3歳B　4,7.0,7.0,金沢,3歳B　5,4.0,6.0,金沢,たいち&ももかハッピ(3歳7),81.6,8.0,,nar,2026-08-17,47.1,52.1,55.3,10.3,47.0,56.1,45.0,履歴少
202635081701,2026-08-17,1,クレバー,9.0,7.0,村上忍,56.0,,7.0,6.0,盛岡,3歳C2六組,6.0,6.0,盛岡,うまレター賞(3歳C2),5.0,7.0,盛岡,3歳C2四組,5.0,4.0,水沢,3歳C2六組,6.0,4.0,水沢,3歳C2二組,43.8,7.0,,nar,2026-08-17,49.69,60.3,48.2,34.3,41.0,55.0,45.0,履歴少 / 市場オッズ妙味
202644081701,2026-08-17,1,ケイリュウオー,4.0,4.0,吉井章,56.0,,9.0,3.0,大井,C3一,3.0,3.0,大井,ホーセズ・ネック賞(C2九),3.0,2.0,大井,C211　1213(C212),1.0,1.0,大井,ピンク・ジン賞(C2),5.0,2.0,大井,C2九　十11(C2十),3.0,1.0,,nar,2026-08-17,48.99,70.1,33.7,69.6,14.0,48.2,45.0,履歴少 / 安定感
202665081701,2026-08-17,1,サカノシップー,5.0,5.0,中山直樹,600.0,,,,,,,,,,,,,,,,,,,,,,,,,nar,2026-08-17,36.0,35.0,35.0,35.0,35.0,35.0,45.0,履歴少
202665081701,2026-08-17,1,サクラキンショウ,4.0,4.0,赤塚健仁,580.0,,,,,,,,,,,,,,,,,,,,,,,,,nar,2026-08-17,36.0,35.0,35.0,35.0,35.0,35.0,45.0,履歴少
202635081701,2026-08-17,1,サドルトウショウ,3.0,3.0,関本玲花,52.0,,5.0,5.0,盛岡,3歳C2六組,12.0,6.0,名古屋,アジア・アジアパラ応(3歳),7.0,5.0,名古屋,3歳11組,5.0,1.0,名古屋,3歳10組,12.0,14.0,3中山7,3歳未勝利,47.2,8.0,,nar,2026-08-17,46.57,45.1,34.1,45.0,74.0,49.8,45.0,履歴少 / 近走上向き / 市場オッズ妙味
202635081701,2026-08-17,1,サムライタイム,11.0,8.0,斉藤友香,50.0,,8.0,9.0,盛岡,3歳C2五組,8.0,9.0,盛岡,うまレター賞(3歳C2),7.0,9.0,盛岡,3歳C2三組,8.0,10.0,水沢,3歳C2五組,9.0,11.0,大井,3歳11　12,136.6,9.0,,nar,2026-08-17,45.68,44.8,60.1,0.0,50.0,58.7,45.0,履歴少
202646081701,2026-08-17,1,シシリアンキッス,6.0,6.0,兼子千央,55.0,,6.0,5.0,金沢,3歳B　6,4.0,5.0,金沢,しーあきちゃん結婚お(3歳),2.0,4.0,金沢,3歳B　6,5.0,6.0,金沢,3歳B　8,13.0,14.0,3中山3,3歳未勝利,11.9,4.0,,nar,2026-08-17,57.84,65.7,54.1,59.3,50.0,63.1,45.0,履歴少
202644081701,2026-08-17,1,ジャスティンロング,8.0,7.0,笹川翼,56.0,,3.0,1.0,大井,C3一,5.0,3.0,大井,夏至賞(C2),4.0,2.0,大井,バーボネラ賞(C2),3.0,1.0,大井,ゴッドファーザー賞(C2),6.0,11.0,4中京3,3歳未勝利,3.6,2.0,,nar,2026-08-17,60.95,76.0,41.1,89.7,59.0,53.5,45.0,履歴少 / 安定感
202665081701,2026-08-17,1,ジュンクン,9.0,8.0,今井千尋,590.0,,,,,,,,,,,,,,,,,,,,,,,,,nar,2026-08-17,36.0,35.0,35.0,35.0,35.0,35.0,45.0,履歴少
202644081701,2026-08-17,1,ジョーソーレ,6.0,6.0,田中洸多,54.0,,14.0,14.0,大井,C3二　三,13.0,13.0,大井,C2八　九,10.0,10.0,大井,C2九　十11(C2十),12.0,14.0,大井,C2九　十,8.0,10.0,大井,カーネーション特別競(C2),84.3,11.0,,nar,2026-08-17,32.44,12.8,53.5,0.0,30.5,56.1,45.0,履歴少
202644081701,2026-08-17,1,スマートビアンカ,1.0,1.0,岡村健司,54.0,,3.0,5.0,大井,C3二　三,8.0,11.0,大井,プルメリア特別競走(C2),8.0,7.0,大井,C2九　十11(C2十),8.0,6.0,大井,C2九　十,7.0,7.0,大井,C2十　11,6.9,3.0,,nar,2026-08-17,55.31,57.0,56.1,30.4,78.5,59.5,45.0,履歴少 / 近走上向き
202644081701,2026-08-17,1,ソニックサンライズ,11.0,8.0,中村尚平,54.0,,1.0,7.0,大井,C3六　七,9.0,13.0,大井,C3一　二,7.0,9.0,大井,C3一　二,9.0,12.0,大井,C3一　二三(C3二),7.0,13.0,大井,C3二　三,13.3,7.0,,nar,2026-08-17,65.69,60.3,79.9,30.4,92.0,74.7,45.0,履歴少 / 人気以上に走る傾向 / 近走上向き / 過小評価傾向
202635081701,2026-08-17,1,デアアテナ,4.0,4.0,高松亮,54.0,,6.0,10.0,2小倉8,3歳未勝利,7.0,4.0,5阪神2,2歳未勝利,5.0,3.0,4京都6,2歳新馬,,,,,,,,,3.5,2.0,,nar,2026-08-17,49.27,59.4,50.7,19.8,50.0,54.2,45.0,履歴少
202646081701,2026-08-17,1,ディジョネット,3.0,3.0,栗原大河,55.0,,2.0,3.0,金沢,3歳B　8,4.0,7.0,金沢,3歳B　7,14.0,12.0,1新潟7,3歳未勝利,13.0,16.0,1東京4,3歳新馬,,,,,4.0,3.0,,nar,2026-08-17,60.41,53.0,58.5,55.3,100.0,60.0,45.0,履歴少 / 近走上向き
202665081701,2026-08-17,1,トウヤノハッピー,6.0,6.0,村上章,580.0,,,,,,,,,,,,,,,,,,,,,,,,,nar,2026-08-17,36.0,35.0,35.0,35.0,35.0,35.0,45.0,履歴少
202635081701,2026-08-17,1,トーセンアミューズ,2.0,2.0,山本聡紀,56.0,,7.0,1.0,盛岡,3歳C2五組,7.0,11.0,1函館4,3歳未勝利,9.0,11.0,1函館1,3歳未勝利,9.0,6.0,2東京9,3歳未勝利,5.0,5.0,3中山3,3歳未勝利,5.7,3.0,,nar,2026-08-17,43.89,48.2,43.9,10.3,53.0,55.5,45.0,履歴少
202635081701,2026-08-17,1,ナディア,5.0,5.0,山本聡哉,54.0,,12.0,7.0,2福島3,3歳未勝利,8.0,5.0,1福島5,3歳未勝利,7.0,10.0,2中山6,3歳未勝利,7.0,12.0,1中山7,3歳未勝利,5.0,13.0,5中山5,2歳新馬,2.1,1.0,,nar,2026-08-17,38.99,39.5,49.2,10.3,18.5,58.4,45.0,履歴少
202665081701,2026-08-17,1,ハゴロモコスモス,3.0,3.0,西将太,600.0,,,,,,,,,,,,,,,,,,,,,,,,,nar,2026-08-17,36.0,35.0,35.0,35.0,35.0,35.0,45.0,履歴少
202635081701,2026-08-17,1,ハチスケ,1.0,1.0,小林凌,56.0,,10.0,11.0,盛岡,3歳C2五組,7.0,8.0,盛岡,うまレター賞(3歳C2),10.0,12.0,盛岡,アメジスト賞(3歳),7.0,6.0,水沢,3歳C2一組,8.0,11.0,盛岡,3歳C2一組,147.2,10.0,,nar,2026-08-17,41.92,39.1,57.8,0.0,38.0,57.4,45.0,履歴少
202635081701,2026-08-17,1,ハッピーカーン,8.0,7.0,大坪慎,56.0,,14.0,13.0,2福島3,3歳未勝利,8.0,8.0,1中山4,3歳未勝利,5.0,6.0,5中山8,2歳未勝利,7.0,6.0,5東京7,2歳新馬,,,,,6.4,4.0,,nar,2026-08-17,37.1,35.7,48.0,19.8,6.0,57.1,45.0,履歴少
202646081701,2026-08-17,1,ピースネイル,9.0,8.0,田知弘久,57.0,,10.0,9.0,金沢,能登復興支援狼煙賞(3歳),6.0,8.0,金沢,3歳B　5,11.0,9.0,金沢,3歳B　3,3.0,7.0,金沢,3歳B　4,6.0,4.0,金沢,たいち&ももかハッピ(3歳7),50.4,7.0,,nar,2026-08-17,42.45,45.9,51.2,14.6,29.0,54.1,45.0,履歴少
202644081701,2026-08-17,1,ファインデイ,9.0,7.0,瀬川将輝,54.0,,11.0,9.0,大井,C3二　三,6.0,5.0,大井,C2十　1112(C211),4.0,7.0,大井,C212　1314(C213),5.0,7.0,大井,C212　1314(C213),3.0,6.0,大井,C3　選抜牝馬,18.8,8.0,,nar,2026-08-17,48.47,54.7,52.4,44.7,11.0,67.2,45.0,履歴少 / 過小評価傾向 / 市場オッズ妙味
202665081701,2026-08-17,1,プライムチョウター,2.0,2.0,菊池一樹,600.0,,,,,,,,,,,,,,,,,,,,,,,,,nar,2026-08-17,36.0,35.0,35.0,35.0,35.0,35.0,45.0,履歴少
202644081701,2026-08-17,1,マジェスティルール,5.0,5.0,藤本現暉,56.0,,5.0,8.0,大井,C3二　三,3.0,7.0,大井,C2十　1112(C211),8.0,7.0,大井,グラスホッパー賞(C213),9.0,9.0,大井,うしかい座特別競走(C2),8.0,9.0,大井,C2十　11,13.2,6.0,,nar,2026-08-17,59.63,60.1,62.7,55.3,62.0,65.5,45.0,履歴少 / 過小評価傾向 / 市場オッズ妙味
202665081701,2026-08-17,1,マルホンミレイ,10.0,8.0,金田利貴,580.0,,,,,,,,,,,,,,,,,,,,,,,,,nar,2026-08-17,36.0,35.0,35.0,35.0,35.0,35.0,45.0,履歴少
202644081701,2026-08-17,1,ミチノシチリア,3.0,3.0,達城龍次,56.0,,5.0,6.0,大井,C3一,10.0,5.0,大井,C3一　二,4.0,10.0,大井,C3一　二,9.0,5.0,大井,C3一　二三(C3二),3.0,6.0,大井,C3一,35.1,9.0,,nar,2026-08-17,54.61,56.6,49.8,60.5,59.0,56.9,45.0,履歴少 / 安定感 / 市場オッズ妙味
202646081701,2026-08-17,1,モルトカリーナ,2.0,2.0,服部大地,55.0,,9.0,10.0,金沢,能登復興支援狼煙賞(3歳),10.0,4.0,金沢,3歳B　5,8.0,8.0,金沢,3歳B　4,8.0,9.0,金沢,3歳B　4,7.0,8.0,金沢,たいち&ももかハッピ(3歳7),159.2,9.0,,nar,2026-08-17,38.35,38.4,43.4,0.0,45.5,51.5,45.0,履歴少
202665081701,2026-08-17,1,ラブファンタジー,7.0,7.0,阿部武臣,580.0,,,,,,,,,,,,,,,,,,,,,,,,,nar,2026-08-17,36.0,35.0,35.0,35.0,35.0,35.0,45.0,履歴少
202635081701,2026-08-17,1,ララクロシェット,10.0,8.0,塚本涼人,54.0,,4.0,4.0,盛岡,3歳C2六組,5.0,6.0,盛岡,3歳C2六組,7.0,3.0,盛岡,3歳C2四組,14.0,12.0,1新潟7,3歳未勝利,16.0,16.0,1小倉3,3歳未勝利,22.5,5.0,,nar,2026-08-17,53.94,50.3,44.2,55.3,89.0,53.0,45.0,履歴少 / 近走上向き / 市場オッズ妙味
202635081701,2026-08-17,1,レッツゴーファイト,7.0,6.0,南郷家全,56.0,,12.0,12.0,盛岡,オパールC(重賞),8.0,11.0,盛岡,アンバー賞(3歳),6.0,11.0,盛岡,アメジスト賞(3歳),6.0,8.0,水沢,3歳C2一組,7.0,5.0,盛岡,3歳C2一組,24.3,6.0,,nar,2026-08-17,41.76,40.6,62.7,0.0,18.5,61.5,45.0,履歴少 / 市場オッズ妙味
202646081701,2026-08-17,1,ロージーキャンドル,4.0,4.0,吉田晃浩,55.0,,9.0,12.0,2小倉6,3歳未勝利,3.0,4.0,金沢,加賀医王山賞(未勝利)(3歳),15.0,14.0,2阪神6,3歳未勝利,15.0,13.0,1小倉1,3歳新馬,,,,,2.3,1.0,,nar,2026-08-17,47.58,35.6,55.2,24.9,62.0,54.4,63.3,距離適性 / 頭数減経験
202644081701,2026-08-17,1,ロードオブキング,10.0,8.0,和田譲治,56.0,,12.0,6.0,大井,C3二　三,,,大井,C2十　1112(C211),5.0,7.0,大井,C211　1213(C212),7.0,5.0,大井,C212　1314(C213),8.0,4.0,大井,C2十　1112(C211),7.5,4.0,,nar,2026-08-17,34.22,38.9,30.1,19.8,18.0,50.5,45.0,履歴少
202646081701,2026-08-17,1,ローレルマティーニ,5.0,5.0,魚住謙心,55.0,,3.0,4.0,金沢,3歳B　7,4.0,5.0,金沢,3歳B　8,6.0,5.0,金沢,3歳B　6,7.0,6.0,金沢,3歳B　6,7.0,6.0,名古屋,3歳8組,32.9,5.0,,nar,2026-08-17,58.67,69.3,50.7,55.3,68.0,55.6,45.0,履歴少 / 近走上向き / 市場オッズ妙味
202646081701,2026-08-17,1,ワンストローク,1.0,1.0,中島龍也,55.0,,2.0,2.0,金沢,3歳B　7,10.0,12.0,名古屋,名古屋モーニングフィ(3歳),12.0,12.0,名古屋,3歳6組,6.0,6.0,名古屋,3歳6組,4.0,6.0,名古屋,3歳5組,2.6,2.0,,nar,2026-08-17,55.92,53.9,54.9,40.7,86.0,56.7,45.0,履歴少 / 近走上向き
202665081702,2026-08-17,2,アアモンドグール,4.0,4.0,中原蓮,500.0,,,,,,,,,,,,,,,,,,,,,,,,,nar,2026-08-17,36.0,35.0,35.0,35.0,35.0,35.0,45.0,履歴少
202665081702,2026-08-17,2,アアモンドワク,10.0,8.0,臼杵龍美,490.0,,,,,,,,,,,,,,,,,,,,,,,,,nar,2026-08-17,36.0,35.0,35.0,35.0,35.0,35.0,45.0,履歴少
202644081702,2026-08-17,2,アソス,5.0,4.0,吉井章,56.0,,10.0,9.0,大井,C3二　三,4.0,6.0,大井,C2十　1112(C211),10.0,3.0,大井,C212　1314(C213),4.0,3.0,大井,C211　1213(C212),3.0,4.0,大井,ラスティ・ネイル賞(C213),33.4,9.0,,nar,2026-08-17,45.1,52.8,41.4,49.8,21.5,52.4,45.0,履歴少 / 市場オッズ妙味
202644081702,2026-08-17,2,アフリカンビート,12.0,7.0,石川駿介,56.0,,5.0,7.0,大井,C3二　三,3.0,4.0,大井,C2十　1112(C211),7.0,4.0,大井,C212　1314(C213),2.0,8.0,大井,C3一　二三(C3二),6.0,8.0,大井,C3二　三,13.7,6.0,,nar,2026-08-17,62.1,71.5,59.4,69.9,47.0,66.3,45.0,履歴少 / 安定感 / 過小評価傾向 / 市場オッズ妙味
202646081702,2026-08-17,2,アンフォーギヴン,10.0,8.0,吉田晃浩,55.0,,4.0,7.0,金沢,能登復興支援狼煙賞(3歳),7.0,9.0,金沢,3歳B　5,10.0,6.0,金沢,3歳B　3,4.0,6.0,金沢,3歳B　4,4.0,8.0,金沢,祝!黒まめくん3回目(3歳6),38.7,7.0,,nar,2026-08-17,58.45,60.5,59.3,55.3,63.5,60.9,45.0,履歴少 / 市場オッズ妙味
202644081702,2026-08-17,2,ウイニングショット,10.0,6.0,西優哉,53.0,,10.0,11.0,大井,C3二　三,12.0,12.0,大井,C2八　九,8.0,9.0,大井,C2九　十11(C2十),9.0,9.0,大井,C2九　十,12.0,14.0,大井,C2十　11,120.2,11.0,,nar,2026-08-17,39.2,26.7,55.0,0.0,51.5,56.1,45.0,履歴少
202644081702,2026-08-17,2,ウイントルヴェール,7.0,5.0,東原悠善,56.0,,15.0,13.0,大井,C3二　三,14.0,11.0,大井,C2十　1112(C211),9.0,7.0,大井,C212　1314(C213),7.0,7.0,大井,C211　1213(C212),10.0,9.0,大井,C212　1314(C213),394.5,13.0,,nar,2026-08-17,27.47,17.6,37.0,0.0,20.0,48.3,45.0,履歴少
202646081702,2026-08-17,2,ウインルナロッサ,9.0,8.0,中島龍也,57.0,,3.0,1.0,金沢,能登復興支援狼煙賞(3歳),2.0,2.0,金沢,しーあきちゃん結婚お(3歳),4.0,2.0,金沢,帝統くんお誕生日おめ(3歳),11.0,15.0,2東京12,3歳未勝利,12.0,9.0,3中山6,3歳未勝利,2.3,1.0,,nar,2026-08-17,59.5,67.6,44.9,75.1,75.5,51.6,45.0,履歴少 / 近走上向き / 安定感
202635081702,2026-08-17,2,エメラルドテソーロ,6.0,6.0,佐々木志,54.0,,4.0,6.0,盛岡,3歳C2五組,9.0,2.0,盛岡,うまレター賞(3歳C2),5.0,6.0,盛岡,3歳C2三組,3.0,4.0,水沢,3歳C2七組,7.0,2.0,水沢,3歳C2三組,26.3,6.0,,nar,2026-08-17,54.34,63.1,40.8,64.7,62.0,51.1,45.0,履歴少 / 安定感 / 市場オッズ妙味
202665081702,2026-08-17,2,カワノネネチャン,9.0,8.0,菊池一樹,480.0,,,,,,,,,,,,,,,,,,,,,,,,,nar,2026-08-17,36.0,35.0,35.0,35.0,35.0,35.0,45.0,履歴少
202635081702,2026-08-17,2,キタスピエル,8.0,7.0,鈴木祐,56.0,,7.0,7.0,盛岡,3歳C2四組,10.0,6.0,盛岡,安比高原夏休み賞(3歳C2),2.0,2.0,水沢,3歳C2二組,5.0,8.0,水沢,3歳C2二組,,,,,143.6,8.0,,nar,2026-08-17,47.88,56.7,45.6,34.3,42.0,52.7,45.0,履歴少
202646081702,2026-08-17,2,キャストアイズミー,7.0,7.0,吉原寛人,55.0,,8.0,3.0,金沢,能登復興支援狼煙賞(3歳),7.0,1.0,金沢,イエローダイヤモンド(3歳),2.0,1.0,金沢,バロックパール特別(3歳),2.0,4.0,金沢,3歳B　6,4.0,4.0,金沢,3歳B　4,4.8,2.0,,nar,2026-08-17,45.34,65.8,29.6,44.7,24.5,50.2,45.0,履歴少
202665081702,2026-08-17,2,コトブキチャイブ,6.0,6.0,西将太,480.0,,,,,,,,,,,,,,,,,,,,,,,,,nar,2026-08-17,36.0,35.0,35.0,35.0,35.0,35.0,45.0,履歴少
202665081702,2026-08-17,2,サクライブキ,3.0,3.0,今井千尋,470.0,,,,,,,,,,,,,,,,,,,,,,,,,nar,2026-08-17,36.0,35.0,35.0,35.0,35.0,35.0,45.0,履歴少
202635081702,2026-08-17,2,サスケソーレ,11.0,8.0,菅原辰徳,56.0,,3.0,3.0,門別,推しウマ探せ!おひさ(C4),2.0,4.0,門別,3歳条件未勝利(未勝利),6.0,6.0,門別,3歳条件未勝利(未勝利),8.0,3.0,門別,3歳条件未勝利(未勝利),6.0,4.0,門別,3歳条件未勝利(未勝利),12.3,4.0,,nar,2026-08-17,58.67,72.9,46.9,55.3,65.0,57.4,45.0,履歴少 / 近走上向き / 市場オッズ妙味
202644081702,2026-08-17,2,ザゴート,2.0,2.0,杉山海波,51.0,,1.0,3.0,大井,C3二　三,1.0,6.0,大井,C3一　二,2.0,2.0,大井,C3三　四,12.0,2.0,大井,C3一　二三(C3二),3.0,2.0,大井,C3四　五,4.6,2.0,,nar,2026-08-17,66.8,83.9,52.0,85.4,71.0,53.9,45.0,履歴少 / 近走上向き / 安定感
202646081702,2026-08-17,2,シャインヴィーラ,8.0,7.0,甲賀弘隆,57.0,,6.0,5.0,金沢,能登復興支援狼煙賞(3歳),3.0,3.0,金沢,しーあきちゃん結婚お(3歳),5.0,4.0,金沢,3歳B　4,11.0,8.0,3阪神2,3歳未勝利,8.0,12.0,3京都3,3歳未勝利,12.9,6.0,,nar,2026-08-17,52.77,60.1,46.3,44.7,54.5,60.2,45.0,履歴少 / 市場オッズ妙味
202644081702,2026-08-17,2,ショウサンレックス,4.0,3.0,藤田凌,56.0,,6.0,2.0,大井,C3二　三,2.0,4.0,大井,C3一　二,6.0,1.0,大井,C3二　三,4.0,3.0,大井,C3一　二三(C3二),9.0,4.0,大井,C3二　三,8.0,3.0,,nar,2026-08-17,48.77,67.8,33.4,39.5,45.5,50.4,45.0,履歴少
202644081702,2026-08-17,2,ショウナンマナ,3.0,3.0,中村尚平,54.0,,16.0,16.0,大井,C3二　三,10.0,10.0,大井,C2十　1112(C211),10.0,11.0,大井,こと座特別競走(C2),13.0,13.0,大井,C211　1213(C212),9.0,10.0,大井,C212　1314(C213),861.1,14.0,,nar,2026-08-17,31.43,16.8,52.1,0.0,17.0,54.8,45.0,履歴少
202644081702,2026-08-17,2,ジーティーウララ,1.0,1.0,岡村健司,54.0,,7.0,10.0,大井,C3二　三,5.0,7.0,大井,C2十　1112(C211),5.0,5.0,大井,C215　16,5.0,7.0,大井,C213　1415(C214),6.0,6.0,大井,C215　16,25.4,8.0,,nar,2026-08-17,57.18,62.3,61.9,59.3,39.5,60.9,45.0,履歴少 / 市場オッズ妙味
202646081702,2026-08-17,2,スズノグレイス,5.0,5.0,青柳正義,57.0,,4.0,3.0,金沢,3歳B　6,3.0,3.0,金沢,3歳B　7,7.0,5.0,金沢,3歳B　4,12.0,12.0,3京都10,3歳未勝利,3.0,3.0,金沢,加賀獅子吼賞(未勝利)(3歳),8.0,5.0,,nar,2026-08-17,56.92,64.7,45.1,65.7,63.5,56.9,45.0,履歴少 / 安定感
202665081702,2026-08-17,2,ストラヴィン,7.0,7.0,赤塚健仁,500.0,,,,,,,,,,,,,,,,,,,,,,,,,nar,2026-08-17,36.0,35.0,35.0,35.0,35.0,35.0,45.0,履歴少
202635081702,2026-08-17,2,ストームアイ,10.0,8.0,村上忍,54.0,,2.0,2.0,盛岡,3歳C2七組,16.0,17.0,2東京10,3歳未勝利,13.0,16.0,1福島5,3歳未勝利,10.0,13.0,5中京1,2歳未勝利,9.0,13.0,3福島4,2歳新馬,1.6,1.0,,nar,2026-08-17,53.51,36.6,61.9,30.4,100.0,59.2,45.0,履歴少 / 近走上向き
202635081702,2026-08-17,2,スパンキーウェーブ,2.0,2.0,高橋悠里,54.0,,10.0,8.0,盛岡,3歳C2四組,6.0,11.0,盛岡,安比高原夏休み賞(3歳C2),8.0,9.0,盛岡,3歳C2二組,8.0,11.0,水沢,3歳C2四組,9.0,10.0,水沢,3歳C1三組,166.3,9.0,,nar,2026-08-17,43.25,42.3,59.6,0.0,36.5,58.7,45.0,履歴少
202635081702,2026-08-17,2,スピードブラッシュ,5.0,5.0,坂井瑛音,55.0,,9.0,8.0,盛岡,3歳C2五組,5.0,11.0,盛岡,うまレター賞(3歳C2),11.0,11.0,水沢,3歳C2五組,11.0,8.0,盛岡,3歳C2一組,8.0,10.0,盛岡,3歳C2一組,202.4,10.0,,nar,2026-08-17,45.78,39.3,56.7,24.9,48.5,56.1,45.0,履歴少
202646081702,2026-08-17,2,ゼルノードゥス,1.0,1.0,加藤翔馬,55.0,,3.0,2.0,金沢,3歳B　6,4.0,2.0,金沢,3歳B　7,3.0,4.0,金沢,帝統くんお誕生日おめ(3歳),4.0,2.0,金沢,3歳B　6,5.0,5.0,金沢,3歳B　3,7.1,4.0,,nar,2026-08-17,63.69,79.2,43.7,100.0,56.0,55.7,45.0,履歴少 / 安定感
202644081702,2026-08-17,2,タイガーシャーク,14.0,8.0,安藤洋一,56.0,,5.0,7.0,大井,C212　1314(C213),12.0,4.0,大井,C2九　十11(C2十),12.0,1.0,大井,C212　1314(C213),1.0,1.0,大井,2歳　新馬(新馬),,,,,14.9,7.0,,nar,2026-08-17,42.99,45.3,22.2,45.0,70.0,47.7,45.0,履歴少 / 近走上向き / 市場オッズ妙味
202635081702,2026-08-17,2,タカイチカレン,9.0,7.0,南郷家全,54.0,,11.0,10.0,盛岡,3歳C2五組,11.0,9.0,盛岡,安比高原夏休み賞(3歳C2),9.0,11.0,船橋,3歳九,11.0,4.0,船橋,3歳九,6.0,6.0,船橋,3歳十,288.0,11.0,,nar,2026-08-17,33.24,27.3,40.0,0.0,39.5,48.3,45.0,履歴少
202644081702,2026-08-17,2,ディフィラリー,6.0,4.0,瀬川将輝,56.0,,11.0,11.0,大井,C3二　三,14.0,14.0,大井,C2八　九,12.0,13.0,大井,C2九　十11(C2十),5.0,9.0,大井,C211　1213(C212),10.0,10.0,大井,C2十　11,98.9,10.0,,nar,2026-08-17,38.92,21.3,55.5,14.6,45.5,56.8,45.0,履歴少
202644081702,2026-08-17,2,ニチリン,11.0,7.0,矢野貴之,54.0,,2.0,1.0,大井,C3四　五,3.0,1.0,大井,C3一　二,7.0,1.0,大井,おおた池月・磨墨賞(C2),1.0,1.0,大井,C2九　十11(C2十),1.0,1.0,大井,C3二　三,2.1,1.0,,nar,2026-08-17,59.68,84.1,36.1,80.2,56.0,47.3,45.0,履歴少 / 安定感
202635081702,2026-08-17,2,ノアシルヴィ,7.0,6.0,大坪慎,54.0,,6.0,7.0,盛岡,3歳C2五組,3.0,4.0,盛岡,うまレター賞(3歳C2),3.0,5.0,盛岡,3歳C2四組,10.0,16.0,2東京10,3歳未勝利,14.0,15.0,2中山3,3歳未勝利,19.2,5.0,,nar,2026-08-17,58.65,59.9,63.5,44.7,59.0,69.4,45.0,履歴少 / 過小評価傾向 / 市場オッズ妙味
202635081702,2026-08-17,2,パカラパカラ,3.0,3.0,高松亮,56.0,,2.0,3.0,盛岡,3歳C2六組,4.0,1.0,盛岡,3歳C2七組,11.0,5.0,5中山5,2歳新馬,,,,,,,,,3.0,2.0,,nar,2026-08-17,54.86,67.7,34.8,55.3,83.0,46.0,45.0,履歴少 / 近走上向き
202665081702,2026-08-17,2,パワフルメイチャン,5.0,5.0,中村太陽,480.0,,,,,,,,,,,,,,,,,,,,,,,,,nar,2026-08-17,36.0,35.0,35.0,35.0,35.0,35.0,45.0,履歴少
202646081702,2026-08-17,2,ファインブルー,6.0,6.0,松戸政也,55.0,,7.0,8.0,金沢,能登復興支援狼煙賞(3歳),8.0,5.0,金沢,3歳B　5,9.0,12.0,金沢,3歳B　3,6.0,9.0,金沢,春夏秋冬サラ生誕記念(3歳),7.0,6.0,金沢,3歳B　5特編(3歳5),114.8,9.0,,nar,2026-08-17,44.88,48.0,53.4,0.0,53.0,55.5,45.0,履歴少
202665081702,2026-08-17,2,ブルーローズ,1.0,1.0,大友一馬,480.0,,,,,,,,,,,,,,,,,,,,,,,,,nar,2026-08-17,36.0,35.0,35.0,35.0,35.0,35.0,45.0,履歴少
202665081702,2026-08-17,2,プリンセスステラ,8.0,7.0,長澤幸太,480.0,,,,,,,,,,,,,,,,,,,,,,,,,nar,2026-08-17,36.0,35.0,35.0,35.0,35.0,35.0,45.0,履歴少
202644081702,2026-08-17,2,プロシュ,9.0,6.0,遠藤健太,54.0,,12.0,15.0,大井,C3二　三,6.0,14.0,大井,C2十　1112(C211),7.0,10.0,大井,C212　1314(C213),8.0,12.0,大井,C211　1213(C212),8.0,11.0,大井,C212　1314(C213),188.2,12.0,,nar,2026-08-17,47.02,39.8,80.7,0.0,21.5,67.2,45.0,履歴少 / 人気以上に走る傾向 / 過小評価傾向
202665081702,2026-08-17,2,ホクセイホマレ,2.0,2.0,村上章,480.0,,,,,,,,,,,,,,,,,,,,,,,,,nar,2026-08-17,36.0,35.0,35.0,35.0,35.0,35.0,45.0,履歴少
202646081702,2026-08-17,2,マイネルエトルタ,3.0,3.0,栗原大河,57.0,,2.0,4.0,金沢,3歳B　6,4.0,6.0,金沢,3歳B　4,5.0,5.0,金沢,3歳B　6,8.0,5.0,名古屋,3歳7組,6.0,5.0,名古屋,アジア・アジアパラ応(3歳),5.1,3.0,,nar,2026-08-17,63.56,73.0,54.0,75.1,72.5,56.9,45.0,履歴少 / 近走上向き / 安定感
202646081702,2026-08-17,2,マイファイト,4.0,4.0,服部大地,55.0,,11.0,11.0,金沢,能登復興支援狼煙賞(3歳),5.0,9.0,金沢,3歳B　5,8.0,11.0,金沢,3歳B　3,5.0,10.0,金沢,3歳B　4,6.0,6.0,金沢,祝!黒まめくん3回目(3歳6),160.4,10.0,,nar,2026-08-17,49.52,47.8,66.2,39.5,20.0,61.3,45.0,履歴少 / 人気以上に走る傾向
202635081702,2026-08-17,2,リスペクトライト,4.0,4.0,山本政聡,56.0,,8.0,2.0,盛岡,3歳C2四組,3.0,6.0,門別,アルキバ特別(C1),14.0,15.0,1福島5,3歳未勝利,6.0,13.0,2中山3,3歳未勝利,8.0,6.0,船橋,ベストサドル特別(3歳未格),12.3,3.0,,nar,2026-08-17,47.3,47.6,49.6,24.9,48.5,62.6,45.0,履歴少 / 市場オッズ妙味
202635081702,2026-08-17,2,リトルエンジェル,1.0,1.0,塚本涼人,54.0,,6.0,6.0,盛岡,3歳C2四組,4.0,7.0,盛岡,うまレター賞(3歳C2),8.0,7.0,盛岡,3歳C2三組,3.0,5.0,水沢,3歳C2六組,4.0,7.0,水沢,3歳C2二組,82.3,7.0,,nar,2026-08-17,56.12,66.0,58.1,49.8,42.5,58.1,45.0,履歴少
202646081702,2026-08-17,2,リュシエル,2.0,2.0,鈴木太一,55.0,,6.0,6.0,金沢,スタールビー特別(3歳),8.0,9.0,金沢,イエローダイヤモンド(3歳),4.0,7.0,金沢,バロックパール特別(3歳),8.0,8.0,金沢,春夏秋冬サラ生誕記念(3歳),,,金沢,3歳B　5特編(3歳5),52.6,8.0,,nar,2026-08-17,50.69,56.5,56.6,19.8,54.0,56.8,45.0,履歴少
202644081702,2026-08-17,2,ルネサンスクラブ,13.0,8.0,和田譲治,56.0,,3.0,6.0,大井,C3二　三,4.0,5.0,大井,C212　1314(C213),3.0,4.0,大井,3歳六　七,2.0,6.0,大井,3歳七　八九(3歳八),7.0,3.0,大井,3歳九　十,8.2,4.0,,nar,2026-08-17,67.62,79.9,60.7,89.7,56.0,62.2,45.0,履歴少 / 安定感
202644081702,2026-08-17,2,ロクスマリアンヌ,8.0,5.0,西啓太,54.0,,8.0,4.0,大井,C3二　三,6.0,3.0,大井,C3一　二,3.0,3.0,大井,C3一　二,13.0,4.0,大井,C3一　二三(C3二),10.0,2.0,大井,C3二　三,12.9,5.0,,nar,2026-08-17,37.87,48.4,21.3,19.8,50.0,45.3,45.0,履歴少 / 市場オッズ妙味
202635081703,2026-08-17,3,アイク,9.0,7.0,高橋悠里,54.0,,,,盛岡,3歳C2四組,3.0,5.0,盛岡,安比高原夏休み賞(3歳C2),6.0,3.0,盛岡,3歳C2三組,2.0,3.0,水沢,3歳C2六組,6.0,4.0,水沢,3歳C2三組,9.0,5.0,,nar,2026-08-17,57.23,75.3,48.4,39.5,60.0,57.7,45.0,履歴少
202665081703,2026-08-17,3,アサヒレディ,3.0,3.0,竹ヶ原茉,470.0,,,,,,,,,,,,,,,,,,,,,,,,,nar,2026-08-17,36.0,35.0,35.0,35.0,35.0,35.0,45.0,履歴少
202646081703,2026-08-17,3,アルティオーラ,4.0,4.0,柴田勇真,55.0,,6.0,4.0,金沢,3歳B　3,8.0,7.0,金沢,3歳B　2,9.0,7.0,金沢,イエローダイヤモンド(3歳),4.0,8.0,金沢,ブラックダイヤモンド(3歳),2.0,5.0,金沢,3歳B　2,59.8,8.0,,nar,2026-08-17,48.32,56.9,47.5,24.9,48.5,54.8,45.0,履歴少
202644081703,2026-08-17,3,イノデジュエル,5.0,5.0,矢野貴之,54.0,,3.0,2.0,大井,2歳　新馬(新馬),,,,,,,,,,,,,,,,,14.9,6.0,,nar,2026-08-17,42.13,48.1,39.1,36.3,40.6,39.5,45.0,履歴少 / サンプル少
202635081703,2026-08-17,3,エイシンティズナウ,10.0,7.0,関本玲花,52.0,,11.0,8.0,盛岡,DCあーしゃんず3周(3歳C2),9.0,3.0,盛岡,3歳C2一組,5.0,7.0,園田,生琉里町7ハロン3歳(C2),5.0,4.0,園田,追入ダッシュ3歳C2,7.0,5.0,園田,葛尾7ハロン3歳C2,133.5,10.0,,nar,2026-08-17,38.25,43.8,33.4,34.3,23.0,47.0,45.0,履歴少
202665081703,2026-08-17,3,オータムクイーン,8.0,7.0,鈴木恵介,480.0,,,,,,,,,,,,,,,,,,,,,,,,,nar,2026-08-17,36.0,35.0,35.0,35.0,35.0,35.0,45.0,履歴少
202644081703,2026-08-17,3,ガブリン,2.0,2.0,本田正重,54.0,,2.0,3.0,大井,2歳　新馬(新馬),,,,,,,,,,,,,,,,,9.8,5.0,,nar,2026-08-17,43.67,49.9,42.2,36.3,40.6,41.7,45.0,履歴少 / サンプル少
202644081703,2026-08-17,3,キョウエイアカギ,7.0,7.0,藤田凌,54.0,,4.0,2.0,大井,2歳一,2.0,2.0,大井,2歳一,1.0,4.0,大井,2歳　新馬(新馬),,,,,,,,,2.9,2.0,,nar,2026-08-17,62.0,87.6,49.9,75.1,35.0,55.6,45.0,履歴少 / 安定感
202646081703,2026-08-17,3,グスタフ,7.0,7.0,吉原寛人,57.0,,2.0,2.0,金沢,スタールビー特別(3歳),4.0,8.0,金沢,イエローダイヤモンド(3歳),7.0,9.0,金沢,3歳B　2,9.0,5.0,金沢,ピンクコーラル特別(3歳),7.0,3.0,金沢,3歳B　2,3.9,2.0,,nar,2026-08-17,59.84,67.8,52.8,55.3,78.5,54.5,45.0,履歴少 / 近走上向き
202635081703,2026-08-17,3,グラッドキングダム,6.0,5.0,坂井瑛音,55.0,,8.0,8.0,盛岡,3歳C2三組,10.0,10.0,盛岡,DCあーしゃんず3周(3歳C2),6.0,9.0,盛岡,3歳C2一組,8.0,6.0,水沢,3歳C2三組,5.0,7.0,水沢,3歳C1二組,135.2,11.0,,nar,2026-08-17,44.6,45.7,53.6,10.3,45.5,55.5,45.0,履歴少
202644081703,2026-08-17,3,ケテンパッション,4.0,4.0,笹川翼,54.0,,1.0,3.0,大井,2歳　新馬(新馬),,,,,,,,,,,,,,,,,2.5,1.0,,nar,2026-08-17,44.57,51.6,43.7,36.3,40.6,42.0,45.0,履歴少 / サンプル少
202644081703,2026-08-17,3,シャンハイヨシノ,3.0,3.0,吉井章,54.0,,1.0,1.0,大井,2歳三,6.0,3.0,大井,2歳　新馬(新馬),,,,,,,,,,,,,19.3,8.0,,nar,2026-08-17,51.62,63.1,40.3,34.7,62.0,58.4,45.0,履歴少 / サンプル少 / 市場オッズ妙味
202646081703,2026-08-17,3,ショウガノキズナ,8.0,8.0,魚住謙心,55.0,,3.0,5.0,金沢,3歳B　3,4.0,6.0,金沢,3歳B　3,2.0,8.0,金沢,3歳B　3,4.0,6.0,金沢,春夏秋冬サラ生誕記念(3歳),8.0,6.0,金沢,3歳B　2,13.1,5.0,,nar,2026-08-17,69.7,78.3,66.6,89.7,59.0,67.4,45.0,履歴少 / 人気以上に走る傾向 / 安定感 / 過小評価傾向
202644081703,2026-08-17,3,シンゼンアカギ,8.0,8.0,杉山海波,51.0,,4.0,4.0,大井,ニューホープ特別競走(2歳),2.0,1.0,大井,2歳　新馬(新馬),,,,,,,,,,,,,8.3,3.0,,nar,2026-08-17,51.06,63.8,43.8,48.4,38.9,55.2,45.0,履歴少 / サンプル少
202644081703,2026-08-17,3,シンプウキセキ,6.0,6.0,和田譲治,54.0,,2.0,5.0,大井,2歳　新馬(新馬),,,,,,,,,,,,,,,,,9.7,4.0,,nar,2026-08-17,44.44,49.9,45.3,36.3,40.6,42.0,45.0,履歴少 / サンプル少
202646081703,2026-08-17,3,ジュンオルレアン,6.0,6.0,栗原大河,55.0,,6.0,6.0,金沢,3歳B　7,8.0,6.0,金沢,3歳B　8,7.0,3.0,金沢,3歳B　6,3.0,5.0,金沢,3歳B　8,7.0,10.0,金沢,3歳B　4,29.5,6.0,,nar,2026-08-17,47.06,57.1,45.2,14.6,51.5,55.6,45.0,履歴少 / 市場オッズ妙味
202635081703,2026-08-17,3,スリジェダムール,2.0,2.0,小林凌,54.0,,5.0,5.0,盛岡,3歳C2四組,4.0,10.0,盛岡,安比高原夏休み賞(3歳C2),9.0,10.0,盛岡,アメジスト賞(3歳),6.0,9.0,水沢,3歳C2五組,7.0,7.0,水沢,3歳C1三組,40.6,8.0,,nar,2026-08-17,59.63,60.9,64.9,55.3,59.0,62.8,45.0,履歴少 / 市場オッズ妙味
202635081703,2026-08-17,3,タカマキセブン,8.0,6.0,佐々木志,54.0,,8.0,8.0,盛岡,3歳,9.0,7.0,盛岡,DCあーしゃんず3周(3歳C2),10.0,8.0,盛岡,3歳C2一組,7.0,9.0,水沢,3歳C2三組,12.0,10.0,水沢,3歳C1二組,206.5,12.0,,nar,2026-08-17,39.63,36.7,44.3,0.0,59.0,50.9,45.0,履歴少
202644081703,2026-08-17,3,チャトラン,1.0,1.0,西優哉,51.0,,3.0,6.0,大井,2歳　新馬(新馬),,,,,,,,,,,,,,,,,16.9,7.0,,nar,2026-08-17,43.95,48.1,45.3,36.3,40.6,42.0,45.0,履歴少 / サンプル少
202665081703,2026-08-17,3,ディーエフアレス,9.0,8.0,島津新,500.0,,,,,,,,,,,,,,,,,,,,,,,,,nar,2026-08-17,36.0,35.0,35.0,35.0,35.0,35.0,45.0,履歴少
202646081703,2026-08-17,3,デルマアソ,1.0,1.0,鈴木太一,55.0,,3.0,3.0,金沢,スタールビー特別(3歳),5.0,6.0,金沢,イエローダイヤモンド(3歳),3.0,5.0,金沢,バロックパール特別(3歳),10.0,4.0,金沢,3歳B　4,11.0,9.0,金沢,3歳B　2,8.3,4.0,,nar,2026-08-17,59.9,65.2,46.9,75.1,75.5,55.8,45.0,履歴少 / 近走上向き / 安定感
202665081703,2026-08-17,3,デンテツ,10.0,8.0,金田利貴,500.0,,,,,,,,,,,,,,,,,,,,,,,,,nar,2026-08-17,36.0,35.0,35.0,35.0,35.0,35.0,45.0,履歴少
202646081703,2026-08-17,3,トラステッド,5.0,5.0,加藤翔馬,55.0,,8.0,10.0,2小倉7,3歳未勝利,9.0,13.0,3京都11,3歳未勝利,11.0,12.0,2阪神2,3歳未勝利,13.0,7.0,1阪神9,3歳未勝利,,,,,2.0,1.0,,nar,2026-08-17,42.05,30.0,57.2,0.0,68.0,53.8,42.3,前走人気以上 / 近走上向き
202635081703,2026-08-17,3,ノーブルブロウ,7.0,6.0,山本聡紀,54.0,,2.0,4.0,盛岡,3歳C2五組,3.0,2.0,盛岡,3歳C2七組,10.0,14.0,3東京5,3歳未勝利,13.0,11.0,5中山2,2歳新馬,,,,,2.0,1.0,,nar,2026-08-17,60.48,61.4,56.7,55.3,90.0,55.4,45.0,履歴少 / 近走上向き
202665081703,2026-08-17,3,ハローエース,4.0,4.0,長澤幸太,500.0,,,,,,,,,,,,,,,,,,,,,,,,,nar,2026-08-17,36.0,35.0,35.0,35.0,35.0,35.0,45.0,履歴少
202635081703,2026-08-17,3,ビップブレット,5.0,5.0,南郷家全,56.0,,4.0,2.0,盛岡,DCあーしゃんず3周(3歳C2),2.0,4.0,盛岡,3歳C2三組,4.0,5.0,水沢,3歳C2五組,3.0,6.0,水沢,3歳C2三組,7.0,5.0,盛岡,3歳C2二組,5.8,3.0,,nar,2026-08-17,64.05,78.7,52.2,89.7,50.0,58.8,45.0,履歴少 / 安定感
202635081703,2026-08-17,3,ビースタニング,3.0,3.0,山本政聡,54.0,,3.0,5.0,盛岡,3歳C2五組,6.0,7.0,門別,アルキバ特別(C1),10.0,14.0,1福島5,3歳未勝利,8.0,7.0,川崎,ガーネットフラワー賞(3歳),10.0,14.0,4東京2,2歳未勝利,7.9,4.0,,nar,2026-08-17,57.96,55.3,63.4,30.4,83.0,65.3,45.0,履歴少 / 近走上向き / 過小評価傾向
202635081703,2026-08-17,3,ピルスナー,11.0,8.0,高松亮,54.0,,3.0,10.0,盛岡,3歳C2四組,8.0,8.0,盛岡,安比高原夏休み賞(3歳C2),6.0,10.0,盛岡,3歳C2二組,9.0,7.0,水沢,3歳C2四組,4.0,5.0,盛岡,3歳C1三組,35.2,7.0,,nar,2026-08-17,60.67,61.5,69.1,40.7,72.5,62.8,45.0,履歴少 / 人気以上に走る傾向 / 近走上向き / 市場オッズ妙味
202665081703,2026-08-17,3,ホクショウテレサ,1.0,1.0,村上章,480.0,,,,,,,,,,,,,,,,,,,,,,,,,nar,2026-08-17,36.0,35.0,35.0,35.0,35.0,35.0,45.0,履歴少
202635081703,2026-08-17,3,マツリダシリウス,1.0,1.0,岩本怜,56.0,,9.0,9.0,1函館8,3歳未勝利,12.0,11.0,1函館3,3歳未勝利,11.0,10.0,3中山3,3歳未勝利,8.0,8.0,1中山6,3歳未勝利,9.0,7.0,5中山8,2歳未勝利,4.9,2.0,,nar,2026-08-17,37.55,28.0,45.4,0.0,56.0,54.2,45.0,履歴少
202646081703,2026-08-17,3,マリーイメル,2.0,2.0,中島龍也,55.0,,7.0,5.0,金沢,3歳B　8,6.0,2.0,金沢,3歳B　8,10.0,10.0,1阪神10,3歳未勝利,15.0,15.0,1阪神6,3歳未勝利,,,,,4.5,3.0,,nar,2026-08-17,40.44,40.5,37.5,0.0,70.0,51.5,45.0,履歴少 / 近走上向き
202635081703,2026-08-17,3,メイショウオタモイ,12.0,8.0,菅原辰徳,54.0,,11.0,8.0,盛岡,アンバー賞(3歳),4.0,5.0,盛岡,3歳C2三組,5.0,4.0,水沢,3歳C2五組,3.0,2.0,水沢,3歳C2一組,4.0,2.0,盛岡,3歳C2三組,20.3,6.0,,nar,2026-08-17,47.51,58.6,41.5,69.6,8.0,52.4,45.0,履歴少 / 安定感 / 市場オッズ妙味
202665081703,2026-08-17,3,モエタカハート,2.0,2.0,吉田理人,470.0,,,,,,,,,,,,,,,,,,,,,,,,,nar,2026-08-17,36.0,35.0,35.0,35.0,35.0,35.0,45.0,履歴少
202665081703,2026-08-17,3,ヤマノレガシー,5.0,5.0,西将太,480.0,,,,,,,,,,,,,,,,,,,,,,,,,nar,2026-08-17,36.0,35.0,35.0,35.0,35.0,35.0,45.0,履歴少
202665081703,2026-08-17,3,ヨシノフジ,7.0,7.0,西謙一,500.0,,,,,,,,,,,,,,,,,,,,,,,,,nar,2026-08-17,36.0,35.0,35.0,35.0,35.0,35.0,45.0,履歴少
202665081703,2026-08-17,3,ヨシノヤマト,6.0,6.0,中村太陽,480.0,,,,,,,,,,,,,,,,,,,,,,,,,nar,2026-08-17,36.0,35.0,35.0,35.0,35.0,35.0,45.0,履歴少
202646081703,2026-08-17,3,リケアカッペリーニ,3.0,3.0,浅野登生,52.0,,5.0,7.0,金沢,スタールビー特別(3歳),9.0,7.0,金沢,イエローダイヤモンド(3歳),7.0,9.0,金沢,帝統くんお誕生日おめ(3歳),9.0,10.0,金沢,3歳B　6,6.0,9.0,金沢,3歳B　5特編(3歳5),54.3,7.0,,nar,2026-08-17,52.16,51.4,56.7,30.4,66.5,57.4,45.0,履歴少 / 近走上向き
202635081703,2026-08-17,3,ヴィーナスキック,4.0,4.0,斉藤友香,50.0,,9.0,9.0,盛岡,3歳C2四組,9.0,7.0,盛岡,安比高原夏休み賞(3歳C2),9.0,6.0,盛岡,3歳C2二組,11.0,4.0,水沢,3歳C2四組,10.0,1.0,盛岡,3歳C1三組,133.1,9.0,,nar,2026-08-17,32.7,32.8,28.7,0.0,54.5,39.9,45.0,履歴少
202665081704,2026-08-17,4,アアモンドドレミ,7.0,7.0,赤塚健仁,480.0,,,,,,,,,,,,,,,,,,,,,,,,,nar,2026-08-17,36.0,35.0,35.0,35.0,35.0,35.0,45.0,履歴少
202644081704,2026-08-17,4,アウン,3.0,3.0,張田昂,54.0,,2.0,3.0,大井,2歳一　二,7.0,6.0,大井,2歳一,6.0,6.0,大井,2歳一,5.0,5.0,大井,2歳　新馬(新馬),,,,,34.1,7.0,,nar,2026-08-17,58.34,69.9,50.4,45.0,74.0,56.3,45.0,履歴少 / 近走上向き / 市場オッズ妙味
202644081704,2026-08-17,4,イントゥザライト,4.0,4.0,吉井章,54.0,,3.0,2.0,大井,ニューホープ特別競走(2歳),2.0,1.0,大井,2歳　新馬(新馬),,,,,,,,,,,,,11.6,5.0,,nar,2026-08-17,51.7,66.2,41.6,48.4,42.2,55.7,45.0,履歴少 / サンプル少
202665081704,2026-08-17,4,キタサカエリュウ,4.0,4.0,中村太陽,500.0,,,,,,,,,,,,,,,,,,,,,,,,,nar,2026-08-17,36.0,35.0,35.0,35.0,35.0,35.0,45.0,履歴少
202646081704,2026-08-17,4,クレバーキュート,10.0,8.0,米倉知,57.0,,2.0,2.0,金沢,能登復興支援狼煙賞(3歳),2.0,1.0,金沢,3歳B　7,2.0,2.0,金沢,3歳B　7,14.0,14.0,3阪神1,3歳未勝利,8.0,10.0,3中山7,3歳未勝利,8.1,3.0,,nar,2026-08-17,63.63,73.6,49.7,75.1,77.0,59.6,45.0,履歴少 / 近走上向き / 安定感
202635081704,2026-08-17,4,クーラント,9.0,8.0,高橋悠里,54.0,,5.0,5.0,盛岡,C1,8.0,5.0,水沢,C1,3.0,6.0,水沢,C1,4.0,5.0,水沢,C1,6.0,10.0,水沢,C1,8.0,4.0,,nar,2026-08-17,58.17,65.5,52.8,64.7,51.5,62.1,45.0,履歴少 / 安定感
202635081704,2026-08-17,4,コウバイ,10.0,8.0,坂井瑛音,53.0,,3.0,7.0,盛岡,C2五組,8.0,10.0,盛岡,C2,8.0,9.0,盛岡,C2,9.0,9.0,盛岡,C2,2.0,3.0,盛岡,C2,6.4,3.0,,nar,2026-08-17,59.09,60.0,64.1,40.7,72.5,63.1,45.0,履歴少 / 近走上向き
202644081704,2026-08-17,4,ゴールドシュミット,1.0,1.0,矢野貴之,54.0,,2.0,3.0,大井,ニューホープ特別競走(2歳),3.0,1.0,大井,2歳　新馬(新馬),,,,,,,,,,,,,9.4,4.0,,nar,2026-08-17,53.22,66.6,44.1,48.4,48.8,55.7,45.0,履歴少 / サンプル少
202665081704,2026-08-17,4,サカノブラック,10.0,8.0,西将太,500.0,,,,,,,,,,,,,,,,,,,,,,,,,nar,2026-08-17,36.0,35.0,35.0,35.0,35.0,35.0,45.0,履歴少
202646081704,2026-08-17,4,サバイバルトゥルー,8.0,7.0,甲賀弘隆,55.0,,10.0,12.0,名古屋,夏波賞(3歳),10.0,10.0,名古屋,3歳4組,10.0,11.0,名古屋,3歳4組,8.0,9.0,名古屋,3歳4組,5.0,6.0,名古屋,3歳3組,34.7,5.0,,nar,2026-08-17,42.24,34.5,57.4,10.3,39.5,59.5,45.0,履歴少 / 市場オッズ妙味
202635081704,2026-08-17,4,ショウリュウテン,5.0,5.0,村上忍,56.0,,5.0,10.0,盛岡,C2,11.0,6.0,盛岡,C2,6.0,8.0,盛岡,C2,10.0,6.0,盛岡,C2,3.0,1.0,水沢,C1,4.5,2.0,,nar,2026-08-17,50.59,50.3,49.1,40.7,65.0,53.8,45.0,履歴少 / 近走上向き
202646081704,2026-08-17,4,スギノダイナミック,6.0,6.0,兼子千央,57.0,,5.0,6.0,金沢,能登復興支援狼煙賞(3歳),6.0,9.0,金沢,ちーたん生誕1周年記(3歳),6.0,3.0,金沢,3歳B　3,2.0,3.0,金沢,3歳B　4,2.0,2.0,金沢,たいち&ももかハッピ(3歳7),105.3,8.0,,nar,2026-08-17,56.82,70.4,54.2,55.3,44.0,54.8,45.0,履歴少
202646081704,2026-08-17,4,ストライプブルー,2.0,2.0,松戸政也,57.0,,5.0,5.0,金沢,ちーたん生誕1周年記(3歳),11.0,8.0,名古屋,青嵐賞(3歳),11.0,10.0,名古屋,牛兄、係長でも頑張れ(3歳),4.0,8.0,名古屋,3歳4組,5.0,7.0,名古屋,今年も馬ッチリ駆け巡(3歳),47.8,6.0,,nar,2026-08-17,52.28,47.7,48.9,55.3,66.5,57.6,45.0,履歴少 / 近走上向き / 市場オッズ妙味
202646081704,2026-08-17,4,ストロボエッジ,1.0,1.0,沖静男,57.0,,6.0,5.0,金沢,3歳B　4,7.0,4.0,金沢,ちーたん生誕1周年記(3歳),3.0,2.0,金沢,3歳B　3,1.0,1.0,金沢,3歳B　8,6.0,7.0,金沢,3歳B　4,103.5,7.0,,nar,2026-08-17,49.77,68.6,42.0,34.3,39.5,50.9,45.0,履歴少
202665081704,2026-08-17,4,ストロングポイント,2.0,2.0,今井千尋,480.0,,,,,,,,,,,,,,,,,,,,,,,,,nar,2026-08-17,36.0,35.0,35.0,35.0,35.0,35.0,45.0,履歴少
202665081704,2026-08-17,4,スピードシンデレラ,6.0,6.0,阿部優哉,480.0,,,,,,,,,,,,,,,,,,,,,,,,,nar,2026-08-17,36.0,35.0,35.0,35.0,35.0,35.0,45.0,履歴少
202646081704,2026-08-17,4,スマイルホップ,7.0,7.0,栗原大河,55.0,,8.0,8.0,金沢,ちーたん生誕1周年記(3歳),8.0,9.0,金沢,祝!ゆっきー支店長就(3歳),6.0,5.0,金沢,3歳B　2,4.0,4.0,金沢,3歳B　5特編(3歳5),8.0,5.0,金沢,りの様生誕記念ナイス(3歳),196.9,9.0,,nar,2026-08-17,44.47,51.8,48.2,14.6,41.0,51.5,45.0,履歴少
202635081704,2026-08-17,4,セジールレーヴ,3.0,3.0,小林凌,54.0,,8.0,4.0,盛岡,C1,4.0,9.0,盛岡,C1,2.0,6.0,水沢,C1,8.0,5.0,水沢,C1,4.0,7.0,水沢,C1,8.5,5.0,,nar,2026-08-17,54.61,64.8,54.9,55.0,29.0,62.4,45.0,履歴少
202635081704,2026-08-17,4,ノースショアガール,1.0,1.0,山本聡紀,54.0,,2.0,2.0,盛岡,C2,1.0,5.0,水沢,C2,10.0,6.0,水沢,C2,2.0,9.0,水沢,C2,10.0,6.0,水沢,C2,2.3,1.0,,nar,2026-08-17,63.65,74.7,55.7,69.9,72.5,55.5,45.0,履歴少 / 近走上向き / 安定感
202644081704,2026-08-17,4,パープルフォッグ,2.0,2.0,西啓太,54.0,,1.0,1.0,大井,2歳　新馬(新馬),,,,,,,,,,,,,,,,,2.5,1.0,,nar,2026-08-17,43.64,51.6,40.6,36.3,40.6,40.6,45.0,履歴少 / サンプル少
202665081704,2026-08-17,4,ヒノクニプリンセス,9.0,8.0,中原蓮,480.0,,,,,,,,,,,,,,,,,,,,,,,,,nar,2026-08-17,36.0,35.0,35.0,35.0,35.0,35.0,45.0,履歴少
202646081704,2026-08-17,4,ピースオブザスカイ,9.0,8.0,鈴木太一,55.0,,7.0,7.0,金沢,3歳B　3,8.0,8.0,金沢,3歳B　3,11.0,11.0,金沢,祝!ゆっきー支店長就(3歳),9.0,6.0,金沢,3歳B　2,11.0,10.0,金沢,たいち&ももかハッピ(3歳7),596.6,10.0,,nar,2026-08-17,41.35,38.0,46.2,0.0,66.5,50.9,45.0,履歴少 / 近走上向き
202644081704,2026-08-17,4,フォースマジュール,8.0,8.0,笹川翼,54.0,,1.0,1.0,大井,2歳　新馬(新馬),,,,,,,,,,,,,,,,,2.7,2.0,,nar,2026-08-17,43.64,51.6,40.6,36.3,40.6,40.6,45.0,履歴少 / サンプル少
202644081704,2026-08-17,4,フレンドトネール,6.0,6.0,鷹見陸,54.0,,5.0,5.0,大井,ニューホープ特別競走(2歳),6.0,8.0,大井,2歳一,4.0,4.0,大井,2歳　新馬(新馬),,,,,,,,,65.5,8.0,,nar,2026-08-17,56.31,67.4,54.6,50.2,50.0,55.7,45.0,履歴少
202635081704,2026-08-17,4,フークレグルス,6.0,6.0,斉藤友香,52.0,,11.0,8.0,盛岡,C2,4.0,8.0,盛岡,C2,12.0,8.0,盛岡,C2,9.0,11.0,盛岡,C2,5.0,9.0,水沢,C2,16.9,6.0,,nar,2026-08-17,44.28,39.7,50.0,35.3,29.0,64.0,45.0,履歴少 / 市場オッズ妙味
202635081704,2026-08-17,4,ブラウオリゾン,7.0,7.0,塚本涼人,56.0,,7.0,9.0,盛岡,C2,7.0,11.0,盛岡,C2,12.0,11.0,盛岡,C2,8.0,7.0,盛岡,C2,3.0,6.0,盛岡,C2,21.3,8.0,,nar,2026-08-17,48.21,46.2,61.0,10.3,53.0,60.9,45.0,履歴少 / 市場オッズ妙味
202665081704,2026-08-17,4,ホクセイアバレンボ,1.0,1.0,阿部武臣,500.0,,,,,,,,,,,,,,,,,,,,,,,,,nar,2026-08-17,36.0,35.0,35.0,35.0,35.0,35.0,45.0,履歴少
202644081704,2026-08-17,4,ポッドマデラ,5.0,5.0,藤田凌,54.0,,3.0,4.0,大井,2歳　新馬(新馬),,,,,,,,,,,,,,,,,28.2,6.0,,nar,2026-08-17,43.18,48.1,42.2,36.3,40.6,41.7,45.0,履歴少 / サンプル少
202635081704,2026-08-17,4,ポンドレイディ,4.0,4.0,佐々木志,54.0,,12.0,12.0,盛岡,C2,11.0,12.0,盛岡,C2,10.0,8.0,盛岡,C2,11.0,11.0,盛岡,C2,11.0,11.0,盛岡,C2,187.1,10.0,,nar,2026-08-17,34.12,19.1,49.0,0.0,42.5,52.9,45.0,履歴少
202646081704,2026-08-17,4,マルモズイルバア,5.0,5.0,浅野登生,52.0,,1.0,5.0,金沢,3歳B　9,15.0,17.0,2小倉6,3歳未勝利,6.0,7.0,金沢,加賀医王山賞(未勝利)(3歳),16.0,16.0,3京都1,3歳未勝利,12.0,11.0,2京都2,3歳未勝利,10.6,4.0,,nar,2026-08-17,56.25,43.5,62.7,30.4,100.0,63.9,44.3,頭数減経験 / 近走上向き
202635081704,2026-08-17,4,マローディープ,2.0,2.0,阿部英俊,56.0,,11.0,8.0,盛岡,C2,2.0,6.0,盛岡,C2四組,4.0,4.0,盛岡,C2,4.0,7.0,盛岡,C2,7.0,4.0,盛岡,C1,18.2,7.0,,nar,2026-08-17,50.85,60.5,51.5,59.3,9.5,62.9,45.0,履歴少 / 市場オッズ妙味
202646081704,2026-08-17,4,ムーランラデ,4.0,4.0,中島龍也,57.0,,1.0,2.0,金沢,3歳B　8,12.0,7.0,1阪神1,3歳新馬,,,,,,,,,,,,,1.2,1.0,,nar,2026-08-17,47.31,51.2,38.9,34.7,73.0,44.3,45.0,履歴少 / サンプル少 / 近走上向き
202665081704,2026-08-17,4,モンスター,3.0,3.0,長澤幸太,490.0,,,,,,,,,,,,,,,,,,,,,,,,,nar,2026-08-17,36.0,35.0,35.0,35.0,35.0,35.0,45.0,履歴少
202644081704,2026-08-17,4,ユウユウヴィオラ,7.0,7.0,本田正重,54.0,,1.0,3.0,大井,2歳　新馬(新馬),,,,,,,,,,,,,,,,,4.8,3.0,,nar,2026-08-17,44.57,51.6,43.7,36.3,40.6,42.0,45.0,履歴少 / サンプル少
202646081704,2026-08-17,4,ラルクアンレーヴ,3.0,3.0,魚住謙心,57.0,,1.0,1.0,金沢,3歳B　8,3.0,3.0,金沢,3歳B　7,14.0,9.0,3京都11,3歳未勝利,11.0,8.0,2東京6,3歳未勝利,10.0,4.0,1京都7,3歳新馬,6.5,2.0,,nar,2026-08-17,54.54,57.1,35.7,55.3,100.0,48.9,45.0,履歴少 / 近走上向き
202635081704,2026-08-17,4,ルーナ,8.0,7.0,関本玲花,52.0,,10.0,10.0,盛岡,C2,6.0,5.0,盛岡,C2,7.0,5.0,盛岡,C2,5.0,3.0,盛岡,C2,5.0,4.0,盛岡,C2,30.9,9.0,,nar,2026-08-17,42.21,50.7,42.7,24.9,24.5,52.4,45.0,履歴少 / 市場オッズ妙味
202665081704,2026-08-17,4,ロイヤルノチカラ,8.0,7.0,大友一馬,500.0,,,,,,,,,,,,,,,,,,,,,,,,,nar,2026-08-17,36.0,35.0,35.0,35.0,35.0,35.0,45.0,履歴少
202665081704,2026-08-17,4,ヴルールノヴァー,5.0,5.0,島津新,500.0,,,,,,,,,,,,,,,,,,,,,,,,,nar,2026-08-17,36.0,35.0,35.0,35.0,35.0,35.0,45.0,履歴少
202635081705,2026-08-17,5,アズーラ,3.0,3.0,山本政聡,54.0,,3.0,5.0,盛岡,C2三組,6.0,2.0,盛岡,C2二組,5.0,4.0,盛岡,C2三組,6.0,9.0,盛岡,C2二組,5.0,4.0,水沢,C2一組,23.4,4.0,,nar,2026-08-17,58.44,69.7,48.2,60.5,65.0,55.6,45.0,履歴少 / 近走上向き / 安定感 / 市場オッズ妙味
202635081705,2026-08-17,5,アルクドラ,1.0,1.0,菅原辰徳,54.0,,10.0,7.0,盛岡,C2,7.0,10.0,盛岡,C2,6.0,10.0,盛岡,C2,5.0,8.0,盛岡,C2,7.0,8.0,盛岡,C2,148.4,9.0,,nar,2026-08-17,45.34,48.6,58.2,14.6,27.5,58.7,45.0,履歴少
202665081705,2026-08-17,5,イワキハルヒメ,8.0,7.0,赤塚健仁,580.0,,,,,,,,,,,,,,,,,,,,,,,,,nar,2026-08-17,36.0,35.0,35.0,35.0,35.0,35.0,45.0,履歴少
202646081705,2026-08-17,5,ウインアイルグロウ,2.0,2.0,服部大地,57.0,,1.0,1.0,金沢,3歳B　7,2.0,6.0,金沢,海月雲ろあ1周年記念(3歳),11.0,6.0,名古屋,3歳11組,13.0,13.0,1新潟2,3歳未勝利,12.0,9.0,3中山1,3歳未勝利,8.6,3.0,,nar,2026-08-17,59.1,59.1,47.9,55.3,100.0,56.6,45.0,履歴少 / 近走上向き
202635081705,2026-08-17,5,ウワサノハルカ,5.0,5.0,高橋悠里,55.0,,2.0,1.0,盛岡,C2,1.0,2.0,盛岡,C2,1.0,1.0,盛岡,C2,2.0,2.0,盛岡,C2,8.0,7.0,盛岡,C2,6.5,2.0,,nar,2026-08-17,67.11,90.6,48.9,89.7,56.0,57.3,45.0,履歴少 / 安定感
202646081705,2026-08-17,5,オニノウタゲ,3.0,3.0,中島龍也,55.0,,2.0,2.0,金沢,3歳B　3,2.0,1.0,金沢,ちーたん生誕1周年記(3歳),,,金沢,3歳B　2,1.0,2.0,金沢,3歳B　4,11.0,8.0,2東京6,3歳未勝利,2.1,1.0,,nar,2026-08-17,62.62,84.2,46.4,69.9,66.0,50.7,45.0,履歴少 / 近走上向き / 安定感
202646081705,2026-08-17,5,キミガイチバンイイ,8.0,7.0,青柳正義,57.0,,7.0,7.0,金沢,3歳B　3,6.0,3.0,金沢,バロックパール特別(3歳),7.0,4.0,金沢,イエローダイヤモンド(3歳),3.0,1.0,金沢,祝!黒まめくん3回目(3歳6),7.0,2.0,金沢,ピンクコーラル特別(3歳),29.1,5.0,,nar,2026-08-17,42.87,58.7,35.0,14.6,42.5,47.8,45.0,履歴少 / 市場オッズ妙味
202635081705,2026-08-17,5,ゴーゴーオンリー,8.0,7.0,塚本涼人,54.0,,10.0,11.0,盛岡,C2,12.0,12.0,盛岡,C2,11.0,12.0,盛岡,C2,8.0,12.0,盛岡,C2,10.0,5.0,盛岡,C2,241.2,10.0,,nar,2026-08-17,38.15,24.8,54.0,0.0,51.5,54.1,45.0,履歴少
202665081705,2026-08-17,5,サッコノオトウト,4.0,4.0,船山蔵人,600.0,,,,,,,,,,,,,,,,,,,,,,,,,nar,2026-08-17,36.0,35.0,35.0,35.0,35.0,35.0,45.0,履歴少
202646081705,2026-08-17,5,サノノサンダー,7.0,7.0,柴田勇真,57.0,,8.0,4.0,金沢,3歳B　2,3.0,3.0,金沢,3歳B　3,2.0,7.0,金沢,祝!ゆっきー支店長就(3歳),1.0,5.0,金沢,3歳B　7,9.0,9.0,金沢,3歳B　3,33.9,6.0,,nar,2026-08-17,55.31,70.8,52.5,59.3,24.5,59.5,45.0,履歴少 / 市場オッズ妙味
202635081705,2026-08-17,5,シェリーアモール,6.0,6.0,関本玲花,52.0,,5.0,4.0,盛岡,C2,5.0,5.0,盛岡,C2,1.0,2.0,水沢,C1,5.0,2.0,水沢,C2,11.0,3.0,水沢,C2三組,35.7,6.0,,nar,2026-08-17,57.62,69.4,40.4,89.7,53.0,49.1,45.0,履歴少 / 安定感 / 市場オッズ妙味
202635081705,2026-08-17,5,シノブデスティーノ,10.0,8.0,坂井瑛音,53.0,,3.0,9.0,盛岡,C2,6.0,6.0,盛岡,C1,6.0,6.0,盛岡,C1,7.0,3.0,水沢,C1,5.0,3.0,水沢,C1,40.2,7.0,,nar,2026-08-17,57.91,67.0,57.2,40.7,68.0,56.3,45.0,履歴少 / 近走上向き / 市場オッズ妙味
202646081705,2026-08-17,5,シンデレラヒメ,10.0,8.0,米倉知,55.0,,4.0,6.0,金沢,3歳B　4,4.0,7.0,金沢,ちーたん生誕1周年記(3歳),4.0,5.0,金沢,3歳B　3,5.0,3.0,金沢,春夏秋冬サラ生誕記念(3歳),4.0,8.0,金沢,3歳B　2,36.9,8.0,,nar,2026-08-17,67.06,74.8,61.7,100.0,51.5,61.5,45.0,履歴少 / 安定感 / 市場オッズ妙味
202665081705,2026-08-17,5,ジェイノウンカイ,2.0,2.0,西将太,600.0,,,,,,,,,,,,,,,,,,,,,,,,,nar,2026-08-17,36.0,35.0,35.0,35.0,35.0,35.0,45.0,履歴少
202665081705,2026-08-17,5,ジェイミスター,1.0,1.0,渡来心路,600.0,,,,,,,,,,,,,,,,,,,,,,,,,nar,2026-08-17,36.0,35.0,35.0,35.0,35.0,35.0,45.0,履歴少
202635081705,2026-08-17,5,タイシロンブレード,9.0,8.0,斉藤友香,52.0,,6.0,5.0,盛岡,C2,2.0,8.0,盛岡,C1,9.0,5.0,盛岡,C1,10.0,6.0,水沢,C1六組,11.0,10.0,水沢,C1,27.7,5.0,,nar,2026-08-17,49.21,54.4,48.0,24.9,62.0,53.7,45.0,履歴少 / 市場オッズ妙味
202635081705,2026-08-17,5,タマモオペラ,2.0,2.0,南郷家全,54.0,,4.0,7.0,盛岡,C2,7.0,11.0,盛岡,C2,6.0,8.0,盛岡,C2,10.0,7.0,盛岡,C2,7.0,6.0,盛岡,C2,52.0,8.0,,nar,2026-08-17,55.64,57.4,62.3,30.4,71.0,56.8,45.0,履歴少 / 近走上向き
202646081705,2026-08-17,5,タマリスペクト,1.0,1.0,栗原大河,57.0,,6.0,4.0,金沢,3歳B　3,6.0,8.0,金沢,祝!ゆっきー支店長就(3歳),4.0,7.0,金沢,3歳B　2,6.0,5.0,金沢,3歳B　2,1.0,4.0,金沢,りゅうとくん24ちゃ(3歳),57.8,9.0,,nar,2026-08-17,52.73,67.3,54.5,30.1,39.5,56.8,45.0,履歴少
202646081705,2026-08-17,5,ダズリングゲーム,6.0,6.0,田知弘久,55.0,,3.0,4.0,金沢,3歳B　4,3.0,3.0,金沢,3歳B　5,5.0,4.0,金沢,3歳B　3,3.0,7.0,金沢,春夏秋冬サラ生誕記念(3歳),3.0,7.0,金沢,3歳B　5特編(3歳5),35.0,7.0,,nar,2026-08-17,67.96,80.8,57.7,100.0,53.0,61.5,45.0,履歴少 / 安定感 / 市場オッズ妙味
202646081705,2026-08-17,5,ドリーマーズ,5.0,5.0,魚住謙心,55.0,,2.0,2.0,金沢,3歳B　4,7.0,14.0,2福島4,3歳未勝利,11.0,9.0,1新潟4,3歳未勝利,8.0,9.0,1小倉7,3歳未勝利,5.0,11.0,1小倉4,3歳未勝利,2.1,2.0,,nar,2026-08-17,59.95,58.3,64.8,40.7,84.5,61.0,45.0,履歴少 / 近走上向き
202644081705,2026-08-17,5,ニシノデフィレ,2.0,2.0,瀬川将輝,57.0,,11.0,14.0,大井,デネブ賞競走(B2),10.0,11.0,大井,B2四,8.0,11.0,大井,スポーツ報知賞競走(B1),10.0,10.0,大井,ジン・トニック賞(B2),10.0,16.0,大井,スピカ賞競走(B2),29.0,7.0,,nar,2026-08-17,42.52,28.7,66.6,0.0,41.0,64.8,45.0,履歴少 / 人気以上に走る傾向 / 市場オッズ妙味
202644081705,2026-08-17,5,ノーブルジーク,3.0,3.0,中山遥人,54.0,,9.0,8.0,大井,富士見坂賞競走(B3),13.0,11.0,大井,リキラリアット賞競走(B3),6.0,7.0,大井,新助坂賞競走(B3),8.0,11.0,大井,ミスアサヒロ賞競走(B3),13.0,9.0,大井,セレン賞競走(B3),57.1,8.0,,nar,2026-08-17,38.04,30.6,45.9,0.0,56.0,51.5,45.0,履歴少
202665081705,2026-08-17,5,ハゴロモディアナ,3.0,3.0,西謙一,580.0,,,,,,,,,,,,,,,,,,,,,,,,,nar,2026-08-17,36.0,35.0,35.0,35.0,35.0,35.0,45.0,履歴少
202665081705,2026-08-17,5,ヒゴサクラ,9.0,8.0,金田利貴,580.0,,,,,,,,,,,,,,,,,,,,,,,,,nar,2026-08-17,36.0,35.0,35.0,35.0,35.0,35.0,45.0,履歴少
202665081705,2026-08-17,5,ビューティーレディ,6.0,6.0,阿部優哉,580.0,,,,,,,,,,,,,,,,,,,,,,,,,nar,2026-08-17,36.0,35.0,35.0,35.0,35.0,35.0,45.0,履歴少
202665081705,2026-08-17,5,フェアリーブラック,10.0,8.0,長澤幸太,580.0,,,,,,,,,,,,,,,,,,,,,,,,,nar,2026-08-17,36.0,35.0,35.0,35.0,35.0,35.0,45.0,履歴少
202644081705,2026-08-17,5,ベイビークエスト,7.0,7.0,本田正重,56.0,,4.0,1.0,浦和,涼風特別(B2B3),15.0,12.0,大井,優駿スプリント競走(重賞),14.0,6.0,大井,ゲンマ賞競走(B2),8.0,4.0,船橋,ネクストスター東日本(重賞),1.0,8.0,大井,ジェムストーン賞競走(重賞),1.8,1.0,,nar,2026-08-17,43.65,39.9,28.3,40.7,83.0,45.4,45.0,履歴少 / 近走上向き
202665081705,2026-08-17,5,ホクセイタカボー,7.0,7.0,島津新,600.0,,,,,,,,,,,,,,,,,,,,,,,,,nar,2026-08-17,36.0,35.0,35.0,35.0,35.0,35.0,45.0,履歴少
202646081705,2026-08-17,5,ボンダイビーチ,4.0,4.0,沖静男,55.0,,5.0,3.0,金沢,3歳B　4,1.0,4.0,金沢,3歳B　7,3.0,2.0,金沢,3歳B　6,14.0,15.0,2東京5,3歳未勝利,6.0,7.0,笠松,赤坂宿特別(3歳),22.7,4.0,,nar,2026-08-17,59.76,68.4,51.3,75.1,56.0,57.6,45.0,履歴少 / 安定感 / 市場オッズ妙味
202644081705,2026-08-17,5,ポアゾンボス,1.0,1.0,杉山海波,54.0,,10.0,11.0,大井,デネブ賞競走(B2),8.0,12.0,船橋,半夏生スプリント(B2),4.0,8.0,船橋,ドレミダッシュ(A2),8.0,11.0,船橋,ベルフラワースプリン(B1B2),13.0,5.0,船橋,オーケストラダッシュ(B2B3),22.1,6.0,,nar,2026-08-17,46.29,41.3,61.9,19.8,39.5,58.9,45.0,履歴少 / 市場オッズ妙味
202665081705,2026-08-17,5,モカ,5.0,5.0,中村太陽,580.0,,,,,,,,,,,,,,,,,,,,,,,,,nar,2026-08-17,36.0,35.0,35.0,35.0,35.0,35.0,45.0,履歴少
202644081705,2026-08-17,5,リック,5.0,5.0,西優哉,49.0,,9.0,5.0,大井,3歳一　二三(3歳二),7.0,5.0,浦和,ユングフラウ賞(重賞),3.0,2.0,大井,六花賞(2歳),1.0,3.0,大井,しながわ水族館賞(2歳三),5.0,2.0,大井,駆け巡る新宿!馬の足(2歳),6.9,3.0,,nar,2026-08-17,45.83,62.1,36.5,44.7,20.0,53.0,45.0,履歴少
202644081705,2026-08-17,5,リュウノファウラー,6.0,6.0,和田譲治,57.0,,8.0,7.0,大井,デネブ賞競走(B2),9.0,4.0,船橋,オオカミ座ダッシュ(B2B3),7.0,6.0,大井,スピカ賞競走(B2),10.0,2.0,大井,東風賞競走(B2),4.0,4.0,大井,プリムラ賞競走(B2),9.0,4.0,,nar,2026-08-17,37.9,44.6,29.6,10.3,47.0,49.6,45.0,履歴少
202644081705,2026-08-17,5,ルソレイユ,4.0,4.0,藤田凌,57.0,,2.0,7.0,4阪神7,北摂特別(2勝クラス),11.0,10.0,2小倉6,雲仙特別(2勝クラス),12.0,15.0,1京都4,4歳以上2勝クラス,11.0,10.0,1小倉3,有田特別(2勝クラス),15.0,11.0,4新潟6,妙高特別(2勝クラス),3.6,2.0,,nar,2026-08-17,52.99,38.2,59.1,30.4,100.0,56.8,45.0,履歴少 / 近走上向き
202635081705,2026-08-17,5,ルミナヴァル,7.0,7.0,山本聡哉,55.0,,1.0,1.0,盛岡,C2,1.0,1.0,盛岡,C1,11.0,3.0,川崎,颯爽賞(C1),12.0,6.0,浦和,うどんとこいのぼりの(C1),4.0,5.0,川崎,青玉賞(C1),1.2,1.0,,nar,2026-08-17,55.96,68.9,33.5,65.7,86.0,42.3,45.0,履歴少 / 近走上向き / 安定感
202646081705,2026-08-17,5,レディアエラ,9.0,8.0,加藤翔馬,55.0,,5.0,6.0,金沢,3歳B　3,5.0,5.0,金沢,3歳B　3,7.0,10.0,金沢,祝!ゆっきー支店長就(3歳),8.0,8.0,金沢,3歳B　2,7.0,7.0,金沢,ブラックダイヤモンド(3歳),84.6,10.0,,nar,2026-08-17,56.47,59.7,56.3,55.3,60.5,56.1,45.0,履歴少
202644081705,2026-08-17,5,ロアリングルックス,8.0,8.0,西啓太,57.0,,13.0,11.0,大井,ロマンティックナイト(B1),10.0,6.0,大井,スポーツ報知賞競走(B1),13.0,12.0,大井,’26メトロポリタン(A2B1),7.0,6.0,大井,クンツァイト賞競走(A2),7.0,5.0,大井,サードニックス賞競走(B1),14.1,5.0,,nar,2026-08-17,29.99,21.9,34.9,0.0,27.5,54.8,45.0,履歴少 / 市場オッズ妙味
202635081705,2026-08-17,5,ヴィキャンデル,4.0,4.0,佐々木志,54.0,,9.0,2.0,盛岡,C2,2.0,4.0,盛岡,C2,3.0,1.0,盛岡,C2,2.0,5.0,盛岡,C2四組,5.0,4.0,水沢,C2四組,7.6,3.0,,nar,2026-08-17,51.3,70.9,38.2,69.6,14.0,55.4,45.0,履歴少 / 安定感
202665081706,2026-08-17,6,イワキゴールドマン,4.0,4.0,船山蔵人,600.0,,,,,,,,,,,,,,,,,,,,,,,,,nar,2026-08-17,36.0,35.0,35.0,35.0,35.0,35.0,45.0,履歴少
202665081706,2026-08-17,6,ウル,6.0,6.0,臼杵龍美,590.0,,,,,,,,,,,,,,,,,,,,,,,,,nar,2026-08-17,36.0,35.0,35.0,35.0,35.0,35.0,45.0,履歴少
202646081706,2026-08-17,6,ウレシイゴサン,3.0,3.0,松戸政也,57.0,,4.0,2.0,金沢,3歳A　3,1.0,2.0,金沢,イエローダイヤモンド(3歳),10.0,2.0,金沢,祝!ゆっきー支店長就(3歳),13.0,11.0,2東京12,3歳1勝クラス,14.0,4.0,1新潟8,3歳未勝利,53.7,7.0,,nar,2026-08-17,48.35,54.1,27.1,55.3,83.0,39.9,45.0,履歴少 / 近走上向き
202665081706,2026-08-17,6,エマパワー,1.0,1.0,鈴木恵介,580.0,,,,,,,,,,,,,,,,,,,,,,,,,nar,2026-08-17,36.0,35.0,35.0,35.0,35.0,35.0,45.0,履歴少
202646081706,2026-08-17,6,エルリオ,8.0,6.0,栗原大河,55.0,,4.0,4.0,金沢,スタールビー特別(3歳),6.0,4.0,金沢,イエローダイヤモンド(3歳),6.0,2.0,金沢,3歳A　4,5.0,3.0,金沢,あかねこちゃんねる五(3歳),10.0,2.0,金沢,3歳A　3,91.3,8.0,,nar,2026-08-17,49.43,62.7,33.1,45.0,66.5,43.1,45.0,履歴少 / 近走上向き
202644081706,2026-08-17,6,エロース,12.0,8.0,西啓太,56.0,,1.0,1.0,大井,C2六　七,5.0,4.0,大井,C2三　四五(C2四),8.0,2.0,大井,C2二　三四(C2三),2.0,2.0,大井,C2三　四五(C2四),1.0,1.0,大井,C2五　六,5.6,4.0,,nar,2026-08-17,61.61,79.8,40.0,80.2,68.0,52.8,45.0,履歴少 / 近走上向き / 安定感
202635081706,2026-08-17,6,オンザバサラ,5.0,5.0,村上忍,56.0,,5.0,1.0,盛岡,C2五組,3.0,3.0,盛岡,C2三組,3.0,6.0,盛岡,C2六組,2.0,1.0,水沢,C2六組,4.0,5.0,水沢,C2三組,3.6,1.0,,nar,2026-08-17,61.87,79.5,45.3,100.0,38.0,54.8,45.0,履歴少 / 安定感
202665081706,2026-08-17,6,カイロルーラー,10.0,8.0,島津新,580.0,,,,,,,,,,,,,,,,,,,,,,,,,nar,2026-08-17,36.0,35.0,35.0,35.0,35.0,35.0,45.0,履歴少
202665081706,2026-08-17,6,カネノキセキ,2.0,2.0,阿部武臣,600.0,,,,,,,,,,,,,,,,,,,,,,,,,nar,2026-08-17,36.0,35.0,35.0,35.0,35.0,35.0,45.0,履歴少
202646081706,2026-08-17,6,キトゥンズシルバー,10.0,7.0,米倉知,57.0,,2.0,2.0,金沢,3歳B　2,2.0,1.0,金沢,3歳B　2,1.0,2.0,金沢,3歳B　3,3.0,2.0,金沢,3歳B　6,14.0,5.0,3中山4,3歳未勝利,12.0,4.0,,nar,2026-08-17,64.31,82.9,42.1,89.7,68.0,54.1,45.0,履歴少 / 近走上向き / 安定感 / 市場オッズ妙味
202646081706,2026-08-17,6,キョウエイアート,11.0,8.0,中島龍也,57.0,,1.0,1.0,金沢,3歳B　4,1.0,1.0,金沢,海月雲ろあ1周年記念(3歳),14.0,15.0,3東京6,3歳未勝利,10.0,11.0,1東京4,3歳未勝利,11.0,13.0,1中山8,3歳未勝利,2.1,1.0,,nar,2026-08-17,60.84,61.5,53.9,55.3,98.0,55.8,45.0,履歴少 / 近走上向き
202665081706,2026-08-17,6,クリスタルジェンド,7.0,7.0,西謙一,600.0,,,,,,,,,,,,,,,,,,,,,,,,,nar,2026-08-17,36.0,35.0,35.0,35.0,35.0,35.0,45.0,履歴少
202646081706,2026-08-17,6,クリムゾンバースト,9.0,7.0,青柳正義,57.0,,1.0,2.0,金沢,ちーたん生誕1周年記(3歳),1.0,1.0,金沢,3歳B　7,10.0,11.0,3阪神2,3歳未勝利,11.0,11.0,1福島4,3歳未勝利,9.0,4.0,1京都3,3歳未勝利,5.8,3.0,,nar,2026-08-17,60.64,67.5,49.9,55.3,90.5,55.5,45.0,履歴少 / 近走上向き
202644081706,2026-08-17,6,クルーミーズクライ,11.0,8.0,和田譲治,56.0,,10.0,6.0,大井,アメリカンピーナッツ(C2七),4.0,8.0,大井,文の京賞(C1),8.0,11.0,大井,C1六　七,12.0,7.0,大井,ロイヤルナイト賞(C1六),8.0,3.0,大井,オフトひたちなか賞競(C1),39.5,9.0,,nar,2026-08-17,41.71,42.4,43.9,24.9,38.0,51.8,45.0,履歴少 / 市場オッズ妙味
202644081706,2026-08-17,6,グリューネベルグ,9.0,7.0,笹川翼,54.0,,2.0,1.0,大井,C2四　五六(C2五),1.0,1.0,大井,C2五　六,2.0,1.0,大井,C2九　十11(C2十),4.0,1.0,浦和,ツインサマー特別(3歳),4.0,4.0,1新潟6,3歳未勝利,4.0,1.0,,nar,2026-08-17,66.03,90.0,43.4,100.0,54.5,52.7,45.0,履歴少 / 安定感
202644081706,2026-08-17,6,コーゲンマース,5.0,5.0,千田洋,56.0,,9.0,11.0,大井,アメリカンピーナッツ(C2七),5.0,5.0,大井,C2三　四五(C2四),5.0,4.0,大井,C2三　四五(C2四),6.0,7.0,大井,C2三　四五(C2四),5.0,8.0,大井,C2二　三四(C2三),120.1,12.0,,nar,2026-08-17,51.79,57.1,56.1,55.0,27.5,56.8,45.0,履歴少
202646081706,2026-08-17,6,ゴールドソシアル,1.0,1.0,甲賀弘隆,55.0,,6.0,5.0,金沢,3歳B　2,4.0,8.0,金沢,3歳B　2,8.0,7.0,金沢,3歳A　4,4.0,11.0,金沢,イエローダイヤモンド(3歳),8.0,10.0,金沢,ブラックダイヤモンド(3歳),322.3,11.0,,nar,2026-08-17,55.85,61.5,62.1,39.5,50.0,60.6,45.0,履歴少
202644081706,2026-08-17,6,シタベッド,1.0,1.0,高橋昭平,56.0,,9.0,6.0,大井,C2三　四五(C2四),3.0,2.0,大井,C2三　四五(C2四),8.0,3.0,大井,C2三　四五(C2四),,,大井,C2三　四五(C2四),2.0,2.0,大井,C2二　三四(C2三),21.9,8.0,,nar,2026-08-17,42.42,58.6,32.4,35.3,22.0,49.0,45.0,履歴少 / 市場オッズ妙味
202644081706,2026-08-17,6,シンアルマトゥラ,3.0,3.0,中村尚平,56.0,,3.0,7.0,大井,アメリカンピーナッツ(C2七),2.0,3.0,大井,C2三　四五(C2四),3.0,8.0,大井,C2三　四五(C2四),7.0,5.0,大井,C2三　四五(C2四),4.0,9.0,大井,C2二　三四(C2三),16.9,7.0,,nar,2026-08-17,70.38,80.5,68.7,85.4,56.0,70.5,45.0,履歴少 / 人気以上に走る傾向 / 安定感 / 過小評価傾向
202635081706,2026-08-17,6,セラトーン,1.0,1.0,小林凌,56.0,,6.0,6.0,盛岡,C2五組,4.0,6.0,盛岡,C2五組,7.0,9.0,盛岡,C2四組,9.0,9.0,盛岡,C2五組,6.0,10.0,水沢,C2三組,28.3,6.0,,nar,2026-08-17,53.15,58.9,59.1,24.9,53.0,61.5,45.0,履歴少 / 市場オッズ妙味
202646081706,2026-08-17,6,ダイバーシティ,4.0,4.0,田知弘久,57.0,,,,金沢,3歳B　2,2.0,1.0,金沢,3歳B　3,3.0,3.0,金沢,祝!ゆっきー支店長就(3歳),1.0,2.0,金沢,3歳B　5,6.0,1.0,金沢,3歳B　3,38.1,6.0,,nar,2026-08-17,60.65,86.7,43.8,59.3,58.0,52.2,45.0,履歴少 / 市場オッズ妙味
202635081706,2026-08-17,6,ツワモノ,2.0,2.0,高松亮,56.0,,3.0,3.0,盛岡,C2三組,2.0,3.0,盛岡,C2五組,11.0,4.0,盛岡,C2三組,1.0,7.0,水沢,C2三組,8.0,3.0,水沢,C2三組,3.9,4.0,,nar,2026-08-17,58.78,71.6,44.6,69.9,65.0,52.5,45.0,履歴少 / 近走上向き / 安定感
202635081706,2026-08-17,6,ティーライトニング,3.0,3.0,関本玲花,54.0,,4.0,5.0,盛岡,C2五組,5.0,2.0,盛岡,C2四組,6.0,4.0,盛岡,C2五組,3.0,3.0,水沢,C2四組,4.0,4.0,水沢,C2三組,7.6,5.0,,nar,2026-08-17,59.09,72.0,44.1,80.2,53.0,56.0,45.0,履歴少 / 安定感
202644081706,2026-08-17,6,トーアナカヨシ,10.0,7.0,達城龍次,54.0,,4.0,8.0,大井,C2三　四五(C2四),5.0,7.0,大井,C1八　九,13.0,9.0,大井,C1八　九,6.0,9.0,大井,アフター・ディナー賞(C1),12.0,10.0,大井,START!賞競走(C1),13.4,6.0,,nar,2026-08-17,57.73,50.8,58.1,55.3,80.0,63.0,45.0,履歴少 / 近走上向き / 市場オッズ妙味
202646081706,2026-08-17,6,ニャンキニーズ,5.0,5.0,沖静男,57.0,,4.0,7.0,金沢,3歳B　2,6.0,5.0,金沢,3歳B　2,10.0,10.0,金沢,3歳A　4,8.0,9.0,金沢,イエローダイヤモンド(3歳),11.0,6.0,金沢,3歳A　3,253.5,10.0,,nar,2026-08-17,51.95,52.1,52.0,30.4,78.5,52.2,45.0,履歴少 / 近走上向き
202646081706,2026-08-17,6,ハンターワディー,12.0,8.0,浅野登生,52.0,,3.0,1.0,金沢,3歳B　2,1.0,2.0,金沢,3歳B　5,3.0,3.0,金沢,3歳B　4,3.0,5.0,金沢,3歳B　5,2.0,1.0,金沢,3歳B　5特編(3歳5),15.7,5.0,,nar,2026-08-17,67.18,88.8,48.8,100.0,45.5,61.7,45.0,履歴少 / 安定感 / 市場オッズ妙味
202635081706,2026-08-17,6,バイオレットモーヴ,6.0,6.0,高橋悠里,54.0,,5.0,9.0,盛岡,C2五組,7.0,8.0,盛岡,C2五組,7.0,9.0,盛岡,C2五組,6.0,6.0,盛岡,街を守る盛岡市消防団(C2),6.0,8.0,盛岡,C2五組,41.0,7.0,,nar,2026-08-17,55.88,58.9,64.5,30.4,59.0,62.1,45.0,履歴少 / 市場オッズ妙味
202646081706,2026-08-17,6,バランソワール,7.0,6.0,加藤翔馬,55.0,,11.0,7.0,2福島7,3歳未勝利,8.0,3.0,1福島6,3歳未勝利,7.0,3.0,1小倉6,3歳未勝利,2.0,5.0,3福島3,2歳未勝利,7.0,1.0,3新潟4,2歳未勝利,2.7,2.0,,nar,2026-08-17,33.93,46.1,26.0,14.6,20.0,43.8,45.0,履歴少
202646081706,2026-08-17,6,ファイヤーナイフ,2.0,2.0,吉田晃浩,57.0,,8.0,9.0,金沢,3歳A　3,9.0,9.0,金沢,星奈ちゃん1歳お誕生(3歳),9.0,10.0,金沢,3歳A　3,8.0,8.0,金沢,あかねこちゃんねる五(3歳),4.0,11.0,金沢,3歳A　3,358.2,12.0,,nar,2026-08-17,45.99,43.7,58.6,10.3,47.0,59.4,45.0,履歴少
202644081706,2026-08-17,6,ファーストフォルテ,7.0,6.0,藤本現暉,56.0,,11.0,9.0,大井,C2三　四五(C2四),12.0,9.0,大井,フロリダ賞(C1),,,大井,赤坂見附特別競走(C1),7.0,9.0,大井,小石川見附特別競走(C1),3.0,9.0,大井,C1七　八,58.5,10.0,,nar,2026-08-17,36.84,31.6,46.1,10.3,28.0,55.9,45.0,履歴少
202644081706,2026-08-17,6,フロントドア,4.0,4.0,鷹見陸,56.0,,8.0,9.0,大井,アメリカンピーナッツ(C2七),8.0,12.0,大井,フロリダ賞(C1),4.0,6.0,大井,C2三　四五(C2四),6.0,9.0,大井,上野の山で芸術満喫台(C2二),4.0,6.0,大井,C2三　四五(C2四),74.5,11.0,,nar,2026-08-17,52.49,56.0,66.4,30.1,35.0,61.3,45.0,履歴少 / 人気以上に走る傾向
202665081706,2026-08-17,6,ブラックチャーム,8.0,7.0,林康文,580.0,,,,,,,,,,,,,,,,,,,,,,,,,nar,2026-08-17,36.0,35.0,35.0,35.0,35.0,35.0,45.0,履歴少
202665081706,2026-08-17,6,ホクセイジュリア,3.0,3.0,今井千尋,570.0,,,,,,,,,,,,,,,,,,,,,,,,,nar,2026-08-17,36.0,35.0,35.0,35.0,35.0,35.0,45.0,履歴少
202665081706,2026-08-17,6,ホクセイノチカラ,9.0,8.0,西将太,600.0,,,,,,,,,,,,,,,,,,,,,,,,,nar,2026-08-17,36.0,35.0,35.0,35.0,35.0,35.0,45.0,履歴少
202635081706,2026-08-17,6,ポンテドラーゴ,7.0,7.0,大坪慎,56.0,,3.0,4.0,盛岡,C2六組,4.0,4.0,盛岡,C2三組,8.0,9.0,盛岡,ジュライC(B2),10.0,12.0,盛岡,浜木綿賞(B1),8.0,1.0,水沢,C2五組,3.8,3.0,,nar,2026-08-17,57.32,61.8,50.5,55.3,77.0,53.7,45.0,履歴少 / 近走上向き
202665081706,2026-08-17,6,ヤマトリキ,5.0,5.0,金田利貴,600.0,,,,,,,,,,,,,,,,,,,,,,,,,nar,2026-08-17,36.0,35.0,35.0,35.0,35.0,35.0,45.0,履歴少
202644081706,2026-08-17,6,リバイブメイラード,8.0,6.0,西優哉,53.0,,1.0,3.0,大井,C2九　十,3.0,7.0,大井,ヘラクレス座特別競走(C2),1.0,5.0,大井,C2九　十11(C2十),4.0,3.0,大井,C211　1213(C212),2.0,3.0,大井,C215　16,4.5,3.0,,nar,2026-08-17,74.01,91.7,66.5,100.0,59.0,62.9,45.0,履歴少 / 人気以上に走る傾向 / 安定感
202635081706,2026-08-17,6,レベチアミーゴ,4.0,4.0,南郷家全,56.0,,2.0,2.0,盛岡,C2五組,3.0,3.0,盛岡,C2五組,6.0,4.0,盛岡,C2五組,,,盛岡,C2六組,7.0,1.0,水沢,C2四組,3.8,2.0,,nar,2026-08-17,58.11,77.4,41.7,55.3,70.0,49.2,45.0,履歴少 / 近走上向き
202646081706,2026-08-17,6,ロードエルドラド,6.0,5.0,柴田勇真,57.0,,2.0,8.0,金沢,3歳B　2,7.0,6.0,金沢,3歳B　2,10.0,5.0,金沢,イエローダイヤモンド(3歳),11.0,5.0,金沢,3歳A　3,7.0,3.0,金沢,咲希9歳!里咲はもう(3歳),103.6,9.0,,nar,2026-08-17,51.74,54.7,45.1,30.4,90.5,47.0,45.0,履歴少 / 近走上向き
202644081706,2026-08-17,6,ワールドフォンテン,2.0,2.0,杉山海波,53.0,,1.0,3.0,大井,C211　1213(C212),2.0,5.0,大井,C2六　七,4.0,1.0,大井,C2九　十11(C2十),6.0,4.0,大井,C2九　十,1.0,4.0,大井,C212　1314(C213),8.6,5.0,,nar,2026-08-17,68.72,87.4,55.5,85.4,63.5,61.1,45.0,履歴少 / 安定感
202644081706,2026-08-17,6,ヴォーグアルタイル,6.0,5.0,本田正重,56.0,,1.0,2.0,大井,C2六　七八(C2七),3.0,2.0,大井,C2七　八九(C2八),2.0,2.0,大井,C2十　1112(C211),2.0,1.0,大井,C214　15,1.0,1.0,大井,C3二　三,4.2,2.0,,nar,2026-08-17,68.94,93.3,49.4,100.0,56.0,55.5,45.0,履歴少 / 安定感
202665081707,2026-08-17,7,アグライア,1.0,1.0,今井千尋,580.0,,,,,,,,,,,,,,,,,,,,,,,,,nar,2026-08-17,36.0,35.0,35.0,35.0,35.0,35.0,45.0,履歴少
202665081707,2026-08-17,7,アラキオー,5.0,5.0,中村太陽,610.0,,,,,,,,,,,,,,,,,,,,,,,,,nar,2026-08-17,36.0,35.0,35.0,35.0,35.0,35.0,45.0,履歴少
202644081707,2026-08-17,7,アリアケグレイト,10.0,7.0,町田直希,54.0,,4.0,12.0,大井,3歳六　七,8.0,12.0,大井,3歳四　五六(3歳五),10.0,12.0,大井,3歳四　五六(3歳五),10.0,13.0,大井,3歳四　五,10.0,9.0,大井,3歳六　七八(3歳七),68.0,11.0,,nar,2026-08-17,59.08,46.6,79.1,30.4,83.0,63.9,45.0,履歴少 / 人気以上に走る傾向 / 近走上向き
202646081707,2026-08-17,7,イヌボウノユウヒ,5.0,5.0,青柳正義,55.0,,7.0,7.0,金沢,加賀山中賞(未勝利)(3歳牝馬),5.0,8.0,金沢,3歳A　2,6.0,5.0,金沢,3歳A　3,1.0,3.0,金沢,イエローダイヤモンド(3歳),9.0,10.0,金沢,3歳A　3,140.1,7.0,,nar,2026-08-17,53.13,62.9,56.6,39.5,39.5,56.8,45.0,履歴少
202646081707,2026-08-17,7,ウェルックス,10.0,8.0,柴田勇真,57.0,,7.0,8.0,金沢,3歳A　3,8.0,5.0,金沢,星奈ちゃん1歳お誕生(3歳),4.0,6.0,金沢,3歳A　3,5.0,4.0,金沢,3歳A　2,6.0,9.0,金沢,3歳A　3,176.3,9.0,,nar,2026-08-17,49.8,57.9,50.8,34.3,42.5,54.8,45.0,履歴少
202646081707,2026-08-17,7,ウルダ,2.0,2.0,甲賀弘隆,55.0,,1.0,2.0,金沢,3歳B　3,1.0,1.0,金沢,帝統くんお誕生日おめ(3歳),2.0,1.0,金沢,3歳B　7,13.0,15.0,3京都5,3歳未勝利,14.0,15.0,3京都4,3歳未勝利,15.6,4.0,,nar,2026-08-17,66.68,74.1,53.5,75.1,89.0,63.6,45.0,履歴少 / 近走上向き / 安定感 / 市場オッズ妙味
202644081707,2026-08-17,7,エスクラス,5.0,5.0,藤本現暉,54.0,,10.0,5.0,大井,3歳一　二三(3歳二),1.0,2.0,大井,3歳九　十,8.0,5.0,門別,ブロッサムカップ〔H(重賞),8.0,3.0,門別,2歳3組,3.0,1.0,門別,2歳3組,16.7,7.0,,nar,2026-08-17,41.86,57.2,30.4,35.3,20.0,52.9,45.0,履歴少 / 市場オッズ妙味
202635081707,2026-08-17,7,エムティヒビキ,5.0,5.0,小林凌,56.0,,4.0,5.0,盛岡,C2四組,1.0,5.0,盛岡,C2八組,7.0,10.0,盛岡,C2六組,9.0,11.0,盛岡,C2六組,10.0,2.0,盛岡,C2七組,47.9,6.0,,nar,2026-08-17,60.07,66.4,59.5,55.3,66.5,57.6,45.0,履歴少 / 近走上向き / 市場オッズ妙味
202665081707,2026-08-17,7,キタサカエヒメコ,6.0,6.0,鈴木恵介,590.0,,,,,,,,,,,,,,,,,,,,,,,,,nar,2026-08-17,36.0,35.0,35.0,35.0,35.0,35.0,45.0,履歴少
202635081707,2026-08-17,7,キャビネットバトル,4.0,4.0,鈴木祐,56.0,,4.0,3.0,盛岡,C2四組,2.0,6.0,盛岡,C2四組,8.0,2.0,盛岡,C2四組,5.0,1.0,水沢,C2三組,6.0,4.0,水沢,C2一組,26.9,5.0,,nar,2026-08-17,56.53,70.8,41.0,69.9,57.5,50.5,45.0,履歴少 / 安定感 / 市場オッズ妙味
202646081707,2026-08-17,7,ゴーゴーパワー,1.0,1.0,平瀬城久,57.0,,5.0,4.0,金沢,3歳A　3,4.0,6.0,金沢,星奈ちゃん1歳お誕生(3歳),3.0,5.0,金沢,3歳A　4,2.0,2.0,金沢,イエローダイヤモンド(3歳),6.0,5.0,金沢,ブラックダイヤモンド(3歳),161.7,8.0,,nar,2026-08-17,62.08,75.8,53.4,89.7,42.5,54.8,45.0,履歴少 / 安定感
202635081707,2026-08-17,7,シックザイン,3.0,3.0,村上忍,56.0,,1.0,1.0,水沢,C1五組,1.0,1.0,水沢,C2四組,3.0,3.0,水沢,B2一組,10.0,16.0,3福島5,福島放送賞(2勝クラス),8.0,16.0,4中山2,浦安特別(2勝クラス),1.2,1.0,,nar,2026-08-17,68.54,80.5,61.9,75.1,77.0,59.9,45.0,履歴少 / 近走上向き / 安定感
202646081707,2026-08-17,7,シルヴァバローズ,6.0,6.0,松戸政也,55.0,,7.0,10.0,金沢,3歳A　2,7.0,11.0,金沢,兼六園スプリント(重賞),6.0,8.0,金沢,3歳A　2,7.0,10.0,金沢,加賀九谷賞(未勝利)(3歳牝馬),6.0,9.0,金沢,3歳A　2,735.9,10.0,,nar,2026-08-17,51.36,54.4,71.4,0.0,47.0,63.2,45.0,履歴少 / 人気以上に走る傾向
202646081707,2026-08-17,7,ジェネチェン,9.0,8.0,米倉知,55.0,,6.0,6.0,金沢,3歳A　2,10.0,5.0,金沢,3歳A　2,1.0,2.0,金沢,バロックパール特別(3歳),6.0,1.0,金沢,イエローダイヤモンド(3歳),2.0,2.0,金沢,ブラックダイヤモンド(3歳),84.3,6.0,,nar,2026-08-17,46.6,63.2,37.6,30.1,42.5,47.7,45.0,履歴少
202644081707,2026-08-17,7,スクラッチクラッチ,6.0,5.0,高橋優,51.0,,,,大井,3歳一　二三(3歳二),12.0,12.0,大井,3歳一　二三(3歳二),8.0,9.0,大井,3歳一　二三(3歳二),10.0,11.0,大井,3歳　選抜牝馬,6.0,6.0,大井,3歳一　二三(3歳二),91.4,12.0,,nar,2026-08-17,37.0,31.6,53.5,0.0,26.0,55.1,45.0,履歴少
202646081707,2026-08-17,7,スズランクイーン,4.0,4.0,栗原大河,55.0,,2.0,3.0,金沢,星奈ちゃん1歳お誕生(3歳),2.0,3.0,金沢,3歳A　4,4.0,4.0,金沢,あかねこちゃんねる五(3歳),8.0,8.0,金沢,3歳A　3,2.0,2.0,金沢,3歳A　3,28.3,5.0,,nar,2026-08-17,66.1,81.8,53.9,85.4,62.0,57.6,45.0,履歴少 / 安定感 / 市場オッズ妙味
202635081707,2026-08-17,7,セレスチャルホープ,1.0,1.0,山本聡哉,54.0,,5.0,1.0,水沢,C1六組,5.0,1.0,水沢,C1四組,1.0,1.0,盛岡,C2三組,1.0,1.0,水沢,C2六組,8.0,5.0,大井,C216　17,3.9,2.0,,nar,2026-08-17,56.35,76.5,32.3,89.7,42.5,48.6,45.0,履歴少 / 安定感
202644081707,2026-08-17,7,ディアモアー,9.0,7.0,達城龍次,54.0,,4.0,8.0,大井,3歳一　二三(3歳二),5.0,6.0,大井,夏椿特別競走(3歳),6.0,10.0,大井,3歳一　二三(3歳二),2.0,5.0,大井,3歳四　五,8.0,7.0,大井,3歳四　五,8.0,5.0,,nar,2026-08-17,64.94,69.9,68.1,69.9,57.5,66.0,45.0,履歴少 / 人気以上に走る傾向 / 安定感 / 過小評価傾向
202665081707,2026-08-17,7,トップエミー,8.0,7.0,菊池一樹,590.0,,,,,,,,,,,,,,,,,,,,,,,,,nar,2026-08-17,36.0,35.0,35.0,35.0,35.0,35.0,45.0,履歴少
202644081707,2026-08-17,7,トビーンズ,3.0,3.0,千田洋,54.0,,8.0,7.0,大井,明星賞競走(B2),3.0,5.0,大井,3歳四　五六(3歳五),3.0,5.0,大井,3歳七　八九(3歳八),4.0,8.0,大井,3歳六　七八(3歳七),5.0,9.0,大井,3歳九　十11(3歳十),47.0,10.0,,nar,2026-08-17,58.67,69.0,61.1,69.6,24.5,63.4,45.0,履歴少 / 安定感 / 市場オッズ妙味
202646081707,2026-08-17,7,ニャンタロウ,3.0,3.0,加藤翔馬,57.0,,1.0,1.0,金沢,3歳A　2,8.0,8.0,3東京5,3歳以上1勝クラス,15.0,13.0,1新潟1,わらび賞(1勝クラス),10.0,9.0,1中山8,3歳1勝クラス,8.0,13.0,5中山4,2歳1勝クラス,1.9,1.0,,nar,2026-08-17,53.67,50.0,49.8,30.4,100.0,54.0,45.0,履歴少 / 近走上向き
202635081707,2026-08-17,7,ハクアイドリーム,7.0,7.0,岩本怜,56.0,,8.0,9.0,盛岡,C2四組,9.0,9.0,盛岡,C2三組,7.0,8.0,盛岡,C2二組,7.0,9.0,盛岡,C2二組,10.0,8.0,盛岡,C2二組,207.7,8.0,,nar,2026-08-17,43.41,43.1,54.1,0.0,51.5,54.8,45.0,履歴少
202644081707,2026-08-17,7,ハッチン,8.0,6.0,矢野貴之,54.0,,,,大井,3歳一　二三(3歳二),6.0,5.0,大井,3歳　選抜牝馬,3.0,1.0,大井,3歳四　五,4.0,5.0,大井,マーガレット特別競走(3歳二),3.0,2.0,大井,3歳四　五六(3歳五),5.6,4.0,,nar,2026-08-17,52.82,73.7,43.9,44.7,34.0,54.9,45.0,履歴少
202635081707,2026-08-17,7,ハッピーグローリー,6.0,6.0,斉藤友香,50.0,,1.0,5.0,盛岡,C2七組,7.0,9.0,盛岡,C2七組,8.0,6.0,盛岡,C2六組,10.0,4.0,盛岡,C2六組,7.0,9.0,盛岡,C2六組,18.8,3.0,,nar,2026-08-17,58.22,61.5,54.6,30.4,92.0,62.2,45.0,履歴少 / 近走上向き / 市場オッズ妙味
202644081707,2026-08-17,7,ハヤマデイズ,1.0,1.0,田中洸多,54.0,,7.0,11.0,大井,3歳一　二三(3歳二),7.0,9.0,大井,夏椿特別競走(3歳),9.0,11.0,大井,3歳一　二三(3歳二),9.0,9.0,大井,3歳　選抜牝馬,8.0,7.0,大井,3歳一　二三(3歳二),29.2,9.0,,nar,2026-08-17,48.08,45.7,64.0,0.0,57.5,60.9,45.0,履歴少 / 市場オッズ妙味
202665081707,2026-08-17,7,パワーウンカイ,9.0,8.0,阿部武臣,610.0,,,,,,,,,,,,,,,,,,,,,,,,,nar,2026-08-17,36.0,35.0,35.0,35.0,35.0,35.0,45.0,履歴少
202665081707,2026-08-17,7,ビエイニトドケ,4.0,4.0,長澤幸太,610.0,,,,,,,,,,,,,,,,,,,,,,,,,nar,2026-08-17,36.0,35.0,35.0,35.0,35.0,35.0,45.0,履歴少
202646081707,2026-08-17,7,ピアス,8.0,7.0,中島龍也,55.0,,1.0,1.0,金沢,3歳B　2,,,1函館2,3歳未勝利,9.0,2.0,1新潟2,3歳未勝利,5.0,1.0,1福島1,3歳未勝利,5.0,9.0,1中京1,3歳未勝利,3.3,2.0,,nar,2026-08-17,56.73,72.5,35.5,55.3,82.0,49.4,45.0,履歴少 / 近走上向き
202635081707,2026-08-17,7,フークアーデル,8.0,8.0,関本玲花,54.0,,6.0,5.0,盛岡,C2四組,7.0,6.0,盛岡,C2三組,8.0,8.0,盛岡,C2三組,7.0,8.0,水沢,C2一組,8.0,7.0,水沢,C2一組,61.7,7.0,,nar,2026-08-17,44.6,52.0,46.4,0.0,59.0,52.2,45.0,履歴少
202646081707,2026-08-17,7,ブエノスオプティマ,7.0,7.0,吉田晃浩,55.0,,1.0,1.0,金沢,スタールビー特別(3歳),10.0,9.0,1函館9,3歳未勝利,3.0,6.0,1新潟6,3歳未勝利,5.0,4.0,1福島4,3歳未勝利,12.0,1.0,1小倉2,3歳未勝利,3.5,3.0,,nar,2026-08-17,58.44,65.1,43.4,64.7,89.0,48.8,45.0,履歴少 / 近走上向き / 安定感
202644081707,2026-08-17,7,ペニーファウンテン,12.0,8.0,笹川翼,54.0,,1.0,2.0,大井,3歳四　五六(3歳五),6.0,4.0,大井,3歳四　五,7.0,3.0,大井,’26桃花賞(OP)(3歳),1.0,1.0,大井,3歳八　九,4.0,1.0,大井,2歳　新馬(新馬),5.1,2.0,,nar,2026-08-17,58.58,78.1,40.9,55.3,71.0,51.7,45.0,履歴少 / 近走上向き
202665081707,2026-08-17,7,ホクセイゴールド,3.0,3.0,渡来心路,610.0,,,,,,,,,,,,,,,,,,,,,,,,,nar,2026-08-17,36.0,35.0,35.0,35.0,35.0,35.0,45.0,履歴少
202644081707,2026-08-17,7,ボワヴェール,11.0,8.0,安藤洋一,54.0,,8.0,9.0,大井,3歳一　二三(3歳二),8.0,4.0,大井,3歳一　二三(3歳二),4.0,3.0,大井,牡丹特別競走(3歳二),3.0,1.0,大井,3歳六　七八(3歳七),2.0,5.0,大井,カナリア特別競走(2歳),10.1,6.0,,nar,2026-08-17,48.91,61.1,43.9,44.7,27.5,57.9,45.0,履歴少
202644081707,2026-08-17,7,ボンヴィアッジョ,7.0,6.0,野畑凌,54.0,,9.0,7.0,大井,3歳一　二三(3歳二),11.0,4.0,大井,3歳一　二三(3歳二),1.0,1.0,大井,3歳七　八九(3歳八),3.0,1.0,金沢,若い力特別(3歳),2.0,1.0,金沢,3歳A　2,16.8,8.0,,nar,2026-08-17,43.78,57.4,30.8,44.7,21.5,56.2,45.0,履歴少 / 市場オッズ妙味
202665081707,2026-08-17,7,マルホンポナ,2.0,2.0,中原蓮,590.0,,,,,,,,,,,,,,,,,,,,,,,,,nar,2026-08-17,36.0,35.0,35.0,35.0,35.0,35.0,45.0,履歴少
202665081707,2026-08-17,7,ミサキビクトリー,10.0,8.0,大友一馬,590.0,,,,,,,,,,,,,,,,,,,,,,,,,nar,2026-08-17,36.0,35.0,35.0,35.0,35.0,35.0,45.0,履歴少
202665081707,2026-08-17,7,ムツアラシ,7.0,7.0,臼杵龍美,600.0,,,,,,,,,,,,,,,,,,,,,,,,,nar,2026-08-17,36.0,35.0,35.0,35.0,35.0,35.0,45.0,履歴少
202644081707,2026-08-17,7,ラストラブラブ,2.0,2.0,吉井章,54.0,,2.0,4.0,大井,3歳一　二三(3歳二),7.0,10.0,大井,3歳一　二三(3歳二),2.0,6.0,大井,3歳四　五六(3歳五),7.0,10.0,大井,3歳　選抜牝馬,5.0,6.0,大井,2歳二　三,3.7,1.0,,nar,2026-08-17,66.21,73.7,68.8,60.5,69.5,64.0,45.0,履歴少 / 人気以上に走る傾向 / 近走上向き / 安定感
202635081707,2026-08-17,7,リュウノアラス,2.0,2.0,山本聡紀,56.0,,4.0,6.0,盛岡,C2四組,7.0,5.0,盛岡,C2四組,7.0,8.0,水沢,C1三組,9.0,12.0,水沢,岩手伝統工芸秀衡塗賞(C1),9.0,9.0,水沢,C1一組,23.4,4.0,,nar,2026-08-17,54.01,55.3,55.2,30.4,74.0,58.9,45.0,履歴少 / 近走上向き / 市場オッズ妙味
202644081707,2026-08-17,7,ローズプリンセス,4.0,4.0,藤田凌,54.0,,,,大井,3歳一　二三(3歳二),11.0,6.0,2東京9,3歳未勝利,12.0,5.0,1福島2,3歳未勝利,16.0,2.0,1中山7,3歳未勝利,5.0,1.0,3福島5,2歳未勝利,5.5,3.0,,nar,2026-08-17,22.13,20.7,0.0,10.3,50.0,32.9,45.0,履歴少
202665081708,2026-08-17,8,アオニシキ,8.0,8.0,菊池一樹,520.0,,,,,,,,,,,,,,,,,,,,,,,,,nar,2026-08-17,36.0,35.0,35.0,35.0,35.0,35.0,45.0,履歴少
202646081708,2026-08-17,8,アメジストロード,3.0,3.0,吉原寛人,56.0,,1.0,1.0,金沢,金沢城鼠多門賞【サラ(重賞),1.0,1.0,金沢,3歳A　4,1.0,1.0,金沢,3歳B　4,6.0,6.0,3京都11,3歳未勝利,5.0,12.0,3京都7,3歳未勝利,1.6,1.0,,nar,2026-08-17,68.94,90.9,55.1,85.4,63.5,56.6,45.0,履歴少 / 安定感
202644081708,2026-08-17,8,ウイングウインド,11.0,7.0,田中洸多,56.0,,10.0,11.0,大井,ストーン・フェンス賞(C2七),5.0,5.0,大井,ロバート・バーンズ賞(C2七),4.0,2.0,大井,C2五　六,2.0,5.0,大井,C2七　八九(C2八),2.0,4.0,大井,コモドール賞(C211),18.0,8.0,,nar,2026-08-17,54.0,63.4,53.9,69.6,9.5,66.6,45.0,履歴少 / 安定感 / 過小評価傾向 / 市場オッズ妙味
202644081708,2026-08-17,8,ウエストリーダー,12.0,8.0,野畑凌,56.0,,1.0,1.0,大井,U.S.ターキー賞(C2七),12.0,4.0,大井,C2三　四五(C2四),4.0,2.0,大井,オリオンザサンクス賞(C1),1.0,1.0,大井,C2二　三四(C2三),1.0,1.0,大井,C2五　六七(C2六),2.4,1.0,,nar,2026-08-17,57.16,73.3,33.3,75.1,71.0,47.2,45.0,履歴少 / 近走上向き / 安定感
202644081708,2026-08-17,8,エクラシェール,13.0,8.0,藤田凌,56.0,,9.0,11.0,大井,C2三　四五(C2四),8.0,8.0,大井,C1八　九,13.0,12.0,大井,C1七　八,9.0,10.0,大井,センリョウ賞(C1),7.0,11.0,大井,アクダクト賞(C1),36.0,11.0,,nar,2026-08-17,42.07,33.3,56.8,0.0,51.5,60.2,45.0,履歴少 / 市場オッズ妙味
202646081708,2026-08-17,8,オンリーモーガン,2.0,2.0,鈴木太一,55.0,,8.0,9.0,金沢,能登復興支援須須神社(B1特別),5.0,5.0,金沢,miCometビジネ(B1),11.0,11.0,金沢,能登復興支援宝達葛特(B2),8.0,8.0,金沢,B14,9.0,8.0,金沢,B14,391.2,9.0,,nar,2026-08-17,45.93,44.4,51.4,24.9,51.5,53.5,45.0,履歴少
202665081708,2026-08-17,8,カイウンセンショウ,2.0,2.0,中村太陽,520.0,,,,,,,,,,,,,,,,,,,,,,,,,nar,2026-08-17,36.0,35.0,35.0,35.0,35.0,35.0,45.0,履歴少
202635081708,2026-08-17,8,カレンザブーケ,8.0,8.0,関本玲花,52.0,,5.0,8.0,盛岡,C1四組,11.0,10.0,盛岡,C1四組,9.0,11.0,盛岡,C2一組,11.0,8.0,盛岡,C2一組,1.0,2.0,水沢,C2四組,8.6,5.0,,nar,2026-08-17,52.11,46.0,55.1,40.7,68.0,60.5,45.0,履歴少 / 近走上向き
202644081708,2026-08-17,8,キテツ,10.0,7.0,吉井章,56.0,,9.0,4.0,大井,U.S.ターキー賞(C2七),8.0,3.0,大井,C2三　四五(C2四),3.0,3.0,大井,C2三　四五(C2四),3.0,3.0,大井,バンブー賞(C2五),4.0,4.0,大井,C2六　七,9.8,6.0,,nar,2026-08-17,43.84,58.6,30.6,44.7,23.0,53.2,45.0,履歴少
202665081708,2026-08-17,8,クリスタルソウル,3.0,3.0,西謙一,520.0,,,,,,,,,,,,,,,,,,,,,,,,,nar,2026-08-17,36.0,35.0,35.0,35.0,35.0,35.0,45.0,履歴少
202644081708,2026-08-17,8,クレイジーフルーツ,5.0,4.0,谷内貫太,53.0,,8.0,8.0,大井,ジン・フィズ賞(C2四),8.0,10.0,大井,C1九　十,5.0,10.0,大井,C1八　九,4.0,9.0,大井,C1八　九,10.0,13.0,大井,C1六　七八(C1七),30.9,9.0,,nar,2026-08-17,53.7,51.8,67.7,34.3,42.5,66.0,45.0,履歴少 / 人気以上に走る傾向 / 過小評価傾向 / 市場オッズ妙味
202635081708,2026-08-17,8,コルヴィーナ,1.0,1.0,山本聡紀,54.0,,3.0,7.0,盛岡,C1,6.0,6.0,盛岡,C1,10.0,3.0,盛岡,C1四組,4.0,4.0,水沢,C1,6.0,5.0,水沢,ハイドランジア賞(C1),6.3,3.0,,nar,2026-08-17,55.42,63.3,48.1,45.0,71.0,55.2,45.0,履歴少 / 近走上向き
202665081708,2026-08-17,8,ゴールドタカラ,7.0,7.0,島津新,520.0,,,,,,,,,,,,,,,,,,,,,,,,,nar,2026-08-17,36.0,35.0,35.0,35.0,35.0,35.0,45.0,履歴少
202644081708,2026-08-17,8,シストロン,8.0,6.0,東原悠善,54.0,,10.0,12.0,大井,クレイジーソルト賞(C2七),14.0,14.0,大井,C2三　四五(C2四),8.0,12.0,大井,C2三　四五(C2四),12.0,12.0,大井,C2三　四五(C2四),9.0,10.0,大井,ジン・バック賞(C2三),206.3,13.0,,nar,2026-08-17,40.04,22.7,60.5,0.0,54.5,58.1,45.0,履歴少
202646081708,2026-08-17,8,セブンメイクハピー,9.0,8.0,柴田勇真,57.0,,1.0,1.0,金沢,油断大敵水分補給を忘(B2),2.0,3.0,金沢,さわやかさやか賞(C1),3.0,2.0,金沢,白山手取川ジオパーク(C1),2.0,2.0,金沢,C14,3.0,3.0,金沢,C15,44.2,4.0,,nar,2026-08-17,69.32,92.0,50.4,100.0,59.0,56.3,45.0,履歴少 / 安定感 / 市場オッズ妙味
202665081708,2026-08-17,8,ゼウススピード,9.0,8.0,赤塚健仁,520.0,,,,,,,,,,,,,,,,,,,,,,,,,nar,2026-08-17,36.0,35.0,35.0,35.0,35.0,35.0,45.0,履歴少
202635081708,2026-08-17,8,ティラージュ,6.0,6.0,小林凌,54.0,,10.0,11.0,盛岡,C1,9.0,10.0,盛岡,C1,9.0,7.0,盛岡,C1,8.0,9.0,水沢,祝30周年!SPAT(C1),4.0,11.0,水沢,ホワイトクローバー賞(C1),39.2,8.0,,nar,2026-08-17,43.16,38.9,57.2,10.3,35.0,61.5,45.0,履歴少 / 市場オッズ妙味
202644081708,2026-08-17,8,デルバイス,7.0,5.0,遠藤健太,56.0,,12.0,12.0,大井,C2三　四五(C2四),13.0,14.0,大井,さそり座特別競走(C1),12.0,13.0,大井,芒種特別競走(C1),12.0,13.0,大井,アフター・ディナー賞(C1),13.0,13.0,大井,C1六　七八(C1七),115.9,12.0,,nar,2026-08-17,34.19,9.2,54.1,0.0,53.0,55.5,45.0,履歴少
202644081708,2026-08-17,8,ドレッドノート,3.0,3.0,小野俊斗,53.0,,7.0,7.0,大井,U.S.ターキー賞(C2七),14.0,2.0,大井,YJSトライアルラウ(C2),1.0,1.0,大井,3歳六　七八(3歳七),1.0,2.0,大井,3歳12　13,4.0,3.0,大井,3歳14　1516(3歳15),9.7,5.0,,nar,2026-08-17,44.97,58.0,29.4,44.7,38.0,51.9,45.0,履歴少
202635081708,2026-08-17,8,ナムラゴロフキン,7.0,7.0,岩本怜,56.0,,8.0,11.0,盛岡,C1五組,8.0,5.0,盛岡,C1,4.0,4.0,盛岡,C1,9.0,8.0,水沢,C1,8.0,6.0,水沢,不動の滝賞(C1),15.2,7.0,,nar,2026-08-17,46.13,49.2,48.7,19.8,45.5,59.6,45.0,履歴少 / 市場オッズ妙味
202646081708,2026-08-17,8,ハクサンサクヤヒメ,8.0,8.0,加藤翔馬,55.0,,3.0,1.0,金沢,ずまちゃんハッピーバ(B1特別),2.0,4.0,金沢,B23,4.0,4.0,金沢,シビル30周年記念杯(B2),6.0,4.0,金沢,金沢競馬B2プレミア,5.0,1.0,金沢,B23,20.1,3.0,,nar,2026-08-17,61.81,79.3,44.3,85.4,57.5,52.4,45.0,履歴少 / 安定感 / 市場オッズ妙味
202646081708,2026-08-17,8,ハクサンソヌス,7.0,7.0,米倉知,55.0,,7.0,4.0,金沢,能登復興支援須須神社(B1特別),7.0,6.0,金沢,B14,6.0,11.0,金沢,七尾港まつり特別(B2),9.0,9.0,金沢,B14,9.0,9.0,金沢,B14,78.5,7.0,,nar,2026-08-17,44.22,49.6,48.8,0.0,54.5,54.1,45.0,履歴少
202665081708,2026-08-17,8,ハゴロモゴールド,5.0,5.0,西将太,520.0,,,,,,,,,,,,,,,,,,,,,,,,,nar,2026-08-17,36.0,35.0,35.0,35.0,35.0,35.0,45.0,履歴少
202644081708,2026-08-17,8,パワーキングダム,2.0,2.0,達城龍次,56.0,,6.0,7.0,大井,C2三　四五(C2四),6.0,11.0,大井,プランターズ・パンチ(C1),10.0,5.0,大井,C1六　七,8.0,3.0,大井,C1五　六七(C1六),3.0,7.0,大井,C1九　十,8.9,4.0,,nar,2026-08-17,48.07,53.8,51.7,10.3,54.5,59.3,45.0,履歴少
202646081708,2026-08-17,8,ブルーメリー,4.0,4.0,青柳正義,55.0,,10.0,9.0,金沢,高島美稀お誕生日記念(B1特別),7.0,5.0,金沢,七尾港まつり特別(B2),1.0,4.0,金沢,心星ひなまる永遠の5(B2),9.0,8.0,金沢,あづ聖誕つにてんてん(B2),6.0,9.0,金沢,いっぱい食べよう海幸(B2特別),53.3,5.0,,nar,2026-08-17,44.16,52.7,49.7,19.8,24.5,54.8,45.0,履歴少
202644081708,2026-08-17,8,ヘビーキュー,1.0,1.0,和田譲治,56.0,,13.0,2.0,大井,U.S.ターキー賞(C2七),3.0,7.0,大井,ブラッドハウンド賞(C2四),13.0,4.0,大井,C2三　四五(C2四),6.0,4.0,大井,C2三　四五(C2四),6.0,2.0,大井,C2四　五六(C2五),7.1,3.0,,nar,2026-08-17,29.83,37.9,16.2,24.9,14.0,44.0,45.0,履歴少
202635081708,2026-08-17,8,ベアビリーブ,2.0,2.0,菅原辰徳,54.0,,8.0,6.0,盛岡,C1,4.0,3.0,盛岡,C1,3.0,5.0,盛岡,C1,4.0,10.0,水沢,C1六組,7.0,11.0,水沢,C1,8.1,4.0,,nar,2026-08-17,55.85,65.4,55.8,59.3,29.0,64.8,45.0,履歴少
202644081708,2026-08-17,8,ベイステート,6.0,5.0,新原周馬,56.0,,10.0,8.0,大井,C2三　四五(C2四),7.0,6.0,大井,C1八　九,7.0,8.0,大井,パナシェ賞(C1),6.0,6.0,大井,C1八　九,4.0,9.0,大井,C1九　十,32.3,10.0,,nar,2026-08-17,42.31,48.4,49.0,10.3,26.0,58.2,45.0,履歴少 / 市場オッズ妙味
202646081708,2026-08-17,8,ボナセーラ,5.0,5.0,吉田晃浩,57.0,,8.0,7.0,金沢,高島美稀お誕生日記念(B1特別),6.0,4.0,金沢,B14,4.0,3.0,金沢,B14,3.0,1.0,金沢,B14,2.0,2.0,金沢,B14,78.0,6.0,,nar,2026-08-17,47.81,65.1,41.0,44.7,24.5,49.6,45.0,履歴少
202665081708,2026-08-17,8,マオノエトワール,4.0,4.0,鈴木恵介,520.0,,,,,,,,,,,,,,,,,,,,,,,,,nar,2026-08-17,36.0,35.0,35.0,35.0,35.0,35.0,45.0,履歴少
202646081708,2026-08-17,8,メイショウコウシ,6.0,6.0,松戸政也,57.0,,6.0,4.0,金沢,堀江舞アナ明日8月5(B1特別),,,金沢,miCometビジネ(B1),1.0,8.0,金沢,やすくん&なおちゃん(B2),5.0,6.0,金沢,としおゆうこ夫妻に感(B2),6.0,7.0,金沢,B26,109.4,8.0,,nar,2026-08-17,55.94,72.1,59.6,34.3,38.0,59.2,45.0,履歴少
202665081708,2026-08-17,8,モンスターオウキ,1.0,1.0,金田利貴,520.0,,,,,,,,,,,,,,,,,,,,,,,,,nar,2026-08-17,36.0,35.0,35.0,35.0,35.0,35.0,45.0,履歴少
202635081708,2026-08-17,8,ヤマト,4.0,4.0,坂井瑛音,55.0,,11.0,10.0,盛岡,C1四組,9.0,6.0,盛岡,C1,6.0,2.0,盛岡,C1四組,6.0,1.0,水沢,祝30周年!SPAT(C1),1.0,3.0,水沢,C2二組,14.6,6.0,,nar,2026-08-17,36.28,46.0,33.4,10.3,17.0,54.3,45.0,履歴少 / 市場オッズ妙味
202635081708,2026-08-17,8,ラグドール,3.0,3.0,高橋悠里,56.0,,9.0,1.0,盛岡,C1四組,5.0,1.0,盛岡,C1四組,3.0,2.0,盛岡,C2一組,2.0,2.0,盛岡,C2二組,4.0,2.0,水沢,C2二組,2.1,1.0,,nar,2026-08-17,44.94,65.8,23.2,69.6,17.0,43.4,45.0,履歴少 / 安定感
202644081708,2026-08-17,8,リコーファルコン,9.0,6.0,藤本現暉,56.0,,2.0,8.0,大井,U.S.ターキー賞(C2七),4.0,8.0,大井,ブラッドハウンド賞(C2四),4.0,10.0,大井,C2三　四五(C2四),7.0,8.0,大井,C2三　四五(C2四),9.0,9.0,大井,C2七　八,6.7,2.0,,nar,2026-08-17,71.55,73.2,79.1,75.1,74.0,69.1,45.0,履歴少 / 人気以上に走る傾向 / 近走上向き / 安定感
202644081708,2026-08-17,8,リュウジンオー,4.0,4.0,鷹見陸,56.0,,13.0,8.0,大井,わし座特別競走(C2),10.0,6.0,大井,プランターズ・パンチ(C1),8.0,3.0,大井,C1六　七,6.0,2.0,大井,C1五　六七(C1六),2.0,2.0,門別,最後までおトクなSP(B4),17.8,7.0,,nar,2026-08-17,29.11,35.1,21.4,10.3,11.0,50.5,45.0,履歴少 / 市場オッズ妙味
202646081708,2026-08-17,8,リリーブライト,1.0,1.0,中島龍也,57.0,,1.0,1.0,金沢,「葛山画伯」記念(B2),9.0,8.0,3阪神5,舞子特別(2勝クラス),9.0,10.0,3京都5,久御山特別(2勝クラス),7.0,9.0,2阪神1,ラジオ関西賞仲春特別(2勝クラス),5.0,9.0,1阪神2,天神橋特別(2勝クラス),2.0,2.0,,nar,2026-08-17,58.23,61.1,54.6,40.7,89.0,56.9,45.0,履歴少 / 近走上向き
202665081708,2026-08-17,8,ワールドジパング,6.0,6.0,臼杵龍美,510.0,,,,,,,,,,,,,,,,,,,,,,,,,nar,2026-08-17,36.0,35.0,35.0,35.0,35.0,35.0,45.0,履歴少
202635081708,2026-08-17,8,ヴィオレーヌ,5.0,5.0,南郷家全,54.0,,6.0,4.0,盛岡,C1,4.0,7.0,盛岡,べラジオオペラ特別(C1),5.0,7.0,盛岡,C1,5.0,8.0,盛岡,C1,10.0,9.0,水沢,夏油賞(C1),4.8,2.0,,nar,2026-08-17,57.22,63.4,56.1,59.3,50.0,59.9,45.0,履歴少
202644081709,2026-08-17,9,アドマイヤエイジア,5.0,5.0,野畑凌,57.0,,3.0,1.0,大井,サンケイスポーツ賞競(B1B2),2.0,2.0,大井,クリスタルナイト賞競(A2),1.0,2.0,大井,プリマヴェーラ賞競走(B1),1.0,1.0,川崎,シリウス特別(B2B3),1.0,2.0,浦和,夕焼け特別(B2B3),5.1,2.0,,nar,2026-08-17,66.78,93.1,47.9,100.0,39.5,56.9,45.0,履歴少 / 安定感
202635081709,2026-08-17,9,アニマルクィーン,5.0,5.0,山本政聡,54.0,,2.0,5.0,盛岡,C1,6.0,7.0,盛岡,イグナイター特別(C1),3.0,8.0,水沢,ローレルリバー特別(C1),9.0,7.0,水沢,ホワイトクローバー賞(C1),3.0,6.0,盛岡,C1,3.3,1.0,,nar,2026-08-17,64.93,73.4,65.2,60.5,69.5,61.6,45.0,履歴少 / 人気以上に走る傾向 / 近走上向き / 安定感
202635081709,2026-08-17,9,アレグロヴィーヴォ,8.0,8.0,大坪慎,56.0,,5.0,9.0,盛岡,C1,12.0,10.0,盛岡,ロス・トランキーロス(C1),7.0,7.0,盛岡,C2一組,9.0,3.0,盛岡,C2一組,1.0,4.0,水沢,C2一組,15.8,6.0,,nar,2026-08-17,51.68,49.5,51.1,40.7,63.5,61.1,45.0,履歴少 / 市場オッズ妙味
202646081709,2026-08-17,9,イモータルソウル,9.0,8.0,中島龍也,57.0,,2.0,9.0,金沢,高橋家&西村家★結婚(B1特別),4.0,6.0,金沢,七尾港まつり特別(B2),5.0,4.0,金沢,氷室開き特別(B2),5.0,7.0,金沢,能登復興支援宝達葛特(B2),6.0,1.0,金沢,かなパスで生活を便利(B2特別),5.7,4.0,,nar,2026-08-17,69.02,76.5,65.4,89.7,68.0,60.7,45.0,履歴少 / 人気以上に走る傾向 / 近走上向き / 安定感
202635081709,2026-08-17,9,ウテナ,3.0,3.0,高橋悠里,54.0,,4.0,3.0,盛岡,C1,2.0,2.0,盛岡,C1,5.0,8.0,盛岡,べラジオオペラ特別(C1),5.0,5.0,水沢,C1,3.0,6.0,水沢,C1,4.2,2.0,,nar,2026-08-17,65.49,78.1,54.2,100.0,48.5,59.4,45.0,履歴少 / 安定感
202646081709,2026-08-17,9,エイトビートレター,4.0,4.0,栗原大河,55.0,,3.0,2.0,金沢,B14,6.0,3.0,金沢,ゆいおうえんそうしん(B1),10.0,4.0,金沢,恋路賞(B1),2.0,2.0,金沢,B14,1.0,3.0,金沢,B23,6.8,5.0,,nar,2026-08-17,53.94,69.8,35.8,55.3,60.5,53.0,45.0,履歴少
202665081709,2026-08-17,9,クリスタルスノー,2.0,2.0,阿部優哉,590.0,,,,,,,,,,,,,,,,,,,,,,,,,nar,2026-08-17,36.0,35.0,35.0,35.0,35.0,35.0,45.0,履歴少
202665081709,2026-08-17,9,サトノプリンス,7.0,7.0,長澤幸太,610.0,,,,,,,,,,,,,,,,,,,,,,,,,nar,2026-08-17,36.0,35.0,35.0,35.0,35.0,35.0,45.0,履歴少
202644081709,2026-08-17,9,シャドウルパン,8.0,8.0,和田譲治,57.0,,1.0,2.0,大井,勝鬨橋賞競走(B1),9.0,2.0,大井,オフト後楽園賞競走(B2),1.0,4.0,大井,夏木立賞競走(B2),5.0,1.0,大井,日向坂賞競走(B3),4.0,5.0,大井,白富士賞競走(B2B3),6.5,4.0,,nar,2026-08-17,61.08,76.9,40.7,75.1,72.5,54.1,45.0,履歴少 / 近走上向き / 安定感
202665081709,2026-08-17,9,ジェイドラゴン,4.0,4.0,今井千尋,610.0,,,,,,,,,,,,,,,,,,,,,,,,,nar,2026-08-17,36.0,35.0,35.0,35.0,35.0,35.0,45.0,履歴少
202665081709,2026-08-17,9,ジェイマーサ,9.0,8.0,島津新,620.0,,,,,,,,,,,,,,,,,,,,,,,,,nar,2026-08-17,36.0,35.0,35.0,35.0,35.0,35.0,45.0,履歴少
202665081709,2026-08-17,9,スズカゼ,8.0,7.0,吉田理人,600.0,,,,,,,,,,,,,,,,,,,,,,,,,nar,2026-08-17,36.0,35.0,35.0,35.0,35.0,35.0,45.0,履歴少
202665081709,2026-08-17,9,ツガルケッパレフジ,6.0,6.0,臼杵龍美,600.0,,,,,,,,,,,,,,,,,,,,,,,,,nar,2026-08-17,36.0,35.0,35.0,35.0,35.0,35.0,45.0,履歴少
202646081709,2026-08-17,9,デルマスソバライ,8.0,8.0,浅野登生,52.0,,3.0,8.0,金沢,金沢競馬B1プレミア,2.0,4.0,金沢,B22,4.0,4.0,金沢,B22,2.0,5.0,金沢,かなパスで生活を便利(B2特別),4.0,6.0,金沢,B24,4.5,2.0,,nar,2026-08-17,71.69,84.8,68.6,100.0,50.0,64.2,45.0,履歴少 / 人気以上に走る傾向 / 安定感
202665081709,2026-08-17,9,ナナイロ,5.0,5.0,西謙一,610.0,,,,,,,,,,,,,,,,,,,,,,,,,nar,2026-08-17,36.0,35.0,35.0,35.0,35.0,35.0,45.0,履歴少
202646081709,2026-08-17,9,ノーブルジェネシス,7.0,7.0,魚住謙心,57.0,,1.0,2.0,金沢,夏野菜でおいしく水分(B2),2.0,2.0,金沢,やすくん&なおちゃん(B2),6.0,2.0,金沢,B25,7.0,2.0,金沢,いっぱい食べよう海幸(B2特別),2.0,1.0,金沢,加茂直樹!昇進バンザ(B2),3.4,1.0,,nar,2026-08-17,60.45,82.3,40.8,65.7,69.5,49.4,45.0,履歴少 / 近走上向き / 安定感
202644081709,2026-08-17,9,ビシャモンテン,3.0,3.0,藤田凌,57.0,,4.0,4.0,大井,勝鬨橋賞競走(B1),5.0,4.0,大井,小石川賞競走(B1B2),4.0,8.0,大井,サンケイスポーツ賞競(B1B2),6.0,7.0,大井,プリマヴェーラ賞競走(B1),8.0,10.0,大井,ブラッドストーン賞競(A2B1),22.3,7.0,,nar,2026-08-17,61.84,68.4,56.3,75.1,60.5,60.2,45.0,履歴少 / 安定感 / 市場オッズ妙味
202635081709,2026-08-17,9,ビッグサララルーフ,6.0,6.0,小林凌,54.0,,4.0,9.0,盛岡,C1三組,9.0,2.0,盛岡,ロス・トランキーロス(C1),2.0,10.0,盛岡,C1四組,9.0,7.0,水沢,ポタジェ特別(C1),7.0,6.0,水沢,ハイドランジア賞(C1),4.8,3.0,,nar,2026-08-17,57.36,60.9,56.7,50.2,66.5,58.6,45.0,履歴少 / 近走上向き
202646081709,2026-08-17,9,ファビュラスロード,2.0,2.0,加藤翔馬,57.0,,9.0,4.0,金沢,早川LD昇進おめでと(B1),8.0,5.0,金沢,第21回生誕記念幸せ(B1),10.0,8.0,金沢,B13,3.0,6.0,金沢,B14,6.0,7.0,金沢,ひな様2026年お誕(B1),19.8,7.0,,nar,2026-08-17,40.09,45.9,35.1,14.6,36.5,58.3,45.0,履歴少 / 市場オッズ妙味
202635081709,2026-08-17,9,ファンタズマ,2.0,2.0,阿部英俊,56.0,,6.0,8.0,盛岡,C1,9.0,4.0,盛岡,べラジオオペラ特別(C1),5.0,7.0,水沢,C1,8.0,7.0,盛岡,B2,6.0,9.0,盛岡,B2,23.1,9.0,,nar,2026-08-17,48.35,53.3,49.4,19.8,56.0,56.9,45.0,履歴少 / 市場オッズ妙味
202646081709,2026-08-17,9,フレーズタルト,5.0,5.0,甲賀弘隆,55.0,,1.0,8.0,金沢,新鮮野菜がいっぱい金(B2),9.0,8.0,金沢,B23,4.0,6.0,金沢,B24,5.0,9.0,金沢,あづ聖誕つにてんてん(B2),7.0,5.0,金沢,もりもり食べよう加賀(B2特別),20.8,8.0,,nar,2026-08-17,66.8,69.7,68.6,64.7,81.5,62.8,45.0,履歴少 / 人気以上に走る傾向 / 近走上向き / 安定感
202644081709,2026-08-17,9,ブルマリンシェール,1.0,1.0,西優哉,54.0,,1.0,3.0,大井,B1三　B2四(B1B2),1.0,4.0,大井,白富士賞競走(B2B3),4.0,9.0,大井,金盃トライアル競走(OP)(3上),4.0,2.0,大井,ブルージルコン賞競走(B1B2),2.0,1.0,大井,B2　以下,6.4,3.0,,nar,2026-08-17,73.24,90.9,63.6,100.0,60.5,62.5,45.0,履歴少 / 安定感
202644081709,2026-08-17,9,ブレスワード,9.0,8.0,御神本訓,57.0,,6.0,3.0,大井,ウイングシート賞競走(A2B1),3.0,2.0,大井,ブリリアントカップト(A2),5.0,1.0,大井,ジュエリーアイス賞競(A2B1),14.0,4.0,4中山7,内房S(3勝クラス),5.0,3.0,2福島2,鶴ヶ城S(3勝クラス),7.8,5.0,,nar,2026-08-17,46.67,59.6,24.7,55.0,54.5,45.7,45.0,履歴少
202665081709,2026-08-17,9,ペガサスホース,3.0,3.0,金田利貴,610.0,,,,,,,,,,,,,,,,,,,,,,,,,nar,2026-08-17,36.0,35.0,35.0,35.0,35.0,35.0,45.0,履歴少
202644081709,2026-08-17,9,マイネルボンバー,7.0,7.0,吉井章,57.0,,3.0,4.0,大井,ベガ賞競走(B2B3),3.0,5.0,大井,小石川賞競走(B1B2),8.0,6.0,大井,サンタアニタトロフィ(A2),12.0,5.0,大井,サンケイスポーツ賞競(B1B2),13.0,6.0,大井,クリスタルナイト賞競(A2),21.7,6.0,,nar,2026-08-17,53.96,57.3,40.6,55.3,86.0,47.8,45.0,履歴少 / 近走上向き / 市場オッズ妙味
202644081709,2026-08-17,9,マロンシャンテリー,4.0,4.0,櫻井光輔,57.0,,6.0,6.0,大井,勝鬨橋賞競走(B1),10.0,6.0,船橋,ハートビートナイター(B1B2),1.0,3.0,浦和,水芭蕉特別(B2B3),1.0,12.0,川崎,草笛特別(B2),6.0,6.0,浦和,清和月特別(B2),69.4,9.0,,nar,2026-08-17,53.95,65.8,57.0,34.3,41.0,59.4,45.0,履歴少
202644081709,2026-08-17,9,ミクニサンビーム,2.0,2.0,矢野貴之,57.0,,2.0,1.0,大井,小石川賞競走(B1B2),2.0,1.0,大井,ケンタウルス賞競走(B2),6.0,1.0,大井,スノードロップ賞競走(B2),1.0,1.0,大井,ダイヤモンドダスト賞(B2),2.0,1.0,大井,ウェルカム2026賞(B2B3),2.1,1.0,,nar,2026-08-17,60.94,86.8,38.5,80.2,54.5,48.0,45.0,履歴少 / 安定感
202646081709,2026-08-17,9,ミヤギロード,6.0,6.0,田知弘久,57.0,,8.0,3.0,金沢,高橋家&西村家★結婚(B1特別),6.0,3.0,金沢,B14,8.0,4.0,金沢,ゆいおうえんそうしん(B1),2.0,5.0,金沢,能登復興支援宝達葛特(B2),3.0,3.0,金沢,もりもり食べよう加賀(B2特別),11.3,6.0,,nar,2026-08-17,42.93,59.1,31.7,24.9,30.5,54.5,45.0,履歴少
202635081709,2026-08-17,9,メリア,9.0,8.0,村上忍,54.0,,6.0,6.0,水沢,B2,4.0,4.0,水沢,B2,6.0,6.0,盛岡,B2,6.0,4.0,盛岡,B2,2.0,4.0,水沢,B2,5.4,4.0,,nar,2026-08-17,52.36,67.3,49.4,35.3,41.0,57.2,45.0,履歴少
202635081709,2026-08-17,9,ヤマショウシャイン,1.0,1.0,佐々木志,54.0,,5.0,7.0,盛岡,C1,6.0,4.0,盛岡,C1,4.0,9.0,水沢,ローレルリバー特別(C1),4.0,10.0,水沢,C1,9.0,9.0,盛岡,C1,16.5,7.0,,nar,2026-08-17,62.12,65.4,63.8,64.7,54.5,69.1,45.0,履歴少 / 安定感 / 過小評価傾向 / 市場オッズ妙味
202665081709,2026-08-17,9,ヤマノトップ,1.0,1.0,中原蓮,610.0,,,,,,,,,,,,,,,,,,,,,,,,,nar,2026-08-17,36.0,35.0,35.0,35.0,35.0,35.0,45.0,履歴少
202635081709,2026-08-17,9,ヤマノマタカ,4.0,4.0,坂井瑛音,55.0,,5.0,9.0,盛岡,C1二組,4.0,6.0,盛岡,ロス・トランキーロス(C1),4.0,5.0,盛岡,C2一組,7.0,5.0,盛岡,C2一組,1.0,6.0,水沢,C2二組,10.4,5.0,,nar,2026-08-17,65.24,72.5,65.0,85.4,44.0,66.5,45.0,履歴少 / 安定感 / 過小評価傾向
202646081709,2026-08-17,9,ユナパール,3.0,3.0,青柳正義,55.0,,4.0,10.0,金沢,金沢競馬B1プレミア,1.0,3.0,金沢,B24,3.0,1.0,金沢,心星ひなまる永遠の5(B2),1.0,1.0,金沢,C16,2.0,3.0,金沢,C19,5.0,3.0,,nar,2026-08-17,69.73,88.7,64.2,100.0,36.5,61.4,45.0,履歴少 / 安定感
202646081709,2026-08-17,9,ラインポーチュラカ,1.0,1.0,沖静男,55.0,,5.0,6.0,金沢,能登復興支援須須神社(B1特別),4.0,8.0,金沢,B14,9.0,9.0,金沢,七尾港まつり特別(B2),6.0,8.0,金沢,B14,9.0,9.0,園田,丹生地スプリントC2,46.0,9.0,,nar,2026-08-17,58.35,59.2,61.1,55.3,62.0,60.9,45.0,履歴少 / 市場オッズ妙味
202665081709,2026-08-17,9,リアステンリュウ,10.0,8.0,阿部武臣,620.0,,,,,,,,,,,,,,,,,,,,,,,,,nar,2026-08-17,36.0,35.0,35.0,35.0,35.0,35.0,45.0,履歴少
202644081709,2026-08-17,9,リジン,6.0,6.0,本田正重,57.0,,7.0,4.0,船橋,明鐘岬特別(B1B2),2.0,1.0,浦和,"ハロー,ウラワールド(B2B3)",2.0,2.0,川崎,アルタイル賞(B2B3),8.0,4.0,川崎,短夜特別(B1B2),9.0,3.0,名古屋,東海桜花賞(重賞),29.3,8.0,,nar,2026-08-17,48.01,67.1,33.4,44.7,39.5,47.2,45.0,履歴少 / 市場オッズ妙味
202635081709,2026-08-17,9,ロードアブソルート,7.0,7.0,山本聡紀,56.0,,10.0,8.0,盛岡,C1三組,4.0,5.0,盛岡,C1,7.0,6.0,盛岡,べラジオオペラ特別(C1),12.0,4.0,水沢,ローレルリバー特別(C1),6.0,4.0,水沢,C1,19.1,8.0,,nar,2026-08-17,40.93,45.7,36.5,24.9,33.5,56.2,45.0,履歴少 / 市場オッズ妙味
202665081710,2026-08-17,10,アカオビ,10.0,8.0,菊池一樹,620.0,,,,,,,,,,,,,,,,,,,,,,,,,nar,2026-08-17,36.0,35.0,35.0,35.0,35.0,35.0,45.0,履歴少
202646081710,2026-08-17,10,アスターディンブラ,3.0,3.0,魚住謙心,57.0,,3.0,6.0,金沢,高橋家&西村家★結婚(B1特別),8.0,7.0,金沢,お家でネット投票!楽(A2),6.0,6.0,金沢,お家でネット投票!楽(A2),3.0,5.0,金沢,白山白川郷ホワイトロ(B1),5.0,5.0,金沢,国造ゆず特別(B1),18.4,9.0,,nar,2026-08-17,60.8,67.6,56.7,55.3,65.0,66.6,45.0,履歴少 / 近走上向き / 過小評価傾向 / 市場オッズ妙味
202644081710,2026-08-17,10,アルデフォックス,7.0,5.0,木澤奨,53.0,,5.0,7.0,大井,クレイジーソルト賞(C2七),12.0,9.0,大井,ブラッドハウンド賞(C2四),6.0,11.0,大井,C2三　四五(C2四),9.0,9.0,大井,C2三　四五(C2四),10.0,6.0,大井,C2二　三四(C2三),110.5,8.0,,nar,2026-08-17,49.65,43.7,53.0,30.4,75.5,53.5,45.0,履歴少 / 近走上向き
202635081710,2026-08-17,10,インセプション,3.0,3.0,山本聡紀,56.0,,10.0,10.0,水沢,B2,12.0,12.0,水沢,B2,1.0,12.0,水沢,B2,11.0,8.0,水沢,C1,10.0,4.0,水沢,C1,49.8,9.0,,nar,2026-08-17,44.11,37.1,57.8,19.8,41.0,57.6,45.0,履歴少 / 市場オッズ妙味
202646081710,2026-08-17,10,インペリアルモート,9.0,7.0,吉田晃浩,57.0,,6.0,9.0,金沢,金沢競馬は楽天競馬で(A2),8.0,4.0,金沢,お家でネット投票!楽(A2),2.0,3.0,金沢,お家でネット投票!楽(A2),6.0,5.0,金沢,お家でネット投票!楽(A2),6.0,6.0,金沢,金沢競馬は楽天競馬で(A2),11.6,7.0,,nar,2026-08-17,50.28,62.3,49.8,19.8,47.0,59.8,45.0,履歴少
202646081710,2026-08-17,10,ウメタロウ,11.0,8.0,柴田勇真,57.0,,10.0,9.0,金沢,金沢競馬は楽天競馬で(A2),11.0,9.0,金沢,金沢競馬は楽天競馬で(A2),1.0,4.0,金沢,B12,4.0,3.0,金沢,皐月特別(B1),1.0,4.0,金沢,能登復興支援真脇遺跡(B1),7.0,4.0,,nar,2026-08-17,47.3,54.7,49.7,44.7,15.5,59.6,45.0,履歴少
202644081710,2026-08-17,10,オオサキサンダー,1.0,1.0,岡村健司,56.0,,9.0,9.0,大井,クレイジーソルト賞(C2七),12.0,12.0,大井,C2三　四五(C2四),7.0,11.0,大井,C2三　四五(C2四),12.0,13.0,大井,ヘルメス賞(C2四),8.0,12.0,大井,C2二　三四(C2三),243.7,12.0,,nar,2026-08-17,42.16,30.5,59.4,0.0,54.5,59.4,45.0,履歴少
202635081710,2026-08-17,10,カイトリヒト,1.0,1.0,高松亮,56.0,,9.0,7.0,盛岡,C1,7.0,5.0,盛岡,純米ニトロ7周年記念(C1),5.0,3.0,盛岡,C1,1.0,2.0,水沢,C1,5.0,1.0,水沢,C1,11.2,7.0,,nar,2026-08-17,45.78,59.0,37.6,44.7,23.0,54.4,45.0,履歴少
202644081710,2026-08-17,10,キタノマティーニ,12.0,8.0,澤田龍哉,54.0,,6.0,4.0,大井,ジン・フィズ賞(C2四),6.0,3.0,大井,シャムロック賞(C1七),3.0,1.0,大井,C1八　九,2.0,3.0,大井,C2四　五六(C2五),1.0,3.0,大井,C2六　七,7.7,3.0,,nar,2026-08-17,51.8,73.5,40.2,44.7,32.0,56.1,45.0,履歴少
202635081710,2026-08-17,10,キタノヴァリュー,9.0,8.0,山本政聡,54.0,,7.0,5.0,盛岡,C1,3.0,6.0,盛岡,幽玄洞賞(C1),6.0,8.0,盛岡,C1,7.0,9.0,水沢,種山高原賞(C1),8.0,9.0,水沢,C1,11.0,6.0,,nar,2026-08-17,52.31,60.7,56.5,24.9,44.0,64.1,45.0,履歴少
202646081710,2026-08-17,10,キャンドルベリー,5.0,5.0,甲賀弘隆,55.0,,8.0,8.0,金沢,読売レディス杯(重賞),6.0,8.0,金沢,お家でネット投票!楽(A2),,,金沢,加賀友禅賞【読売レデ(重賞),3.0,8.0,金沢,お家でネット投票!楽(A2),7.0,7.0,金沢,お家でネット投票!楽(A2),20.9,10.0,,nar,2026-08-17,49.62,57.3,60.7,14.6,34.0,62.0,45.0,履歴少 / 市場オッズ妙味
202635081710,2026-08-17,10,ギオンプリンセス,7.0,7.0,斉藤友香,50.0,,9.0,2.0,盛岡,C1,1.0,3.0,盛岡,C1,4.0,1.0,水沢,C1五組,1.0,2.0,水沢,C2四組,2.0,7.0,盛岡,C2四組,3.7,2.0,,nar,2026-08-17,51.78,75.0,39.1,69.6,8.0,54.3,45.0,履歴少 / 安定感
202665081710,2026-08-17,10,クリスタルスペリオ,9.0,8.0,赤塚健仁,600.0,,,,,,,,,,,,,,,,,,,,,,,,,nar,2026-08-17,36.0,35.0,35.0,35.0,35.0,35.0,45.0,履歴少
202644081710,2026-08-17,10,ケイコウギュウゴ,10.0,7.0,野畑凌,56.0,,9.0,7.0,大井,ジン・フィズ賞(C2四),14.0,11.0,大井,さそり座特別競走(C1),14.0,14.0,大井,C1八　九,14.0,10.0,大井,C1五　六七(C1六),6.0,12.0,大井,C1六　七八(C1七),275.3,13.0,,nar,2026-08-17,34.46,17.1,40.8,0.0,68.0,51.5,45.0,履歴少 / 近走上向き
202646081710,2026-08-17,10,ゴールドブラボー,1.0,1.0,加藤翔馬,55.0,,4.0,5.0,金沢,お家でネット投票!楽(A2),3.0,5.0,金沢,お家でネット投票!楽(A2),5.0,2.0,金沢,お家でネット投票!楽(A2),5.0,4.0,金沢,お家でネット投票!楽(A2),5.0,7.0,金沢,お家でネット投票!楽(A2),5.3,2.0,,nar,2026-08-17,64.24,74.4,51.9,100.0,53.0,57.7,45.0,履歴少 / 安定感
202665081710,2026-08-17,10,サカノテッペン,3.0,3.0,船山蔵人,630.0,,,,,,,,,,,,,,,,,,,,,,,,,nar,2026-08-17,36.0,35.0,35.0,35.0,35.0,35.0,45.0,履歴少
202646081710,2026-08-17,10,サクラサルーテ,4.0,4.0,青柳正義,55.0,,9.0,7.0,金沢,金沢競馬B1プレミア,1.0,1.0,金沢,B12,4.0,3.0,金沢,B12,5.0,2.0,金沢,B12,1.0,6.0,金沢,金沢競馬B2プレミア,4.4,1.0,,nar,2026-08-17,52.84,71.1,44.9,69.6,12.5,55.7,45.0,履歴少 / 安定感
202646081710,2026-08-17,10,サノプリ,8.0,7.0,田知弘久,55.0,,,,金沢,お家でネット投票!楽(A2),9.0,9.0,金沢,お家でネット投票!楽(A2),4.0,7.0,金沢,お家でネット投票!楽(A2),9.0,9.0,金沢,お家でネット投票!楽(A2),6.0,6.0,金沢,金沢競馬は楽天競馬で(A2),38.2,11.0,,nar,2026-08-17,46.86,50.9,56.0,19.8,34.0,58.7,45.0,履歴少 / 市場オッズ妙味
202635081710,2026-08-17,10,サンピノン,8.0,8.0,小林凌,54.0,,6.0,1.0,盛岡,C1,9.0,6.0,大井,ラスティ・ネイル賞(C213),4.0,4.0,大井,C213　1415(C214),4.0,4.0,大井,C215　16,10.0,2.0,大井,C213　1415(C214),6.9,3.0,,nar,2026-08-17,44.4,56.2,28.3,34.3,54.5,47.8,45.0,履歴少
202665081710,2026-08-17,10,ジェイセリーヌ,6.0,6.0,西謙一,590.0,,,,,,,,,,,,,,,,,,,,,,,,,nar,2026-08-17,36.0,35.0,35.0,35.0,35.0,35.0,45.0,履歴少
202665081710,2026-08-17,10,ジェイノコマ,7.0,7.0,阿部武臣,630.0,,,,,,,,,,,,,,,,,,,,,,,,,nar,2026-08-17,36.0,35.0,35.0,35.0,35.0,35.0,45.0,履歴少
202665081710,2026-08-17,10,ジェイライアン,8.0,7.0,鈴木恵介,620.0,,,,,,,,,,,,,,,,,,,,,,,,,nar,2026-08-17,36.0,35.0,35.0,35.0,35.0,35.0,45.0,履歴少
202646081710,2026-08-17,10,セラフィナイト,7.0,6.0,栗原大河,57.0,,5.0,2.0,金沢,お家でネット投票!楽(A2),1.0,4.0,金沢,お家でネット投票!楽(A2),1.0,6.0,金沢,第21回生誕記念幸せ(B1),5.0,7.0,金沢,B13,1.0,3.0,金沢,リクム初競馬予想記念(B2特別),5.4,3.0,,nar,2026-08-17,67.35,85.6,59.3,100.0,32.0,63.0,45.0,履歴少 / 安定感
202646081710,2026-08-17,10,タルバン,10.0,8.0,中島龍也,57.0,,6.0,7.0,金沢,お家でネット投票!楽(A2),7.0,6.0,金沢,お家でネット投票!楽(A2),5.0,5.0,金沢,お家でネット投票!楽(A2),4.0,4.0,金沢,お家でネット投票!楽(A2),4.0,4.0,金沢,金沢競馬は楽天競馬で(A2),8.6,5.0,,nar,2026-08-17,53.32,63.6,50.4,44.7,44.0,59.2,45.0,履歴少
202644081710,2026-08-17,10,ダイヤメ,4.0,4.0,吉井章,56.0,,2.0,4.0,大井,クレイジーソルト賞(C2七),5.0,3.0,大井,C2四　五六(C2五),3.0,6.0,大井,C2三　四五(C2四),3.0,3.0,大井,C2三　四五(C2四),2.0,2.0,大井,C2六　七,8.0,4.0,,nar,2026-08-17,68.41,83.3,54.9,100.0,57.5,60.8,45.0,履歴少 / 安定感
202646081710,2026-08-17,10,テイコク,2.0,2.0,松戸政也,57.0,,5.0,3.0,金沢,お家でネット投票!楽(A2),6.0,4.0,金沢,金沢競馬は楽天競馬で(A2),7.0,4.0,金沢,金沢競馬は楽天競馬で(A2),4.0,3.0,金沢,お家でネット投票!楽(A2),1.0,1.0,金沢,獅子吼高原特別(B1),9.1,6.0,,nar,2026-08-17,52.12,67.3,37.1,55.3,47.0,54.2,45.0,履歴少
202646081710,2026-08-17,10,テンケイ,6.0,6.0,浅野登生,54.0,,11.0,9.0,笠松,宮川特別(C),7.0,4.0,笠松,鷺山城特別(C),4.0,3.0,笠松,第4回ウマ娘ベルノラ(C),2.0,4.0,笠松,C3組,5.0,2.0,笠松,わたるくん24歳誕生(B),15.6,8.0,,nar,2026-08-17,44.1,54.5,39.0,44.7,11.0,59.2,45.0,履歴少 / 市場オッズ妙味
202635081710,2026-08-17,10,テーオーカバリエ,5.0,5.0,塚本涼人,54.0,,5.0,9.0,盛岡,C1,10.0,8.0,盛岡,C1,5.0,7.0,盛岡,C1,8.0,9.0,水沢,ディセントラ賞(C1),7.0,5.0,水沢,C2一組,14.1,8.0,,nar,2026-08-17,56.03,52.9,57.4,50.2,65.0,65.3,45.0,履歴少 / 近走上向き / 過小評価傾向 / 市場オッズ妙味
202644081710,2026-08-17,10,トップレジェンド,11.0,7.0,西啓太,56.0,,1.0,1.0,大井,クレイジーソルト賞(C2七),1.0,3.0,大井,C2九　十11(C2十),10.0,8.0,4中京1,3歳未勝利,8.0,5.0,2小倉5,3歳未勝利,4.0,2.0,1小倉1,3歳未勝利,2.0,1.0,,nar,2026-08-17,60.88,75.1,46.2,65.7,78.5,49.7,45.0,履歴少 / 近走上向き / 安定感
202635081710,2026-08-17,10,トントンプー,4.0,4.0,大坪慎,56.0,,8.0,7.0,盛岡,C1二組,8.0,8.0,盛岡,スマホで投票!楽天競(C1),1.0,4.0,盛岡,C1五組,6.0,3.0,水沢,C1六組,6.0,4.0,水沢,C1三組,9.4,5.0,,nar,2026-08-17,46.89,59.1,47.5,19.8,33.5,57.6,45.0,履歴少
202665081710,2026-08-17,10,ドラゴンブライアン,5.0,5.0,渡来心路,610.0,,,,,,,,,,,,,,,,,,,,,,,,,nar,2026-08-17,36.0,35.0,35.0,35.0,35.0,35.0,45.0,履歴少
202644081710,2026-08-17,10,パールペンダント,3.0,3.0,遠藤健太,54.0,,7.0,9.0,大井,ジン・フィズ賞(C2四),11.0,10.0,大井,海王星特別競走(C1),8.0,8.0,大井,デネボラ特別競走(C1),10.0,7.0,大井,ロイヤル・フィズ賞(C1),3.0,1.0,佐賀,勝浦正樹さん来場記念(C1),161.5,10.0,,nar,2026-08-17,42.94,42.2,48.0,10.3,56.0,50.9,45.0,履歴少
202644081710,2026-08-17,10,フォーティースター,6.0,5.0,矢野貴之,54.0,,2.0,1.0,大井,ジン・フィズ賞(C2四),3.0,1.0,大井,C1八　九,2.0,4.0,大井,3歳一　二三(3歳二),4.0,2.0,大井,3歳一　二三(3歳二),2.0,1.0,大井,3歳四　五,2.7,2.0,,nar,2026-08-17,65.47,87.7,44.4,100.0,54.5,51.6,45.0,履歴少 / 安定感
202665081710,2026-08-17,10,フジエース,2.0,2.0,中村太陽,590.0,,,,,,,,,,,,,,,,,,,,,,,,,nar,2026-08-17,36.0,35.0,35.0,35.0,35.0,35.0,45.0,履歴少
202644081710,2026-08-17,10,フレーズボンボン,13.0,8.0,田中洸多,54.0,,6.0,5.0,大井,C1八　九,5.0,5.0,大井,パナシェ賞(C1),3.0,5.0,大井,白百合特別競走(C2),2.0,7.0,大井,ジン・バック賞(C2三),8.0,9.0,大井,C2四　五六(C2五),50.2,6.0,,nar,2026-08-17,57.74,69.8,56.5,59.3,41.0,58.1,45.0,履歴少
202665081710,2026-08-17,10,プロサングエ,4.0,4.0,長澤幸太,600.0,,,,,,,,,,,,,,,,,,,,,,,,,nar,2026-08-17,36.0,35.0,35.0,35.0,35.0,35.0,45.0,履歴少
202644081710,2026-08-17,10,ベルボールドナイン,5.0,4.0,鷹見陸,56.0,,6.0,6.0,大井,クレイジーソルト賞(C2七),6.0,4.0,佐賀,JRA交流えびの特別,10.0,7.0,大井,C2四　五六(C2五),6.0,6.0,大井,八ツ瀬川賞(C2四),4.0,8.0,大井,C2二　三四(C2三),93.7,7.0,,nar,2026-08-17,45.85,55.3,45.3,10.3,53.0,52.9,45.0,履歴少
202665081710,2026-08-17,10,ホクショウサクラ,1.0,1.0,阿部優哉,600.0,,,,,,,,,,,,,,,,,,,,,,,,,nar,2026-08-17,36.0,35.0,35.0,35.0,35.0,35.0,45.0,履歴少
202635081710,2026-08-17,10,マカベウス,2.0,2.0,佐々木志,56.0,,4.0,8.0,盛岡,C1,8.0,9.0,盛岡,オッズパーク賞(C1),1.0,8.0,盛岡,C1四組,7.0,8.0,水沢,不動の滝賞(C1),7.0,9.0,盛岡,C1,7.9,4.0,,nar,2026-08-17,63.45,66.8,72.4,50.2,60.5,68.5,45.0,履歴少 / 人気以上に走る傾向 / 過小評価傾向
202635081710,2026-08-17,10,マルケイフォルテ,6.0,6.0,山本聡哉,56.0,,2.0,3.0,盛岡,C1,5.0,4.0,盛岡,イグナイター特別(C1),5.0,5.0,水沢,岩手県政150周年記(C1),1.0,1.0,水沢,C1,6.0,3.0,盛岡,C1三組,3.0,1.0,,nar,2026-08-17,63.99,79.1,48.2,89.7,63.5,52.7,45.0,履歴少 / 安定感
202644081710,2026-08-17,10,ラッケンブース,8.0,6.0,西優哉,51.0,,13.0,11.0,大井,クレイジーソルト賞(C2七),11.0,9.0,大井,プルメリア特別競走(C2),11.0,12.0,大井,C2三　四五(C2四),11.0,12.0,大井,ヘルメス賞(C2四),6.0,11.0,大井,C2四　五六(C2五),137.8,9.0,,nar,2026-08-17,32.91,19.3,48.3,0.0,30.5,55.5,45.0,履歴少
202644081710,2026-08-17,10,リコーモーラー,2.0,2.0,町田直希,54.0,,3.0,3.0,大井,クレイジーソルト賞(C2七),11.0,2.0,大井,ブラッドハウンド賞(C2四),7.0,1.0,大井,C2三　四五(C2四),3.0,4.0,大井,C2四　五六(C2五),1.0,1.0,大井,C2九　十11(C2十),18.8,5.0,,nar,2026-08-17,50.61,63.4,27.0,55.3,65.0,53.1,45.0,履歴少 / 近走上向き / 市場オッズ妙味
202644081710,2026-08-17,10,ロイヤルカラット,9.0,6.0,達城龍次,56.0,,8.0,8.0,大井,クレイジーソルト賞(C2七),9.0,8.0,大井,C2三　四五(C2四),9.0,5.0,大井,C2三　四五(C2四),11.0,12.0,大井,C2三　四五(C2四),9.0,6.0,大井,C2二　三四(C2三),207.1,11.0,,nar,2026-08-17,38.52,36.1,41.6,0.0,59.0,49.0,45.0,履歴少
202665081711,2026-08-17,11,アアモンドキーマン,2.0,2.0,今井千尋,700.0,,,,,,,,,,,,,,,,,,,,,,,,,nar,2026-08-17,36.0,35.0,35.0,35.0,35.0,35.0,45.0,履歴少
202665081711,2026-08-17,11,アサゾラ,5.0,5.0,金田利貴,690.0,,,,,,,,,,,,,,,,,,,,,,,,,nar,2026-08-17,36.0,35.0,35.0,35.0,35.0,35.0,45.0,履歴少
202665081711,2026-08-17,11,カイセドクター,9.0,8.0,阿部優哉,690.0,,,,,,,,,,,,,,,,,,,,,,,,,nar,2026-08-17,36.0,35.0,35.0,35.0,35.0,35.0,45.0,履歴少
202635081711,2026-08-17,11,カレンチャンキー,9.0,7.0,坂井瑛音,53.0,,10.0,10.0,盛岡,文月特別(A),9.0,8.0,盛岡,茉莉花特別(A),8.0,2.0,水沢,千日草特別(A),10.0,11.0,川崎,第39回開成町あじさ(B1B2),9.0,6.0,川崎,桜吹雪特別(B1B2),68.1,10.0,,nar,2026-08-17,35.28,34.0,38.8,0.0,44.0,47.7,45.0,履歴少
202635081711,2026-08-17,11,クイーンカード,3.0,3.0,高松亮,54.0,,10.0,4.0,盛岡,フェアリーC(重賞),1.0,8.0,盛岡,ネモフィラ賞(B1),4.0,7.0,盛岡,レモンポップ特別(B1),1.0,5.0,水沢,夢・希望未来へ前進(B1),9.0,9.0,水沢,ハヤテ特別(OP),9.3,3.0,,nar,2026-08-17,54.71,66.8,57.7,59.3,12.5,64.7,45.0,履歴少
202665081711,2026-08-17,11,コウシュハテンセイ,6.0,6.0,島津新,690.0,,,,,,,,,,,,,,,,,,,,,,,,,nar,2026-08-17,36.0,35.0,35.0,35.0,35.0,35.0,45.0,履歴少
202665081711,2026-08-17,11,サクラヤマト,4.0,4.0,西謙一,700.0,,,,,,,,,,,,,,,,,,,,,,,,,nar,2026-08-17,36.0,35.0,35.0,35.0,35.0,35.0,45.0,履歴少
202635081711,2026-08-17,11,サンエイウイング,7.0,6.0,山本聡哉,56.0,,9.0,6.0,盛岡,ハヤテ特別(OP),4.0,3.0,盛岡,ハヤテ特別(OP),10.0,8.0,水沢,早池峰賞(重賞),1.0,4.0,盛岡,ハヤテ特別(OP),3.0,3.0,水沢,ハヤテ特別(OP),10.2,4.0,,nar,2026-08-17,47.91,58.7,42.2,49.8,23.0,57.9,45.0,履歴少
202665081711,2026-08-17,11,ジェイホース,3.0,3.0,渡来心路,700.0,,,,,,,,,,,,,,,,,,,,,,,,,nar,2026-08-17,36.0,35.0,35.0,35.0,35.0,35.0,45.0,履歴少
202665081711,2026-08-17,11,ジェイライフ,10.0,8.0,阿部武臣,700.0,,,,,,,,,,,,,,,,,,,,,,,,,nar,2026-08-17,36.0,35.0,35.0,35.0,35.0,35.0,45.0,履歴少
202635081711,2026-08-17,11,ジョリーロジャー,10.0,8.0,村上忍,56.0,,13.0,12.0,盛岡,マーキュリーC(JpnIII),5.0,3.0,盛岡,茉莉花特別(A),3.0,3.0,水沢,千日草特別(A),5.0,5.0,水沢,麦秋特別(A),6.0,1.0,盛岡,陽光特別(A),7.1,2.0,,nar,2026-08-17,43.14,50.9,40.8,59.3,0.5,53.1,45.0,履歴少
202635081711,2026-08-17,11,タイセイストラーダ,6.0,6.0,山本政聡,56.0,,1.0,1.0,盛岡,45周年Annive(B1),1.0,2.0,盛岡,夢・希望未来へ前進(B1),1.0,2.0,盛岡,夢・希望未来へ前進(B1),2.0,2.0,水沢,タガノビューティー特(B1),2.0,3.0,水沢,朝顔賞(B1),1.6,1.0,,nar,2026-08-17,70.78,98.0,53.9,100.0,53.0,54.0,45.0,履歴少 / 安定感
202635081711,2026-08-17,11,テングクラブ,1.0,1.0,関本玲花,54.0,,5.0,7.0,盛岡,スプリント特別(OP),2.0,2.0,盛岡,ネモフィラ賞(B1),1.0,3.0,盛岡,B1,1.0,7.0,水沢,カジノフォンテン特別(B1),2.0,3.0,水沢,B1,10.9,5.0,,nar,2026-08-17,69.22,87.5,63.9,100.0,29.0,67.3,45.0,履歴少 / 安定感 / 過小評価傾向
202665081711,2026-08-17,11,トウケイレーヴ,7.0,7.0,赤塚健仁,700.0,,,,,,,,,,,,,,,,,,,,,,,,,nar,2026-08-17,36.0,35.0,35.0,35.0,35.0,35.0,45.0,履歴少
202635081711,2026-08-17,11,ノースプリマ,11.0,8.0,佐々木志,54.0,,9.0,9.0,盛岡,スプリント特別(OP),6.0,9.0,盛岡,ハヤテ特別(OP),8.0,7.0,盛岡,ハヤテ特別(OP),7.0,1.0,水沢,スプリント特別(OP),5.0,8.0,川崎,活火激発賞(A2B1),66.8,9.0,,nar,2026-08-17,43.09,49.2,49.9,10.3,35.0,52.9,45.0,履歴少
202635081711,2026-08-17,11,フレイムウィングス,4.0,4.0,塚本涼人,56.0,,4.0,7.0,盛岡,朝顔特別(A),6.0,9.0,盛岡,文月特別(A),4.0,6.0,盛岡,茉莉花特別(A),7.0,7.0,水沢,千日草特別(A),5.0,7.0,盛岡,青葉特別(A),13.7,6.0,,nar,2026-08-17,63.06,67.7,65.8,60.5,59.0,67.6,45.0,履歴少 / 人気以上に走る傾向 / 安定感 / 過小評価傾向
202665081711,2026-08-17,11,ホクセイウンカイ,8.0,7.0,鈴木恵介,700.0,,,,,,,,,,,,,,,,,,,,,,,,,nar,2026-08-17,36.0,35.0,35.0,35.0,35.0,35.0,45.0,履歴少
202635081711,2026-08-17,11,ミヤギシリウス,2.0,2.0,阿部英俊,54.0,,8.0,8.0,盛岡,ハヤテ特別(OP),4.0,6.0,水沢,水無月特別(A),7.0,6.0,水沢,初夏特別(A),9.0,9.0,盛岡,青葉特別(A),9.0,8.0,水沢,晩春特別(A),36.6,8.0,,nar,2026-08-17,47.6,51.6,51.4,24.9,45.5,56.3,45.0,履歴少 / 市場オッズ妙味
202665081711,2026-08-17,11,ヤマノコーネル,1.0,1.0,中村太陽,700.0,,,,,,,,,,,,,,,,,,,,,,,,,nar,2026-08-17,36.0,35.0,35.0,35.0,35.0,35.0,45.0,履歴少
202635081711,2026-08-17,11,ラッキーストーリー,5.0,5.0,菅原辰徳,56.0,,9.0,10.0,門別,星の降る里・芦別健夏(B1),5.0,5.0,門別,夕張メロン、味は特別(A4),8.0,8.0,門別,日高町建設協会特別(A4),7.0,6.0,門別,ラナンキュラス特別(B1),7.0,6.0,門別,ホクレンえん麦特別(A4),89.9,11.0,,nar,2026-08-17,45.23,49.5,50.4,24.9,36.5,52.9,45.0,履歴少
202635081711,2026-08-17,11,リュウノナポレオン,8.0,7.0,山本聡紀,56.0,,8.0,8.0,水沢,白嶺賞(重賞),6.0,3.0,水沢,スプリント特別(OP),2.0,6.0,水沢,スプリント特別(OP),4.0,4.0,盛岡,山茶花特別(A),4.0,4.0,盛岡,トパーズC(重賞),17.6,7.0,,nar,2026-08-17,52.18,65.4,50.3,44.7,26.0,62.9,45.0,履歴少 / 市場オッズ妙味
202635081712,2026-08-17,12,アイスボウル,7.0,7.0,関本玲花,54.0,,2.0,4.0,盛岡,C1,2.0,7.0,盛岡,幽玄洞賞(C1),6.0,7.0,盛岡,碁石海岸賞(C1),5.0,8.0,水沢,種山高原賞(C1),5.0,7.0,水沢,C1,4.6,2.0,,nar,2026-08-17,69.87,79.7,68.9,80.2,65.0,64.9,45.0,履歴少 / 人気以上に走る傾向 / 近走上向き / 安定感
202665081712,2026-08-17,12,アオノメビウス,7.0,7.0,金田利貴,590.0,,,,,,,,,,,,,,,,,,,,,,,,,nar,2026-08-17,36.0,35.0,35.0,35.0,35.0,35.0,45.0,履歴少
202665081712,2026-08-17,12,キタサカエクオン,2.0,2.0,渡来心路,610.0,,,,,,,,,,,,,,,,,,,,,,,,,nar,2026-08-17,36.0,35.0,35.0,35.0,35.0,35.0,45.0,履歴少
202635081712,2026-08-17,12,サトノアヴァロン,6.0,6.0,坂井瑛音,55.0,,10.0,10.0,盛岡,C1,8.0,9.0,盛岡,B2,11.0,12.0,盛岡,B2,10.0,10.0,水沢,猊鼻渓賞(B2),10.0,10.0,水沢,夢・希望未来へ前進(B2),82.1,8.0,,nar,2026-08-17,39.26,30.4,53.1,0.0,48.5,54.8,45.0,履歴少
202665081712,2026-08-17,12,サトノブレイカー,4.0,4.0,西謙一,610.0,,,,,,,,,,,,,,,,,,,,,,,,,nar,2026-08-17,36.0,35.0,35.0,35.0,35.0,35.0,45.0,履歴少
202665081712,2026-08-17,12,ジェイアンナ,1.0,1.0,村上章,590.0,,,,,,,,,,,,,,,,,,,,,,,,,nar,2026-08-17,36.0,35.0,35.0,35.0,35.0,35.0,45.0,履歴少
202665081712,2026-08-17,12,ジェイフラック,10.0,8.0,鈴木恵介,610.0,,,,,,,,,,,,,,,,,,,,,,,,,nar,2026-08-17,36.0,35.0,35.0,35.0,35.0,35.0,45.0,履歴少
202665081712,2026-08-17,12,スカイノチカラ,5.0,5.0,菊池一樹,590.0,,,,,,,,,,,,,,,,,,,,,,,,,nar,2026-08-17,36.0,35.0,35.0,35.0,35.0,35.0,45.0,履歴少
202635081712,2026-08-17,12,スパローズ,3.0,3.0,阿部英俊,56.0,,2.0,4.0,盛岡,C1,11.0,3.0,盛岡,スマホで投票!楽天競(C1),1.0,3.0,盛岡,C2一組,3.0,4.0,盛岡,C2一組,3.0,1.0,水沢,C2二組,4.7,3.0,,nar,2026-08-17,59.63,73.6,42.6,75.1,65.0,53.3,45.0,履歴少 / 近走上向き / 安定感
202665081712,2026-08-17,12,タカラオー,3.0,3.0,林康文,610.0,,,,,,,,,,,,,,,,,,,,,,,,,nar,2026-08-17,36.0,35.0,35.0,35.0,35.0,35.0,45.0,履歴少
202635081712,2026-08-17,12,ダンシングファイト,1.0,1.0,斉藤友香,50.0,,1.0,5.0,盛岡,C1,6.0,3.0,盛岡,純米ニトロ7周年記念(C1),1.0,1.0,盛岡,C1,2.0,7.0,水沢,C2二組,6.0,4.0,水沢,C1,5.0,4.0,,nar,2026-08-17,65.96,84.7,56.9,64.7,66.5,59.4,45.0,履歴少 / 近走上向き / 安定感
202665081712,2026-08-17,12,フォルゴーレ,9.0,8.0,長澤幸太,610.0,,,,,,,,,,,,,,,,,,,,,,,,,nar,2026-08-17,36.0,35.0,35.0,35.0,35.0,35.0,45.0,履歴少
202635081712,2026-08-17,12,フタイテンホイール,4.0,4.0,山本政聡,56.0,,3.0,6.0,盛岡,ストロベリーキャンド(C1),1.0,3.0,盛岡,幽玄洞賞(C1),4.0,2.0,盛岡,C1,2.0,6.0,水沢,ローレルリバー特別(C1),4.0,4.0,水沢,ハイドランジア賞(C1),3.8,1.0,,nar,2026-08-17,69.73,86.7,61.2,100.0,48.5,60.2,45.0,履歴少 / 安定感
202665081712,2026-08-17,12,ホクセイミハル,8.0,7.0,今井千尋,580.0,,,,,,,,,,,,,,,,,,,,,,,,,nar,2026-08-17,36.0,35.0,35.0,35.0,35.0,35.0,45.0,履歴少
202665081712,2026-08-17,12,ミスベンティ,6.0,6.0,大友一馬,590.0,,,,,,,,,,,,,,,,,,,,,,,,,nar,2026-08-17,36.0,35.0,35.0,35.0,35.0,35.0,45.0,履歴少
202635081712,2026-08-17,12,ライヴケチャップ,5.0,5.0,小林凌,56.0,,1.0,1.0,盛岡,C1,2.0,3.0,盛岡,ロス・トランキーロス(C1),8.0,4.0,盛岡,C2一組,2.0,6.0,盛岡,C2一組,1.0,4.0,水沢,C2二組,5.9,5.0,,nar,2026-08-17,66.78,85.8,52.5,80.2,63.5,60.2,45.0,履歴少 / 安定感
202635081712,2026-08-17,12,リベルテ,8.0,8.0,山本聡紀,56.0,,9.0,7.0,盛岡,ストロベリーキャンド(C1),7.0,2.0,盛岡,C1,1.0,5.0,盛岡,べラジオオペラ特別(C1),8.0,7.0,水沢,ローレルリバー特別(C1),9.0,5.0,水沢,C1,9.3,6.0,,nar,2026-08-17,42.83,53.8,38.6,19.8,33.5,54.3,45.0,履歴少
202635081712,2026-08-17,12,ヴィグルズマン,2.0,2.0,佐々木志,56.0,,8.0,8.0,盛岡,ストロベリーキャンド(C1),6.0,10.0,盛岡,オッズパーク賞(C1),3.0,7.0,盛岡,C1,8.0,7.0,水沢,猊鼻渓賞(B2),8.0,6.0,水沢,夢・希望未来へ前進(B2),14.8,7.0,,nar,2026-08-17,50.73,55.9,60.0,19.8,39.5,64.7,45.0,履歴少 / 市場オッズ妙味
