race_id,日付,レース,馬名,実着順,着順1,人気1,着順2,人気2,着順3,人気3,着順4,人気4,着順5,人気5,horse_id,馬番,_date,AREru指数,因子_performance,因子_upset,因子_consistency,因子_trend,因子_value,因子_context,理由
202602011001,2026-07-12,1,ニシノギャルズ,6,13,8.0,7,4.0,4,9.0,14,11.0,10,11.0,2023100360.0,8.0,2026-07-12,34.85,32.1,38.7,19.8,24.5,45.0,49.6,総合評価
202602011001,2026-07-12,1,クリコイーコ,7,7,9.0,9,8.0,6,16.0,,,,,2023100786.0,2.0,2026-07-12,51.04,48.8,71.8,0.0,53.0,68.3,42.3,人気以上に走る傾向 / 過小評価傾向
202602011001,2026-07-12,1,トリアングルレディ,8,10,11.0,13,16.0,13,4.0,,,,,2023105161.0,7.0,2026-07-12,32.64,13.7,43.2,0.0,68.0,41.7,44.3,頭数減経験 / 近走上向き
202602011001,2026-07-12,1,ビタミンドロップ,1,2,2.0,2,4.0,7,3.0,4,12.0,,,2023105630.0,9.0,2026-07-12,67.9,80.6,56.8,69.9,64.0,57.5,75.8,ダ適性 / 函館実績 / 距離適性 / 頭数減経験
202602011001,2026-07-12,1,ヒューザー,5,5,8.0,8,13.0,18,18.0,13,6.0,,,2023104180.0,10.0,2026-07-12,52.74,35.9,58.9,30.4,98.0,51.2,59.6,距離適性 / 頭数減経験 / 前走人気以上 / 近走上向き
202602011001,2026-07-12,1,スイーヴル,2,2,2.0,3,3.0,6,4.0,3,4.0,3,10.0,2023101660.0,6.0,2026-07-12,67.23,81.7,53.3,80.2,60.5,56.0,68.3,函館実績 / 距離適性 / 安定感
202602011001,2026-07-12,1,マーゴットオネイロ,4,4,1.0,2,3.0,2,5.0,6,8.0,10,7.0,2023105310.0,13.0,2026-07-12,62.15,75.9,49.4,75.1,56.0,50.0,63.3,距離適性 / 頭数減経験 / 安定感
202602011001,2026-07-12,1,アジーザム,10,5,10.0,9,15.0,8,10.0,15,12.0,7,9.0,2023102951.0,1.0,2026-07-12,56.49,43.7,72.3,30.4,78.5,62.0,51.6,頭数減経験 / 前走人気以上 / 人気以上に走る傾向 / 近走上向き
202602011001,2026-07-12,1,ホワイトラバーズ,9,4,9.0,9,10.0,7,10.0,12,13.0,13,18.0,2023101742.0,12.0,2026-07-12,58.45,44.5,71.2,30.4,87.5,65.0,56.6,函館実績 / 前走人気以上 / 人気以上に走る傾向 / 近走上向き
202602011001,2026-07-12,1,スプリングドリーム,12,15,5.0,9,2.0,3,1.0,14,4.0,,,2023106782.0,15.0,2026-07-12,17.95,28.5,0.0,19.8,12.0,13.8,42.3,総合評価
202602011001,2026-07-12,1,ホウオウワイズ,11,8,10.0,,,,,,,,,2023107525.0,11.0,2026-07-12,47.08,44.0,64.0,0.0,50.0,60.0,50.0,総合評価
202602011001,2026-07-12,1,サンライズロイ,3,4,6.0,5,3.0,4,5.0,2,8.0,7,7.0,2023106556.0,5.0,2026-07-12,66.75,73.9,58.3,89.7,53.0,57.0,69.9,阪神実績 / 距離適性 / 安定感
202602011001,2026-07-12,1,ニシノギャルズ,6,13,8.0,7,4.0,4,9.0,14,11.0,10,11.0,2023100360.0,1.0,2026-07-12,34.85,32.1,38.7,19.8,24.5,45.0,49.6,総合評価
202602011002,2026-07-12,2,フィエスタ,7,12,7.0,9,10.0,,,,,,,2023102101.0,11.0,2026-07-12,28.2,22.8,33.9,0.0,32.0,40.0,42.3,総合評価
202602011002,2026-07-12,2,ボーントゥラブユー,12,6,7.0,5,8.0,5,6.0,7,7.0,15,4.0,2023106285.0,13.0,2026-07-12,52.76,56.2,50.8,44.7,62.0,44.0,58.7,函館実績
202602011002,2026-07-12,2,ダンツアラーム,8,8,12.0,5,8.0,9,8.0,7,13.0,7,6.0,2023104027.0,5.0,2026-07-12,52.43,50.4,67.8,24.9,44.0,61.0,52.4,函館実績 / 前走人気以上 / 人気以上に走る傾向
202602011002,2026-07-12,2,スリールーディカ,4,11,16.0,10,9.0,8,5.0,8,5.0,,,2023106211.0,9.0,2026-07-12,36.45,31.4,51.9,0.0,36.0,47.5,42.3,前走人気以上
202602011002,2026-07-12,2,ビアーレ,11,11,9.0,5,10.0,11,9.0,9,7.0,,,2023104914.0,10.0,2026-07-12,40.83,35.9,49.6,24.9,34.0,48.8,49.6,総合評価
202602011002,2026-07-12,2,プリュイドール,3,13,6.0,8,5.0,8,7.0,7,6.0,,,2023102987.0,6.0,2026-07-12,26.92,31.7,24.9,0.0,18.0,35.0,50.0,総合評価
202602011002,2026-07-12,2,ベネディクション,1,2,6.0,6,8.0,12,7.0,6,12.0,8,10.0,2023106380.0,12.0,2026-07-12,58.92,58.6,62.7,30.4,86.0,59.0,52.4,函館実績 / 前走人気以上 / 近走上向き
202602011002,2026-07-12,2,アルケミラモリス,6,6,11.0,5,16.0,9,10.0,8,6.0,7,13.0,2023102074.0,1.0,2026-07-12,60.26,54.1,83.5,24.9,57.5,71.0,52.4,函館実績 / 前走人気以上 / 人気以上に走る傾向 / 過小評価傾向
202602011002,2026-07-12,2,エアヴァイブス,5,7,1.0,7,1.0,2,5.0,4,1.0,2,6.0,2023106910.0,8.0,2026-07-12,47.52,67.5,30.7,44.7,30.5,42.0,63.3,距離適性 / 頭数減経験
202602011002,2026-07-12,2,アーミル,13,15,11.0,8,11.0,11,8.0,,,,,2023107002.0,2.0,2026-07-12,27.73,19.9,40.1,0.0,17.0,43.3,44.3,頭数減経験
202602011002,2026-07-12,2,サウンドファミリエ,2,7,15.0,6,16.0,8,13.0,11,15.0,,,2023104254.0,4.0,2026-07-12,60.15,47.3,100.0,0.0,58.0,83.8,42.3,前走人気以上 / 人気以上に走る傾向 / 過小評価傾向
202602011002,2026-07-12,2,ワンダージェム,10,10,10.0,6,11.0,,,,,,,2023101759.0,14.0,2026-07-12,43.76,42.4,65.8,0.0,26.0,62.5,42.3,人気以上に走る傾向
202602011002,2026-07-12,2,ヴィンテール,9,11,14.0,11,11.0,14,4.0,,,,,2023106898.0,3.0,2026-07-12,30.42,14.7,40.1,0.0,59.0,38.3,42.3,前走人気以上
202602011002,2026-07-12,2,フィエスタ,7,12,7.0,9,10.0,,,,,,,2023102101.0,1.0,2026-07-12,28.2,22.8,33.9,0.0,32.0,40.0,42.3,総合評価
202602011003,2026-07-12,3,ファントムグレース,11,9,11.0,9,13.0,8,10.0,12,12.0,,,2023102458.0,14.0,2026-07-12,44.54,33.9,65.6,0.0,54.0,60.0,44.3,頭数減経験 / 人気以上に走る傾向
202602011003,2026-07-12,3,サクセスゴールド,5,11,2.0,5,1.0,3,3.0,7,2.0,4,6.0,2023106691.0,10.0,2026-07-12,40.18,55.1,20.2,55.0,12.5,34.0,70.5,ダ適性 / 東京実績 / 距離適性
202602011003,2026-07-12,3,コーリンクレア,7,7,8.0,4,7.0,10,1.0,4,9.0,9,9.0,2023104194.0,9.0,2026-07-12,51.1,55.1,50.0,39.5,48.5,50.0,61.1,距離適性 / 頭数減経験
202602011003,2026-07-12,3,ジャストアダッシュ,10,7,8.0,2,2.0,8,6.0,2,6.0,5,9.0,2023104941.0,11.0,2026-07-12,55.84,67.9,56.3,49.8,33.5,57.0,53.3,総合評価
202602011003,2026-07-12,3,セラサイト,3,10,7.0,4,3.0,4,9.0,5,5.0,6,3.0,2023107306.0,13.0,2026-07-12,50.48,58.6,46.6,59.3,18.5,48.0,68.3,函館実績 / 距離適性
202602011003,2026-07-12,3,ゴーントゥファー,13,除,,14,13.0,,,,,,,2023106531.0,2.0,2026-07-12,27.82,0.0,43.0,0.0,50.0,45.0,52.0,頭数減経験
202602011003,2026-07-12,3,ロスニーニョス,8,8,9.0,5,11.0,4,10.0,9,10.0,10,12.0,2023103280.0,16.0,2026-07-12,58.36,53.5,73.4,44.7,44.0,66.0,59.0,ダ適性 / 頭数減経験 / 人気以上に走る傾向 / 過小評価傾向
202602011003,2026-07-12,3,ハイテイラオユエ,2,4,7.0,5,11.0,9,8.0,10,13.0,,,2023102520.0,4.0,2026-07-12,64.24,57.2,70.7,55.3,74.0,63.8,68.3,東京実績 / 距離適性 / 前走人気以上 / 人気以上に走る傾向
202602011003,2026-07-12,3,エクラドット,4,15,12.0,5,8.0,15,13.0,11,5.0,,,2023107035.0,7.0,2026-07-12,31.53,22.2,38.8,24.9,22.0,40.0,47.8,総合評価
202602011003,2026-07-12,3,ホウオウロレンシア,12,6,2.0,2,1.0,3,7.0,5,10.0,16,9.0,2023102396.0,15.0,2026-07-12,57.26,67.7,45.3,59.3,53.0,47.0,73.8,ダ適性 / 東京実績 / 距離適性
202602011003,2026-07-12,3,コサージュ,14,8,6.0,5,7.0,4,2.0,2,15.0,9,11.0,2023107147.0,8.0,2026-07-12,58.98,62.5,61.2,59.3,32.0,63.0,70.3,函館実績 / 距離適性 / 頭数減経験
202602011003,2026-07-12,3,ビンバラ,1,2,5.0,5,2.0,,,,,,,2023101117.0,5.0,2026-07-12,64.96,81.2,52.1,55.3,68.0,50.0,79.3,ダ適性 / 東京実績 / 距離適性 / 前走人気以上
202602011003,2026-07-12,3,アドバンスジェンヌ,9,12,8.0,6,13.0,,,,,,,2023104581.0,1.0,2026-07-12,37.18,33.6,56.7,0.0,14.0,57.5,44.3,頭数減経験
202602011003,2026-07-12,3,スリーケイ,6,6,7.0,10,8.0,,,,,,,2023100471.0,12.0,2026-07-12,43.93,45.6,47.5,0.0,74.0,47.5,42.3,近走上向き
202602011003,2026-07-12,3,ファントムグレース,11,9,11.0,9,13.0,8,10.0,12,12.0,,,2023102458.0,1.0,2026-07-12,44.54,33.9,65.6,0.0,54.0,60.0,44.3,頭数減経験 / 人気以上に走る傾向
202602011004,2026-07-12,4,ミカレオス,5,15,16.0,11,15.0,14,14.0,14,18.0,15,15.0,2023103767.0,12.0,2026-07-12,33.97,5.0,63.2,0.0,41.0,59.0,42.3,総合評価
202602011004,2026-07-12,4,ダイナソーコー,4,7,9.0,10,6.0,11,8.0,8,6.0,4,6.0,2023103548.0,5.0,2026-07-12,40.91,41.0,42.5,10.3,57.5,45.0,47.8,総合評価
202602011004,2026-07-12,4,ラッキーシグネチャ,2,6,11.0,8,13.0,14,13.0,,,,,2023105302.0,15.0,2026-07-12,51.57,38.9,73.9,0.0,80.0,65.0,42.3,前走人気以上 / 人気以上に走る傾向 / 近走上向き / 過小評価傾向
202602011004,2026-07-12,4,タケルフォーカス,1,5,6.0,2,8.0,7,5.0,7,3.0,3,8.0,2023106077.0,6.0,2026-07-12,61.82,70.1,59.4,65.7,48.5,56.0,64.0,芝適性 / 阪神実績 / 安定感
202602011004,2026-07-12,4,ウインブリザード,7,10,8.0,10,13.0,10,4.0,8,7.0,,,2023105874.0,3.0,2026-07-12,34.04,30.6,40.7,0.0,46.0,42.5,42.3,総合評価
202602011004,2026-07-12,4,マジックファイヤー,11,9,7.0,7,5.0,11,6.0,3,7.0,5,3.0,2023100771.0,11.0,2026-07-12,41.29,47.1,38.0,24.9,35.0,43.0,57.6,距離適性
202602011004,2026-07-12,4,ブリックアブラック,3,13,12.0,8,13.0,9,14.0,10,12.0,8,12.0,2023102410.0,10.0,2026-07-12,40.52,27.9,68.4,0.0,24.5,65.0,42.3,人気以上に走る傾向 / 過小評価傾向
202602011004,2026-07-12,4,レジーナレガリア,10,11,12.0,14,8.0,15,13.0,11,4.0,9,4.0,2023107271.0,18.0,2026-07-12,25.78,12.7,28.1,0.0,57.5,31.0,42.3,総合評価
202602011004,2026-07-12,4,レフィノス,13,17,16.0,7,8.0,10,8.0,15,13.0,17,7.0,2023103433.0,16.0,2026-07-12,26.05,18.5,37.6,0.0,21.5,36.0,42.3,総合評価
202602011004,2026-07-12,4,モヴシエラ,15,10,12.0,13,10.0,11,4.0,,,,,2023103493.0,14.0,2026-07-12,30.62,17.9,35.8,0.0,62.0,36.7,44.3,頭数減経験
202602011004,2026-07-12,4,アグアフレスカ,6,13,3.0,6,5.0,6,7.0,8,10.0,10,7.0,2023103579.0,1.0,2026-07-12,29.73,37.3,28.2,0.0,17.0,39.0,50.0,総合評価
202602011004,2026-07-12,4,デイズインザサン,8,13,11.0,5,12.0,9,14.0,11,16.0,,,2023101812.0,7.0,2026-07-12,46.89,31.4,72.3,24.9,22.0,68.8,54.8,函館実績 / 人気以上に走る傾向 / 過小評価傾向
202602011004,2026-07-12,4,ヴィラジョヴィス,14,2,6.0,7,6.0,5,5.0,3,2.0,3,8.0,2023103901.0,2.0,2026-07-12,67.0,75.3,59.4,75.1,65.0,57.0,68.8,芝適性 / 距離適性 / 頭数減経験 / 前走人気以上
202602011004,2026-07-12,4,ダディーズソード,16,7,10.0,8,11.0,,,,,,,2023103655.0,17.0,2026-07-12,50.84,48.4,71.0,0.0,56.0,65.0,44.3,頭数減経験 / 前走人気以上 / 人気以上に走る傾向 / 過小評価傾向
202602011004,2026-07-12,4,ハルノアメ,9,5,4.0,3,12.0,8,13.0,8,13.0,10,6.0,2023104002.0,9.0,2026-07-12,63.17,59.6,72.7,55.3,63.5,64.0,58.1,函館実績 / 人気以上に走る傾向
202602011004,2026-07-12,4,テンバコウクウ,12,9,11.0,6,15.0,6,15.0,13,17.0,13,15.0,2023104932.0,8.0,2026-07-12,53.38,38.7,87.9,0.0,53.0,76.0,44.3,頭数減経験 / 人気以上に走る傾向 / 過小評価傾向
202602011004,2026-07-12,4,ミカレオス,5,15,16.0,11,15.0,14,14.0,14,18.0,15,15.0,2023103767.0,1.0,2026-07-12,33.97,5.0,63.2,0.0,41.0,59.0,42.3,総合評価
202602011005,2026-07-12,5,ジオ,7,,,,,,,,,,,2024107038.0,4.0,2026-07-12,36.0,35.0,35.0,35.0,35.0,35.0,45.0,履歴少
202602011005,2026-07-12,5,トルネードサンダー,5,,,,,,,,,,,2024100245.0,7.0,2026-07-12,36.0,35.0,35.0,35.0,35.0,35.0,45.0,履歴少
202602011005,2026-07-12,5,リラカリス,10,,,,,,,,,,,2024102008.0,10.0,2026-07-12,36.0,35.0,35.0,35.0,35.0,35.0,45.0,履歴少
202602011005,2026-07-12,5,デアグランツ,1,,,,,,,,,,,2024106399.0,5.0,2026-07-12,36.0,35.0,35.0,35.0,35.0,35.0,45.0,履歴少
202602011005,2026-07-12,5,イッペイ,2,,,,,,,,,,,2024104442.0,3.0,2026-07-12,36.0,35.0,35.0,35.0,35.0,35.0,45.0,履歴少
202602011005,2026-07-12,5,アオイノリプー,3,,,,,,,,,,,2024100715.0,1.0,2026-07-12,36.0,35.0,35.0,35.0,35.0,35.0,45.0,履歴少
202602011005,2026-07-12,5,アルデシンザン,9,,,,,,,,,,,2024105809.0,2.0,2026-07-12,36.0,35.0,35.0,35.0,35.0,35.0,45.0,履歴少
202602011005,2026-07-12,5,ニーナラルゴ,4,,,,,,,,,,,2024106829.0,8.0,2026-07-12,36.0,35.0,35.0,35.0,35.0,35.0,45.0,履歴少
202602011005,2026-07-12,5,トムクリオーザ,8,,,,,,,,,,,2024106216.0,6.0,2026-07-12,36.0,35.0,35.0,35.0,35.0,35.0,45.0,履歴少
202602011005,2026-07-12,5,ブラッグス,6,,,,,,,,,,,2024106228.0,9.0,2026-07-12,36.0,35.0,35.0,35.0,35.0,35.0,45.0,履歴少
202602011005,2026-07-12,5,ジオ,7,,,,,,,,,,,2024107038.0,1.0,2026-07-12,36.0,35.0,35.0,35.0,35.0,35.0,45.0,履歴少
202602011006,2026-07-12,6,ミルトメロディー,1,4,6.0,5,6.0,3,5.0,5,14.0,10,10.0,2023100397.0,6.0,2026-07-12,69.93,69.5,68.0,89.7,60.5,64.0,72.0,芝適性 / 函館実績 / 距離適性 / 人気以上に走る傾向
202602011006,2026-07-12,6,サトノフレイ,2,6,2.0,3,2.0,5,1.0,6,2.0,3,1.0,2023103726.0,8.0,2026-07-12,48.27,70.0,28.7,55.0,39.5,35.0,55.3,頭数減経験
202602011006,2026-07-12,6,ミレニアルピンク,3,6,10.0,14,7.0,6,11.0,,,,,2023105679.0,16.0,2026-07-12,45.03,40.1,54.3,0.0,74.0,53.3,44.3,頭数減経験 / 前走人気以上 / 近走上向き
202602011006,2026-07-12,6,ビップジョワ,5,16,15.0,11,10.0,7,7.0,4,5.0,6,6.0,2023102511.0,13.0,2026-07-12,34.0,32.5,47.1,14.6,0.0,49.0,49.6,総合評価
202602011006,2026-07-12,6,ドラリズム,7,13,7.0,3,4.0,4,8.0,10,6.0,3,6.0,2023100515.0,10.0,2026-07-12,43.46,49.9,42.6,55.0,2.0,48.0,57.0,芝適性
202602011006,2026-07-12,6,ハナイロマヒナ,16,7,6.0,7,9.0,13,5.0,5,2.0,4,9.0,2023104093.0,11.0,2026-07-12,44.53,47.3,40.9,24.9,51.5,45.0,60.0,距離適性 / 頭数減経験
202602011006,2026-07-12,6,フォークスアップ,10,7,16.0,14,13.0,10,15.0,15,14.0,12,12.0,2023104248.0,15.0,2026-07-12,46.96,22.6,73.3,0.0,84.5,62.0,42.3,前走人気以上 / 人気以上に走る傾向 / 近走上向き
202602011006,2026-07-12,6,フォルストランキル,13,15,2.0,6,3.0,2,6.0,,,,,2023107270.0,14.0,2026-07-12,27.14,44.1,13.6,19.8,0.0,30.0,49.6,総合評価
202602011006,2026-07-12,6,ワイドアルバ,12,10,8.0,9,8.0,6,7.0,6,5.0,12,11.0,2023106359.0,18.0,2026-07-12,36.9,39.3,43.6,0.0,39.5,46.0,42.3,総合評価
202602011006,2026-07-12,6,ネオシューマン,11,14,7.0,11,7.0,,,,,,,2023102220.0,1.0,2026-07-12,16.25,9.0,10.5,0.0,32.0,22.5,42.3,総合評価
202602011006,2026-07-12,6,ソルトバーン,6,11,14.0,10,10.0,12,13.0,13,11.0,7,16.0,2023102163.0,9.0,2026-07-12,39.33,21.4,62.2,0.0,47.0,61.0,42.3,前走人気以上
202602011006,2026-07-12,6,マティンデ,9,6,5.0,16,5.0,3,3.0,6,9.0,,,2023104867.0,5.0,2026-07-12,40.98,48.6,29.6,19.8,64.0,38.8,47.8,総合評価
202602011006,2026-07-12,6,ハネマン,15,8,14.0,6,15.0,18,9.0,14,11.0,4,9.0,2023103936.0,12.0,2026-07-12,48.53,36.2,66.6,10.3,65.0,58.0,52.6,クラス条件好転 / 前走人気以上 / 人気以上に走る傾向 / 近走上向き
202602011006,2026-07-12,6,ルージュフィーリア,4,2,4.0,,,,,,,,,2023107342.0,7.0,2026-07-12,64.17,92.0,64.0,30.4,50.0,60.0,50.0,総合評価
202602011006,2026-07-12,6,ノーブルマドンナ,14,12,15.0,14,12.0,10,13.0,5,14.0,8,9.0,2023104917.0,2.0,2026-07-12,42.2,23.6,67.0,14.6,33.5,64.0,47.8,前走人気以上 / 人気以上に走る傾向
202602011006,2026-07-12,6,ルーチェコメット,8,7,8.0,6,15.0,15,12.0,,,,,2023102456.0,17.0,2026-07-12,49.23,41.0,68.2,0.0,71.0,61.7,42.3,人気以上に走る傾向 / 近走上向き
202602011006,2026-07-12,6,ミルトメロディー,1,4,6.0,5,6.0,3,5.0,5,14.0,10,10.0,2023100397.0,1.0,2026-07-12,69.93,69.5,68.0,89.7,60.5,64.0,72.0,芝適性 / 函館実績 / 距離適性 / 人気以上に走る傾向
202602011007,2026-07-12,7,バシリス,8,4,5.0,10,3.0,7,3.0,6,4.0,2,2.0,2022106631.0,6.0,2026-07-12,48.83,58.6,32.3,40.7,63.5,38.0,68.3,京都実績 / 距離適性
202602011007,2026-07-12,7,デルマサクラサク,2,8,2.0,3,4.0,3,4.0,2,6.0,8,13.0,2022105343.0,5.0,2026-07-12,55.86,68.9,48.1,59.3,26.0,55.0,71.0,ダ適性 / 京都実績 / 距離適性
202602011007,2026-07-12,7,ウィンターガーデン,4,7,7.0,7,6.0,3,4.0,12,6.0,10,9.0,2021105857.0,2.0,2026-07-12,44.36,50.0,42.8,19.8,56.0,43.0,49.8,頭数減経験
202602011007,2026-07-12,7,リピース,3,11,10.0,16,16.0,1,1.0,2,11.0,10,9.0,2023107412.0,9.0,2026-07-12,47.06,42.2,56.3,34.3,27.5,57.0,63.3,距離適性 / 頭数減経験
202602011007,2026-07-12,7,マリブサーフ,6,1,1.0,4,1.0,3,3.0,2,7.0,6,5.0,2023100966.0,8.0,2026-07-12,68.62,85.6,49.1,89.7,66.5,51.0,69.9,ダ適性 / 距離適性 / 頭数減経験 / 近走上向き
202602011007,2026-07-12,7,サウンドルーチェ,5,8,6.0,8,7.0,3,3.0,9,3.0,13,3.0,2022105267.0,4.0,2026-07-12,39.62,46.6,30.6,19.8,51.5,31.0,63.3,距離適性 / 頭数減経験
202602011007,2026-07-12,7,アリストクラシア,7,5,1.0,4,6.0,4,3.0,3,4.0,2,2.0,2021105238.0,1.0,2026-07-12,62.71,76.4,44.6,100.0,39.5,48.0,71.5,ダ適性 / 距離適性 / 頭数減経験 / 安定感
202602011007,2026-07-12,7,コイタマチャン,9,1,2.0,2,3.0,2,3.0,3,6.0,2,4.0,2023100652.0,3.0,2026-07-12,74.28,93.3,59.8,100.0,57.5,58.0,68.0,ダ適性 / 距離適性 / 頭数減経験 / 安定感
202602011007,2026-07-12,7,ヒミノエトワール,1,4,2.0,7,2.0,9,1.0,3,1.0,4,1.0,2022102388.0,7.0,2026-07-12,47.64,63.3,21.7,55.3,60.5,30.0,66.0,ダ適性 / 距離適性 / 頭数減経験
202602011007,2026-07-12,7,バシリス,8,4,5.0,10,3.0,7,3.0,6,4.0,2,2.0,2022106631.0,1.0,2026-07-12,48.83,58.6,32.3,40.7,63.5,38.0,68.3,京都実績 / 距離適性
202602011008,2026-07-12,8,ブレイクザアイス,7,6,10.0,6,13.0,8,10.0,4,9.0,9,12.0,2019103219.0,10.0,2026-07-12,58.47,56.7,80.8,14.6,54.5,71.0,49.8,頭数減経験 / 前走人気以上 / 人気以上に走る傾向 / 過小評価傾向
202602011008,2026-07-12,8,シャローファースト,1,7,3.0,5,12.0,7,7.0,1,7.0,6,6.0,2023107258.0,5.0,2026-07-12,55.9,63.8,59.8,39.5,36.5,59.0,62.9,距離適性
202602011008,2026-07-12,8,シドニーホバート,9,11,4.0,8,4.0,9,4.0,3,3.0,9,4.0,2022105506.0,4.0,2026-07-12,29.12,40.1,17.6,14.6,27.5,29.0,45.4,総合評価
202602011008,2026-07-12,8,ディースプレマシー,10,7,9.0,4,11.0,10,9.0,7,5.0,2,10.0,2022104312.0,12.0,2026-07-12,57.7,57.4,68.8,35.3,42.5,64.0,68.3,函館実績 / 距離適性 / 人気以上に走る傾向
202602011008,2026-07-12,8,シーリュウシー,6,2,11.0,10,11.0,4,7.0,16,13.0,7,8.0,2021106180.0,6.0,2026-07-12,65.59,55.3,72.7,50.2,93.5,61.0,68.7,京都実績 / 距離適性 / 頭数減経験 / 前走人気以上
202602011008,2026-07-12,8,カージオイド,8,9,8.0,9,6.0,7,6.0,7,8.0,15,1.0,2022104062.0,2.0,2026-07-12,34.11,37.8,32.1,0.0,53.0,32.0,49.8,頭数減経験
202602011008,2026-07-12,8,ステイアンビシャス,4,10,5.0,4,2.0,3,4.0,4,9.0,7,6.0,2022101255.0,7.0,2026-07-12,50.19,60.5,41.6,59.3,17.0,48.0,73.8,ダ適性 / 中山実績 / 距離適性
202602011008,2026-07-12,8,ミスターエメラルド,3,15,8.0,1,1.0,2,1.0,7,4.0,3,8.0,2023106516.0,11.0,2026-07-12,43.96,59.4,34.3,55.0,0.0,44.0,63.5,ダ適性 / 距離適性
202602011008,2026-07-12,8,ダイシンレアレア,2,3,3.0,7,2.0,2,10.0,7,6.0,10,4.0,2022106566.0,8.0,2026-07-12,57.88,67.1,47.0,50.2,71.0,46.0,68.3,中山実績 / 距離適性 / 近走上向き
202602011008,2026-07-12,8,ハイドパーク,11,1,4.0,6,2.0,5,5.0,3,6.0,6,13.0,2023104100.0,9.0,2026-07-12,65.87,77.2,57.5,64.7,74.0,59.0,55.3,頭数減経験 / 前走人気以上 / 近走上向き / 安定感
202602011008,2026-07-12,8,サトノリアン,5,5,11.0,9,8.0,7,7.0,8,13.0,5,11.0,2021104155.0,3.0,2026-07-12,60.1,53.4,70.5,40.7,63.5,66.0,65.0,ダ適性 / 距離適性 / 前走人気以上 / 人気以上に走る傾向
202602011008,2026-07-12,8,ブレイクザアイス,7,6,10.0,6,13.0,8,10.0,4,9.0,9,12.0,2019103219.0,1.0,2026-07-12,58.47,56.7,80.8,14.6,54.5,71.0,49.8,頭数減経験 / 前走人気以上 / 人気以上に走る傾向 / 過小評価傾向
202602011009,2026-07-12,9,マイネルフーガ,1,8,3.0,2,4.0,9,6.0,5,6.0,9,7.0,2022106813.0,14.0,2026-07-12,47.69,57.1,38.3,39.5,39.5,43.0,70.3,中山実績 / 距離適性 / 頭数減経験
202602011009,2026-07-12,9,ジャズ,3,4,4.0,15,5.0,4,3.0,5,4.0,1,4.0,2021103227.0,5.0,2026-07-12,53.97,58.4,32.3,75.1,63.5,41.0,75.0,芝適性 / 京都実績 / 距離適性 / 頭数減経験
202602011009,2026-07-12,9,バルティカ,9,3,4.0,15,9.0,3,3.0,6,5.0,5,10.0,2022105018.0,12.0,2026-07-12,57.52,57.9,44.3,60.5,75.5,49.0,75.0,芝適性 / 函館実績 / 距離適性 / 頭数減経験
202602011009,2026-07-12,9,ウィルサヴァイブ,12,4,2.0,6,3.0,4,1.0,2,3.0,11,4.0,2022104748.0,11.0,2026-07-12,53.7,68.6,32.3,64.7,60.5,36.0,66.8,芝適性 / 距離適性 / 安定感
202602011009,2026-07-12,9,テルヒコウ,2,14,6.0,1,4.0,14,9.0,4,7.0,1,3.0,2023100627.0,15.0,2026-07-12,41.3,46.3,35.8,49.8,0.0,45.0,74.5,芝適性 / 東京実績 / 距離適性 / クラス条件好転
202602011009,2026-07-12,9,ロードマンハイム,13,5,5.0,6,10.0,7,6.0,6,2.0,2,6.0,2020100177.0,2.0,2026-07-12,56.54,64.2,54.4,40.7,51.5,53.0,70.3,函館実績 / 距離適性 / 頭数減経験
202602011009,2026-07-12,9,エリム,10,15,14.0,7,12.0,7,13.0,14,13.0,1,7.0,2020102803.0,3.0,2026-07-12,41.31,33.6,68.2,10.3,3.5,65.0,47.8,人気以上に走る傾向 / 過小評価傾向
202602011009,2026-07-12,9,サタデーサンライズ,4,8,3.0,4,2.0,1,1.0,2,5.0,6,12.0,2022101411.0,9.0,2026-07-12,53.84,71.7,43.3,59.3,21.5,52.0,64.0,芝適性 / 距離適性
202602011009,2026-07-12,9,エーデル,7,13,10.0,5,5.0,10,10.0,9,10.0,8,8.0,2021105321.0,7.0,2026-07-12,37.53,33.5,44.6,24.9,20.0,48.0,53.3,総合評価
202602011009,2026-07-12,9,コッツォリーノ,14,1,1.0,2,1.0,2,1.0,10,8.0,1,1.0,2023106718.0,16.0,2026-07-12,66.35,85.9,44.8,85.4,66.5,46.0,68.6,芝適性 / 距離適性 / 近走上向き / 安定感
202602011009,2026-07-12,9,レイヤードレッド,8,7,6.0,7,9.0,4,8.0,4,10.0,8,8.0,2022103310.0,10.0,2026-07-12,55.85,59.4,63.0,34.3,42.5,61.0,63.3,距離適性 / 頭数減経験
202602011009,2026-07-12,9,フォルテフィオーレ,5,5,7.0,1,1.0,8,3.0,2,2.0,3,2.0,2021100165.0,4.0,2026-07-12,59.97,76.4,46.6,80.2,41.0,46.0,64.0,芝適性 / 距離適性 / 安定感
202602011009,2026-07-12,9,フナデ,6,11,11.0,11,5.0,5,7.0,12,7.0,取,,2021103790.0,6.0,2026-07-12,34.62,29.3,35.7,19.8,40.0,38.8,52.5,頭数減経験
202602011009,2026-07-12,9,ラブリーリディア,11,2,8.0,9,12.0,14,7.0,5,6.0,1,3.0,2022100625.0,8.0,2026-07-12,61.75,57.2,60.8,55.3,81.5,55.0,70.3,函館実績 / 距離適性 / 頭数減経験 / 前走人気以上
202602011009,2026-07-12,9,マイネルフーガ,1,8,3.0,2,4.0,9,6.0,5,6.0,9,7.0,2022106813.0,1.0,2026-07-12,47.69,57.1,38.3,39.5,39.5,43.0,70.3,中山実績 / 距離適性 / 頭数減経験
202602011010,2026-07-12,10,カネコメブライト,6,5,6.0,1,5.0,7,7.0,3,5.0,1,4.0,2023100014.0,13.0,2026-07-12,66.95,78.5,63.3,80.2,38.0,60.0,72.0,ダ適性 / 阪神実績 / 距離適性 / 安定感
202602011010,2026-07-12,10,サンディブロンド,11,14,16.0,16,15.0,6,8.0,5,9.0,8,7.0,2021105821.0,5.0,2026-07-12,38.11,26.3,58.6,14.6,18.5,56.0,48.6,総合評価
202602011010,2026-07-12,10,デアプリームス,4,1,2.0,1,2.0,3,7.0,10,9.0,,,2023107523.0,18.0,2026-07-12,70.93,84.8,59.3,75.1,72.0,56.2,74.3,ダ適性 / 距離適性 / 頭数減経験 / 近走上向き
202602011010,2026-07-12,10,エコロレバン,12,1,5.0,1,2.0,2,3.0,3,4.0,,,2023103625.0,14.0,2026-07-12,75.1,95.6,64.1,89.7,56.0,58.8,72.3,ダ適性 / 距離適性 / 前走人気以上 / 安定感
202602011010,2026-07-12,10,ヒットミー,2,1,4.0,7,7.0,2,9.0,14,6.0,12,10.0,2022104394.0,10.0,2026-07-12,61.78,62.8,56.4,50.2,96.5,50.0,60.5,距離適性 / 頭数減経験 / 前走人気以上 / 近走上向き
202602011010,2026-07-12,10,クロナ,1,1,1.0,1,4.0,7,5.0,11,8.0,7,4.0,2023107374.0,17.0,2026-07-12,62.12,73.9,47.2,55.3,83.0,45.0,72.0,ダ適性 / 函館実績 / 距離適性 / 近走上向き
202602011010,2026-07-12,10,サベージラヴ,10,15,13.0,4,4.0,4,8.0,1,7.0,5,5.0,2021103748.0,4.0,2026-07-12,52.22,55.6,57.4,69.6,0.0,58.0,64.0,ダ適性 / 距離適性 / 安定感
202602011010,2026-07-12,10,ビーマックス,3,13,9.0,6,5.0,7,11.0,6,5.0,2,7.0,2022100729.0,8.0,2026-07-12,39.22,44.7,47.9,10.3,3.5,53.0,61.3,距離適性
202602011010,2026-07-12,10,マメタンク,5,1,1.0,2,1.0,3,2.0,7,3.0,1,1.0,2023105591.0,15.0,2026-07-12,65.88,87.8,42.8,85.4,63.5,44.0,69.9,ダ適性 / 距離適性 / 頭数減経験 / 安定感
202602011010,2026-07-12,10,ストリンジェンド,9,6,6.0,9,11.0,10,8.0,4,5.0,6,8.0,2020102702.0,2.0,2026-07-12,48.23,50.0,53.2,14.6,57.5,53.0,53.8,クラス条件好転 / 頭数減経験
202602011010,2026-07-12,10,ルイステソーロ,7,3,2.0,1,1.0,2,3.0,11,2.0,6,1.0,2022100574.0,7.0,2026-07-12,59.04,77.8,36.4,75.1,62.0,36.0,70.3,中山実績 / 距離適性 / 頭数減経験 / 安定感
202602011010,2026-07-12,10,ストロングボンド,8,12,8.0,16,16.0,1,3.0,4,1.0,1,2.0,2023105661.0,16.0,2026-07-12,43.01,44.8,41.9,44.7,11.0,46.0,72.8,ダ適性 / 距離適性 / クラス条件好転 / 頭数減経験
202602011010,2026-07-12,10,カネコメブライト,6,5,6.0,1,5.0,7,7.0,3,5.0,1,4.0,2023100014.0,1.0,2026-07-12,66.95,78.5,63.3,80.2,38.0,60.0,72.0,ダ適性 / 阪神実績 / 距離適性 / 安定感
202602011011,2026-07-12,11,エラトー,4,13,7.0,12,3.0,1,6.0,8,2.0,2,3.0,2021105442.0,14.0,2026-07-12,30.77,39.9,23.0,30.1,6.5,35.0,47.8,総合評価
202602011011,2026-07-12,11,パレハ,8,9,8.0,9,6.0,7,4.0,3,7.0,5,8.0,2021106752.0,17.0,2026-07-12,45.25,49.5,44.7,24.9,32.0,50.0,68.3,福島実績 / 距離適性
202602011011,2026-07-12,11,タシット,7,2,12.0,6,9.0,12,12.0,5,6.0,6,6.0,2019106335.0,7.0,2026-07-12,64.92,61.4,77.5,45.0,81.5,64.0,49.8,頭数減経験 / 前走人気以上 / 人気以上に走る傾向 / 近走上向き
202602011011,2026-07-12,11,シルトホルン,3,7,8.0,3,3.0,5,11.0,2,4.0,11,7.0,2020105424.0,10.0,2026-07-12,58.37,65.7,59.6,59.3,39.5,55.0,61.3,距離適性
202602011011,2026-07-12,11,キョウエイブリッサ,5,10,17.0,5,3.0,4,4.0,12,8.0,5,11.0,2020107001.0,11.0,2026-07-12,51.82,49.3,61.7,55.0,29.0,57.0,51.7,前走人気以上
202602011011,2026-07-12,11,レディントン,11,9,15.0,14,10.0,11,7.0,11,3.0,3,4.0,2021105926.0,15.0,2026-07-12,36.18,26.5,42.8,10.3,54.5,41.0,49.6,前走人気以上
202602011011,2026-07-12,11,エエヤン,12,12,14.0,15,15.0,14,11.0,14,10.0,15,13.0,2020105295.0,9.0,2026-07-12,29.97,3.6,44.6,0.0,65.0,43.0,44.3,頭数減経験 / 近走上向き
202602011011,2026-07-12,11,ストレイトトーカー,14,16,12.0,1,5.0,4,4.0,1,1.0,3,1.0,2022101669.0,19.0,2026-07-12,52.11,63.2,47.0,69.6,0.0,48.0,80.5,芝適性 / 東京実績 / 距離適性 / クラス条件好転
202602011011,2026-07-12,11,レディネス,10,4,3.0,1,4.0,16,3.0,17,9.0,1,3.0,2022104416.0,20.0,2026-07-12,52.66,58.4,28.4,65.7,78.5,33.0,75.9,東京実績 / 距離適性 / クラス条件好転 / 頭数減経験
202602011011,2026-07-12,11,ヴーレヴー,1,16,8.0,11,7.0,12,16.0,6,12.0,15,17.0,2022104617.0,21.0,2026-07-12,27.53,16.1,39.1,0.0,20.0,50.0,42.3,総合評価
202602011011,2026-07-12,11,パトリックハンサム,9,1,9.0,7,10.0,8,14.0,10,13.0,16,10.0,2019103850.0,3.0,2026-07-12,64.83,56.1,79.3,30.4,100.0,64.0,54.8,札幌実績 / 前走人気以上 / 人気以上に走る傾向 / 近走上向き
202602011011,2026-07-12,11,レディーヴァリュー,2,16,14.0,15,5.0,1,2.0,1,2.0,1,1.0,2021105228.0,13.0,2026-07-12,37.45,44.7,30.7,44.7,0.0,40.0,66.0,芝適性 / 距離適性 / 頭数減経験
202602011011,2026-07-12,11,ウインシュクラン,13,15,10.0,4,2.0,3,2.0,5,5.0,10,4.0,2018101615.0,1.0,2026-07-12,39.06,48.4,30.1,59.3,0.0,36.0,61.3,距離適性
202602011011,2026-07-12,11,リラボニート,6,9,11.0,3,5.0,9,3.0,2,6.0,8,9.0,2021103519.0,12.0,2026-07-12,51.02,57.0,54.3,39.5,29.0,53.0,64.0,芝適性 / 距離適性
202602011011,2026-07-12,11,エラトー,4,13,7.0,12,3.0,1,6.0,8,2.0,2,3.0,2021105442.0,1.0,2026-07-12,30.77,39.9,23.0,30.1,6.5,35.0,47.8,総合評価
202602011012,2026-07-12,12,ナンナンプー,4,9,7.0,7,8.0,11,8.0,11,6.0,11,4.0,2022102878.0,4.0,2026-07-12,33.62,32.8,33.2,0.0,56.0,34.0,49.8,頭数減経験
202602011012,2026-07-12,12,ダブルチャレンジ,3,5,7.0,16,6.0,1,1.0,2,8.0,4,10.0,2023104875.0,3.0,2026-07-12,58.53,61.7,47.3,75.1,54.5,54.0,68.0,芝適性 / 距離適性 / 頭数減経験 / 安定感
202602011012,2026-07-12,12,シャルトル,7,5,9.0,6,6.0,4,4.0,1,3.0,5,3.0,2023100177.0,2.0,2026-07-12,63.76,72.3,59.1,75.1,44.0,54.0,74.9,芝適性 / 東京実績 / 距離適性 / 前走人気以上
202602011012,2026-07-12,12,ココソラーレ,2,7,10.0,16,13.0,9,11.0,9,15.0,12,12.0,2023109031.0,7.0,2026-07-12,44.44,29.4,60.0,0.0,77.0,58.0,44.3,頭数減経験 / 前走人気以上 / 近走上向き
202602011012,2026-07-12,12,サンポーニャ,1,16,2.0,16,3.0,3,4.0,2,5.0,7,9.0,2020102050.0,1.0,2026-07-12,24.09,35.4,3.4,34.3,0.0,29.0,51.7,総合評価
202602011012,2026-07-12,12,マインセーラ,8,8,7.0,9,12.0,2,2.0,1,2.0,2,1.0,2023102305.0,8.0,2026-07-12,51.84,64.6,53.4,44.7,23.0,52.0,55.3,頭数減経験
202602011012,2026-07-12,12,ハッピーラッキー,6,5,3.0,5,2.0,2,4.0,4,7.0,1,2.0,2023103137.0,5.0,2026-07-12,63.85,77.2,47.1,100.0,38.0,51.0,72.3,芝適性 / 距離適性 / 安定感
202602011012,2026-07-12,12,ペイシャアーサー,5,14,7.0,14,8.0,11,5.0,16,5.0,1,2.0,2022104221.0,6.0,2026-07-12,19.06,14.3,5.8,10.3,29.0,21.0,60.0,距離適性 / 頭数減経験
202602011012,2026-07-12,12,ナンナンプー,4,9,7.0,7,8.0,11,8.0,11,6.0,11,4.0,2022102878.0,1.0,2026-07-12,33.62,32.8,33.2,0.0,56.0,34.0,49.8,頭数減経験
202603020601,2026-07-12,1,ジャスパーグレイト,8,15,12.0,5,7.0,8,4.0,4,5.0,6,5.0,2019110088.0,8.0,2026-07-12,38.87,42.9,41.9,39.5,0.0,45.0,57.5,東京実績
202603020601,2026-07-12,1,シグムンド,14,8,8.0,6,5.0,3,4.0,7,9.0,15,7.0,2021106353.0,7.0,2026-07-12,46.62,52.5,45.9,19.8,48.5,44.0,65.5,中山実績 / 距離適性
202603020601,2026-07-12,1,トーアマリシテン,1,3,3.0,2,7.0,10,7.0,5,3.0,3,5.0,2021105335.0,12.0,2026-07-12,65.01,72.6,54.0,80.2,62.0,52.0,73.8,障適性 / 福島実績 / 距離適性 / 安定感
202603020601,2026-07-12,1,アウルムレガリア,7,8,11.0,8,12.0,12,13.0,9,16.0,12,11.0,2022103503.0,1.0,2026-07-12,47.19,33.2,71.2,0.0,63.5,64.0,42.3,前走人気以上 / 人気以上に走る傾向
202603020601,2026-07-12,1,フェイトライン,13,10,5.0,5,3.0,3,3.0,10,3.0,6,6.0,2022104992.0,14.0,2026-07-12,41.36,52.3,28.7,44.7,26.0,36.0,62.9,距離適性
202603020601,2026-07-12,1,モスクロッサー,3,2,4.0,6,4.0,8,10.0,16,9.0,6,5.0,2021105501.0,17.0,2026-07-12,52.77,57.8,45.7,30.4,92.0,44.0,47.8,近走上向き
202603020601,2026-07-12,1,スノーリン,10,8,13.0,11,14.0,13,14.0,9,7.0,8,11.0,2022103588.0,9.0,2026-07-12,44.73,28.9,67.4,0.0,63.5,60.0,44.3,頭数減経験 / 前走人気以上 / 人気以上に走る傾向
202603020601,2026-07-12,1,ブライテストドーン,11,2,13.0,10,6.0,8,4.0,5,4.0,5,6.0,2020102956.0,16.0,2026-07-12,61.29,60.6,60.6,55.3,80.0,53.0,61.3,距離適性 / 前走人気以上 / 近走上向き
202603020601,2026-07-12,1,クラウンウルル,12,7,12.0,14,13.0,11,15.0,14,13.0,15,10.0,2022101278.0,3.0,2026-07-12,42.27,19.8,59.8,0.0,89.0,52.0,44.3,頭数減経験 / 前走人気以上 / 近走上向き
202603020601,2026-07-12,1,サラフィエル,4,6,7.0,4,3.0,4,2.0,5,1.0,3,3.0,2019101464.0,6.0,2026-07-12,56.72,70.8,43.5,69.6,38.0,44.0,73.8,障適性 / 中山実績 / 距離適性 / 安定感
202603020601,2026-07-12,1,エポカスピーガ,6,6,14.0,15,15.0,13,6.0,11,15.0,16,15.0,2022101532.0,2.0,2026-07-12,44.68,21.9,60.7,0.0,96.5,54.0,48.3,クラス条件好転 / 頭数減経験 / 前走人気以上 / 近走上向き
202603020601,2026-07-12,1,トモジャシャトー,5,12,13.0,12,11.0,8,11.0,5,7.0,8,9.0,2021101041.0,11.0,2026-07-12,40.37,29.8,57.3,14.6,27.5,56.0,53.8,クラス条件好転 / 頭数減経験
202603020601,2026-07-12,1,ノブダブルホワイト,2,7,13.0,10,14.0,16,14.0,12,15.0,7,11.0,2022101614.0,13.0,2026-07-12,48.47,29.9,72.9,0.0,75.5,65.0,44.3,頭数減経験 / 前走人気以上 / 人気以上に走る傾向 / 近走上向き
202603020601,2026-07-12,1,ゲレル,9,3,4.0,6,7.0,9,9.0,7,18.0,10,16.0,2022101203.0,4.0,2026-07-12,61.42,58.1,69.4,30.4,80.0,69.0,55.8,距離適性 / 人気以上に走る傾向 / 近走上向き / 過小評価傾向
202603020602,2026-07-12,2,フィーユレアル,3,8,5.0,8,5.0,9,9.0,6,6.0,7,8.0,2023101443.0,15.0,2026-07-12,38.32,45.6,39.1,0.0,47.0,45.0,42.3,総合評価
202603020602,2026-07-12,2,ヒロイックヴァース,1,13,2.0,2,5.0,6,10.0,11,5.0,3,3.0,2023102418.0,14.0,2026-07-12,37.38,47.6,31.2,35.3,5.0,40.0,61.3,距離適性
202603020602,2026-07-12,2,ゴットタレント,4,4,9.0,12,7.0,6,3.0,3,6.0,11,4.0,2023100377.0,5.0,2026-07-12,52.9,52.3,45.8,45.0,74.0,43.0,69.9,東京実績 / 距離適性 / 前走人気以上 / 近走上向き
202603020602,2026-07-12,2,トランセンコ,7,9,9.0,6,7.0,4,7.0,9,12.0,7,10.0,2023104273.0,12.0,2026-07-12,48.62,51.5,61.1,19.8,35.0,60.0,45.4,総合評価
202603020602,2026-07-12,2,グラスフェザー,12,10,11.0,15,6.0,,,,,,,2023106352.0,3.0,2026-07-12,28.45,15.4,25.5,0.0,80.0,30.0,42.3,近走上向き
202603020602,2026-07-12,2,アーティキュレート,6,3,8.0,9,5.0,4,4.0,14,11.0,,,2023106860.0,1.0,2026-07-12,57.11,55.2,50.7,50.2,86.0,47.5,65.0,ダ適性 / 距離適性 / 前走人気以上 / 近走上向き
202603020602,2026-07-12,2,ニシノトマラナイ,14,13,10.0,9,6.0,7,8.0,8,7.0,5,8.0,2023106272.0,13.0,2026-07-12,33.79,33.9,40.9,10.3,15.5,47.0,48.0,頭数減経験
202603020602,2026-07-12,2,レヴェンドール,10,7,12.0,中,4.0,取,,6,8.0,6,5.0,2023106025.0,10.0,2026-07-12,50.67,55.6,71.6,0.0,44.0,60.0,42.3,前走人気以上 / 人気以上に走る傾向
202603020602,2026-07-12,2,ディメンシア,11,,,,,,,,,,,2023102042.0,7.0,2026-07-12,36.0,35.0,35.0,35.0,35.0,35.0,45.0,履歴少
202603020602,2026-07-12,2,ペイシャオーヴァル,8,,,,,,,,,,,2023100470.0,16.0,2026-07-12,36.0,35.0,35.0,35.0,35.0,35.0,45.0,履歴少
202603020602,2026-07-12,2,ルストラーレ,15,,,,,,,,,,,2023106377.0,9.0,2026-07-12,36.0,35.0,35.0,35.0,35.0,35.0,45.0,履歴少
202603020602,2026-07-12,2,ジュンヴィヴァン,13,13,10.0,,,,,,,,,2023106770.0,11.0,2026-07-12,23.98,4.0,29.0,0.0,50.0,35.0,50.0,総合評価
202603020602,2026-07-12,2,レアリゼソンレーヴ,9,18,3.0,9,9.0,6,7.0,,,,,2023104401.0,17.0,2026-07-12,17.97,27.7,9.3,0.0,0.0,26.7,42.3,総合評価
202603020602,2026-07-12,2,サングラント,5,4,2.0,6,3.0,,,,,,,2023106956.0,6.0,2026-07-12,50.31,68.8,32.8,30.4,62.0,37.5,68.3,東京実績 / 距離適性
202603020602,2026-07-12,2,クリムゾンリーフ,2,4,1.0,3,3.0,2,2.0,6,5.0,3,4.0,2023102967.0,4.0,2026-07-12,62.55,79.6,43.3,85.4,47.0,47.0,73.8,ダ適性 / 東京実績 / 距離適性 / 安定感
202603020602,2026-07-12,2,フィーユレアル,3,8,5.0,8,5.0,9,9.0,6,6.0,7,8.0,2023101443.0,1.0,2026-07-12,38.32,45.6,39.1,0.0,47.0,45.0,42.3,総合評価
202603020603,2026-07-12,3,ウッケン,16,6,16.0,13,11.0,12,17.0,12,11.0,,,2023102527.0,4.0,2026-07-12,49.52,26.0,76.4,0.0,88.0,65.0,42.3,前走人気以上 / 人気以上に走る傾向 / 近走上向き / 過小評価傾向
202603020603,2026-07-12,3,エコロゼット,6,10,7.0,10,10.0,3,13.0,9,11.0,7,11.0,2023106146.0,5.0,2026-07-12,46.81,42.7,62.4,19.8,33.5,63.0,46.7,総合評価
202603020603,2026-07-12,3,ウインベルチェーロ,9,12,6.0,13,12.0,7,3.0,,,,,2023105879.0,2.0,2026-07-12,25.35,19.9,23.3,0.0,38.0,31.7,52.0,頭数減経験
202603020603,2026-07-12,3,ヤマニンリンキング,11,,,,,,,,,,,2023104359.0,15.0,2026-07-12,36.0,35.0,35.0,35.0,35.0,35.0,45.0,履歴少
202603020603,2026-07-12,3,シュタットパーク,13,10,11.0,7,11.0,10,9.0,,,,,2023107188.0,9.0,2026-07-12,41.82,36.0,60.3,0.0,41.0,56.7,44.3,頭数減経験
202603020603,2026-07-12,3,ミナヅキ,3,12,4.0,4,4.0,2,8.0,7,4.0,7,3.0,2023105449.0,18.0,2026-07-12,41.91,53.7,35.3,44.7,8.0,41.0,63.3,距離適性 / 頭数減経験
202603020603,2026-07-12,3,オーブレーヌ,4,8,8.0,6,11.0,,,,,,,2023106812.0,6.0,2026-07-12,47.86,51.2,65.8,0.0,38.0,62.5,44.3,頭数減経験 / 人気以上に走る傾向
202603020603,2026-07-12,3,ソアサージュ,8,11,13.0,14,16.0,,,,,,,2023105408.0,16.0,2026-07-12,39.43,11.0,64.0,0.0,68.0,60.0,44.3,頭数減経験 / 近走上向き
202603020603,2026-07-12,3,ヴァルカンテソーロ,1,2,1.0,3,5.0,4,7.0,3,6.0,7,10.0,2023106744.0,1.0,2026-07-12,71.68,81.5,60.7,89.7,63.5,60.0,74.9,芝適性 / 東京実績 / 距離適性 / 安定感
202603020603,2026-07-12,3,ホウオウショパン,15,,,,,,,,,,,2023102373.0,14.0,2026-07-12,36.0,35.0,35.0,35.0,35.0,35.0,45.0,履歴少
202603020603,2026-07-12,3,ギリーカラム,7,8,4.0,10,5.0,,,,,,,2023107104.0,8.0,2026-07-12,31.11,36.8,18.8,0.0,62.0,27.5,50.0,総合評価
202603020603,2026-07-12,3,レイナエヴィータ,12,,,,,,,,,,,2023103781.0,19.0,2026-07-12,36.0,35.0,35.0,35.0,35.0,35.0,45.0,履歴少
202603020603,2026-07-12,3,ブライスフェアリー,2,6,12.0,5,7.0,6,11.0,12,13.0,12,7.0,2023105892.0,12.0,2026-07-12,55.51,50.0,70.6,24.9,66.5,59.0,53.3,前走人気以上 / 人気以上に走る傾向 / 近走上向き
202603020603,2026-07-12,3,スティールシップ,14,,,,,,,,,,,2023100932.0,10.0,2026-07-12,36.0,35.0,35.0,35.0,35.0,35.0,45.0,履歴少
202603020603,2026-07-12,3,チャンピオンホープ,5,6,11.0,10,8.0,,,,,,,2023104580.0,17.0,2026-07-12,49.02,45.6,62.9,0.0,74.0,57.5,42.3,前走人気以上 / 近走上向き
202603020603,2026-07-12,3,ヴォンサクレ,10,8,12.0,3,9.0,8,15.0,13,7.0,5,8.0,2023100651.0,3.0,2026-07-12,55.86,50.6,74.7,35.3,45.5,64.0,51.1,前走人気以上 / 人気以上に走る傾向
202603020603,2026-07-12,3,ウッケン,16,6,16.0,13,11.0,12,17.0,12,11.0,,,2023102527.0,1.0,2026-07-12,49.52,26.0,76.4,0.0,88.0,65.0,42.3,前走人気以上 / 人気以上に走る傾向 / 近走上向き / 過小評価傾向
202603020604,2026-07-12,4,ジェントルアイズ,7,,,,,,,,,,,2024102155.0,8.0,2026-07-12,36.0,35.0,35.0,35.0,35.0,35.0,45.0,履歴少
202603020604,2026-07-12,4,エコロテラ,4,,,,,,,,,,,2024104541.0,2.0,2026-07-12,36.0,35.0,35.0,35.0,35.0,35.0,45.0,履歴少
202603020604,2026-07-12,4,ウカテンセイ,10,,,,,,,,,,,2024103179.0,1.0,2026-07-12,36.0,35.0,35.0,35.0,35.0,35.0,45.0,履歴少
202603020604,2026-07-12,4,ヴェールネージュ,5,,,,,,,,,,,2024107005.0,6.0,2026-07-12,36.0,35.0,35.0,35.0,35.0,35.0,45.0,履歴少
202603020604,2026-07-12,4,ワレモコウ,3,,,,,,,,,,,2024102061.0,5.0,2026-07-12,36.0,35.0,35.0,35.0,35.0,35.0,45.0,履歴少
202603020604,2026-07-12,4,ラヴィサンエール,1,,,,,,,,,,,2024103581.0,4.0,2026-07-12,36.0,35.0,35.0,35.0,35.0,35.0,45.0,履歴少
202603020604,2026-07-12,4,サクセスボーイ,9,,,,,,,,,,,2024101195.0,3.0,2026-07-12,36.0,35.0,35.0,35.0,35.0,35.0,45.0,履歴少
202603020604,2026-07-12,4,サンヴァンガード,2,,,,,,,,,,,2024100337.0,7.0,2026-07-12,36.0,35.0,35.0,35.0,35.0,35.0,45.0,履歴少
202603020604,2026-07-12,4,ハルガスミ,6,,,,,,,,,,,2024102004.0,10.0,2026-07-12,36.0,35.0,35.0,35.0,35.0,35.0,45.0,履歴少
202603020604,2026-07-12,4,トム,8,,,,,,,,,,,2024102127.0,9.0,2026-07-12,36.0,35.0,35.0,35.0,35.0,35.0,45.0,履歴少
202603020604,2026-07-12,4,ジェントルアイズ,7,,,,,,,,,,,2024102155.0,1.0,2026-07-12,36.0,35.0,35.0,35.0,35.0,35.0,45.0,履歴少
202603020605,2026-07-12,5,ブルーリボン,9,,,,,,,,,,,2024101798.0,15.0,2026-07-12,36.0,35.0,35.0,35.0,35.0,35.0,45.0,履歴少
202603020605,2026-07-12,5,イキフン,7,,,,,,,,,,,2024101560.0,1.0,2026-07-12,36.0,35.0,35.0,35.0,35.0,35.0,45.0,履歴少
202603020605,2026-07-12,5,タクミオジュウ,14,,,,,,,,,,,2024100130.0,10.0,2026-07-12,36.0,35.0,35.0,35.0,35.0,35.0,45.0,履歴少
202603020605,2026-07-12,5,ウィクフォード,2,,,,,,,,,,,2024106183.0,3.0,2026-07-12,36.0,35.0,35.0,35.0,35.0,35.0,45.0,履歴少
202603020605,2026-07-12,5,ローグアン,12,,,,,,,,,,,2024100263.0,19.0,2026-07-12,36.0,35.0,35.0,35.0,35.0,35.0,45.0,履歴少
202603020605,2026-07-12,5,ワンコール,10,,,,,,,,,,,2024106974.0,20.0,2026-07-12,36.0,35.0,35.0,35.0,35.0,35.0,45.0,履歴少
202603020605,2026-07-12,5,セレスタイト,8,,,,,,,,,,,2024102850.0,8.0,2026-07-12,36.0,35.0,35.0,35.0,35.0,35.0,45.0,履歴少
202603020605,2026-07-12,5,ソラニワラエバ,4,,,,,,,,,,,2024101481.0,9.0,2026-07-12,36.0,35.0,35.0,35.0,35.0,35.0,45.0,履歴少
202603020605,2026-07-12,5,ドーンレーサー,11,,,,,,,,,,,2024105844.0,12.0,2026-07-12,36.0,35.0,35.0,35.0,35.0,35.0,45.0,履歴少
202603020605,2026-07-12,5,クラウントリオンフ,15,,,,,,,,,,,2024100298.0,6.0,2026-07-12,36.0,35.0,35.0,35.0,35.0,35.0,45.0,履歴少
202603020605,2026-07-12,5,シーズアウルフ,6,,,,,,,,,,,2024106375.0,7.0,2026-07-12,36.0,35.0,35.0,35.0,35.0,35.0,45.0,履歴少
202603020605,2026-07-12,5,リサナウト,1,,,,,,,,,,,2024106301.0,17.0,2026-07-12,36.0,35.0,35.0,35.0,35.0,35.0,45.0,履歴少
202603020605,2026-07-12,5,ハクタカ,16,,,,,,,,,,,2024103502.0,14.0,2026-07-12,36.0,35.0,35.0,35.0,35.0,35.0,45.0,履歴少
202603020605,2026-07-12,5,エクスマキナ,3,,,,,,,,,,,2024104469.0,5.0,2026-07-12,36.0,35.0,35.0,35.0,35.0,35.0,45.0,履歴少
202603020605,2026-07-12,5,インザダーク,13,,,,,,,,,,,2024102407.0,2.0,2026-07-12,36.0,35.0,35.0,35.0,35.0,35.0,45.0,履歴少
202603020605,2026-07-12,5,エイシンウルクンデ,5,,,,,,,,,,,2024101589.0,4.0,2026-07-12,36.0,35.0,35.0,35.0,35.0,35.0,45.0,履歴少
202603020605,2026-07-12,5,ブルーリボン,9,,,,,,,,,,,2024101798.0,1.0,2026-07-12,36.0,35.0,35.0,35.0,35.0,35.0,45.0,履歴少
202603020606,2026-07-12,6,ピコランド,13,6,2.0,9,3.0,,,,,,,2023107540.0,11.0,2026-07-12,34.4,49.2,15.7,0.0,68.0,25.0,52.0,頭数減経験 / 近走上向き
202603020606,2026-07-12,6,アドミ,7,14,5.0,3,2.0,2,3.0,3,2.0,2,2.0,2023100283.0,1.0,2026-07-12,44.86,60.9,29.5,69.6,0.0,40.0,67.9,ダ適性 / 距離適性 / 安定感
202603020606,2026-07-12,6,ジャメビュ,9,4,5.0,4,7.0,7,6.0,6,4.0,3,5.0,2023102401.0,5.0,2026-07-12,62.22,69.8,55.4,65.7,56.0,53.0,73.8,ダ適性 / 東京実績 / 距離適性 / 安定感
202603020606,2026-07-12,6,パストゥザスターズ,16,13,11.0,,,,,,,,,2023100518.0,20.0,2026-07-12,26.36,4.0,36.0,0.0,50.0,40.0,50.0,総合評価
202603020606,2026-07-12,6,ニンジャトットリ,4,3,2.0,2,2.0,3,1.0,2,2.0,6,6.0,2023106658.0,9.0,2026-07-12,64.74,84.7,45.1,89.7,51.5,47.0,66.8,ダ適性 / 距離適性 / 安定感
202603020606,2026-07-12,6,ミスタートントン,2,2,2.0,2,2.0,3,1.0,2,6.0,8,9.0,2023107532.0,13.0,2026-07-12,69.29,85.5,52.0,89.7,60.5,53.0,74.3,ダ適性 / 距離適性 / 頭数減経験 / 安定感
202603020606,2026-07-12,6,イイクニパッション,5,4,1.0,2,3.0,2,2.0,3,4.0,12,5.0,2023100102.0,2.0,2026-07-12,62.78,77.7,41.3,89.7,54.5,42.0,79.3,ダ適性 / 福島実績 / 距離適性 / 安定感
202603020606,2026-07-12,6,フォワードシャッセ,14,4,3.0,7,5.0,11,2.0,,,,,2023107151.0,21.0,2026-07-12,43.6,53.3,25.9,30.4,80.0,30.0,50.0,近走上向き
202603020606,2026-07-12,6,オスロクィーン,15,12,11.0,13,7.0,10,5.0,11,1.0,,,2023110048.0,3.0,2026-07-12,21.8,14.6,16.9,0.0,46.0,22.5,50.0,総合評価
202603020606,2026-07-12,6,ジェムシリカ,3,7,7.0,7,11.0,16,9.0,,,,,2023106130.0,19.0,2026-07-12,41.63,38.3,46.4,0.0,77.0,45.0,42.3,近走上向き
202603020606,2026-07-12,6,ツクバヴァンガード,6,2,1.0,2,3.0,2,1.0,2,1.0,3,6.0,2023101037.0,6.0,2026-07-12,70.83,91.2,49.4,100.0,51.5,51.0,81.3,ダ適性 / 東京実績 / 距離適性 / 頭数減経験
202603020606,2026-07-12,6,ミラビリオン,1,3,5.0,5,3.0,4,2.0,4,4.0,7,4.0,2023102422.0,15.0,2026-07-12,62.81,74.0,45.8,89.7,62.0,45.0,66.0,ダ適性 / 距離適性 / 安定感
202603020606,2026-07-12,6,トリエンナーレ,8,9,10.0,7,12.0,15,8.0,7,9.0,,,2023103779.0,8.0,2026-07-12,40.58,35.1,53.6,0.0,54.0,51.2,42.3,総合評価
202603020606,2026-07-12,6,ユニオンジャック,12,,,,,,,,,,,2023109078.0,16.0,2026-07-12,36.0,35.0,35.0,35.0,35.0,35.0,45.0,履歴少
202603020606,2026-07-12,6,グラスアロー,11,8,14.0,15,14.0,12,15.0,15,11.0,,,2023106351.0,4.0,2026-07-12,42.13,17.6,62.4,0.0,86.0,55.0,42.3,前走人気以上 / 近走上向き
202603020606,2026-07-12,6,マッシブショット,10,10,8.0,8,13.0,7,8.0,9,9.0,取,,2023101845.0,12.0,2026-07-12,40.99,39.0,56.5,0.0,38.0,55.0,42.3,総合評価
202603020606,2026-07-12,6,ピコランド,13,6,2.0,9,3.0,,,,,,,2023107540.0,1.0,2026-07-12,34.4,49.2,15.7,0.0,68.0,25.0,52.0,頭数減経験 / 近走上向き
202603020607,2026-07-12,7,コスモシグルン,12,9,7.0,12,9.0,3,10.0,,,,,2023101040.0,18.0,2026-07-12,43.17,40.7,50.3,19.8,41.0,53.3,49.6,総合評価
202603020607,2026-07-12,7,イマジェリーナ,16,,,,,,,,,,,2023100226.0,1.0,2026-07-12,36.0,35.0,35.0,35.0,35.0,35.0,45.0,履歴少
202603020607,2026-07-12,7,マリノマーベラス,9,14,16.0,,,,,,,,,2023100815.0,14.0,2026-07-12,34.76,0.0,64.0,0.0,50.0,60.0,50.0,総合評価
202603020607,2026-07-12,7,シャインフォーミー,1,14,2.0,5,3.0,4,1.0,3,2.0,4,1.0,2023105561.0,7.0,2026-07-12,37.1,52.1,13.6,69.6,0.0,29.0,68.3,東京実績 / 距離適性 / 安定感
202603020607,2026-07-12,7,モーニングダリア,13,14,14.0,7,9.0,7,12.0,6,16.0,11,9.0,2023100348.0,15.0,2026-07-12,40.97,34.1,69.2,0.0,12.5,65.0,42.3,人気以上に走る傾向 / 過小評価傾向
202603020607,2026-07-12,7,インザライムライト,6,4,3.0,9,14.0,7,11.0,3,14.0,6,14.0,2023106441.0,2.0,2026-07-12,65.02,60.8,79.1,45.0,63.5,77.0,52.0,頭数減経験 / 人気以上に走る傾向 / 過小評価傾向
202603020607,2026-07-12,7,リナシタ,7,8,3.0,5,3.0,10,7.0,3,2.0,,,2023100290.0,16.0,2026-07-12,42.73,53.7,28.5,39.5,38.0,36.2,65.0,芝適性 / 距離適性
202603020607,2026-07-12,7,フライスカイハイ,4,8,8.0,6,11.0,7,8.0,7,10.0,13,9.0,2023103544.0,12.0,2026-07-12,46.1,46.6,60.3,0.0,51.5,55.0,47.0,頭数減経験
202603020607,2026-07-12,7,ウインディナナコ,8,4,8.0,11,11.0,,,,,,,2023100321.0,3.0,2026-07-12,59.0,50.8,65.4,30.4,92.0,60.0,60.0,距離適性 / 頭数減経験 / 前走人気以上 / 人気以上に走る傾向
202603020607,2026-07-12,7,ノーブルクロンヌ,3,6,10.0,4,12.0,6,8.0,13,18.0,15,9.0,2023103657.0,19.0,2026-07-12,56.69,49.6,76.0,24.9,71.0,63.0,42.3,前走人気以上 / 人気以上に走る傾向 / 近走上向き
202603020607,2026-07-12,7,キッショウダラニ,11,2,1.0,3,3.0,2,2.0,2,8.0,,,2023106095.0,17.0,2026-07-12,70.51,89.8,54.5,89.7,52.0,56.2,74.3,芝適性 / 距離適性 / 頭数減経験 / 安定感
202603020607,2026-07-12,7,ラルルジェンヌ,2,11,2.0,2,7.0,,,,,,,2023107019.0,20.0,2026-07-12,37.25,52.4,31.2,24.9,0.0,40.0,65.0,中山実績 / 距離適性
202603020607,2026-07-12,7,スイートハイデン,5,8,13.0,9,16.0,14,10.0,6,7.0,,,2023104025.0,9.0,2026-07-12,46.83,34.7,70.5,0.0,60.0,61.2,44.3,頭数減経験 / 前走人気以上 / 人気以上に走る傾向
202603020607,2026-07-12,7,ベルオーシャン,10,9,3.0,5,1.0,4,2.0,3,5.0,5,7.0,2023104980.0,13.0,2026-07-12,49.15,62.2,31.0,69.6,21.5,42.0,74.9,ダ適性 / 新潟実績 / 距離適性 / 安定感
202603020607,2026-07-12,7,サクラモンストール,14,18,8.0,,,,,,,,,2023103306.0,5.0,2026-07-12,11.0,0.0,0.0,0.0,50.0,0.0,50.0,総合評価
202603020607,2026-07-12,7,ダノンクラウディア,15,15,6.0,13,5.0,,,,,,,2023100181.0,11.0,2026-07-12,11.11,1.8,0.0,0.0,38.0,7.5,50.0,総合評価
202603020607,2026-07-12,7,コスモシグルン,12,9,7.0,12,9.0,3,10.0,,,,,2023101040.0,1.0,2026-07-12,43.17,40.7,50.3,19.8,41.0,53.3,49.6,総合評価
202603020608,2026-07-12,8,プリティーミズホ,12,4,9.0,11,7.0,4,5.0,1,5.0,13,6.0,2023102897.0,6.0,2026-07-12,60.19,58.1,54.1,64.7,69.5,49.0,79.8,芝適性 / 中山実績 / 距離適性 / クラス条件好転
202603020608,2026-07-12,8,レッドカメリア,5,7,13.0,14,10.0,8,10.0,6,6.0,5,8.0,2020100084.0,12.0,2026-07-12,48.1,40.3,60.7,10.3,57.5,57.0,61.3,距離適性 / 前走人気以上
202603020608,2026-07-12,8,ラブリーガール,8,3,6.0,8,9.0,9,7.0,15,13.0,10,7.0,2022102696.0,11.0,2026-07-12,51.78,46.5,51.1,30.4,95.0,47.0,48.6,前走人気以上 / 近走上向き
202603020608,2026-07-12,8,アイスブレイカー,11,14,16.0,11,16.0,9,7.0,9,13.0,9,10.0,2021103332.0,1.0,2026-07-12,36.89,21.1,65.0,0.0,23.0,60.0,42.3,人気以上に走る傾向
202603020608,2026-07-12,8,テルケンレンスキー,10,9,5.0,13,13.0,11,8.0,7,7.0,7,6.0,2023100954.0,3.0,2026-07-12,35.18,28.9,36.6,0.0,53.0,42.0,60.7,福島実績 / 頭数減経験
202603020608,2026-07-12,8,アイアンパイク,2,1,2.0,2,2.0,2,2.0,7,1.0,2,2.0,2023102633.0,10.0,2026-07-12,66.21,88.6,46.0,85.4,63.5,45.0,61.9,芝適性 / 頭数減経験 / 安定感
202603020608,2026-07-12,8,ビッグフラワー,6,6,4.0,6,5.0,3,4.0,6,4.0,6,2.0,2021100958.0,5.0,2026-07-12,46.6,64.7,40.4,19.8,45.5,42.0,50.5,総合評価
202603020608,2026-07-12,8,ミスターマーボー,4,3,7.0,1,1.0,2,1.0,2,1.0,2,4.0,2023100831.0,9.0,2026-07-12,72.04,91.6,57.6,100.0,42.5,54.0,79.3,芝適性 / 東京実績 / 距離適性 / 前走人気以上
202603020608,2026-07-12,8,ホウオウショコラ,3,10,8.0,13,4.0,8,5.0,16,2.0,4,9.0,2022101108.0,7.0,2026-07-12,27.68,26.1,15.2,10.3,51.5,27.0,55.3,頭数減経験
202603020608,2026-07-12,8,マイネルステラート,9,8,2.0,6,2.0,3,3.0,10,1.0,3,2.0,2022106818.0,8.0,2026-07-12,39.65,57.7,20.3,30.1,35.0,30.0,66.0,芝適性 / 距離適性 / 頭数減経験
202603020608,2026-07-12,8,ザバルガド,7,9,10.0,10,15.0,1,7.0,15,11.0,,,2023103499.0,2.0,2026-07-12,49.11,42.0,66.8,19.8,48.0,60.0,47.8,人気以上に走る傾向
202603020608,2026-07-12,8,デンプシー,1,2,6.0,1,1.0,3,6.0,18,5.0,,,2023106190.0,4.0,2026-07-12,65.91,77.5,49.3,75.1,82.0,42.5,75.8,芝適性 / 新潟実績 / 距離適性 / 頭数減経験
202603020608,2026-07-12,8,プリティーミズホ,12,4,9.0,11,7.0,4,5.0,1,5.0,13,6.0,2023102897.0,1.0,2026-07-12,60.19,58.1,54.1,64.7,69.5,49.0,79.8,芝適性 / 中山実績 / 距離適性 / クラス条件好転
202603020609,2026-07-12,9,クイーンズワーフ,7,7,5.0,3,5.0,2,7.0,6,5.0,7,6.0,2021105168.0,2.0,2026-07-12,54.43,69.0,54.4,44.7,35.0,53.0,50.5,総合評価
202603020609,2026-07-12,9,ペプロス,12,6,8.0,6,6.0,7,8.0,14,8.0,5,9.0,2022100106.0,4.0,2026-07-12,47.79,50.5,52.4,10.3,62.0,51.0,52.5,頭数減経験
202603020609,2026-07-12,9,サフランルージュ,6,10,10.0,1,14.0,,,,,,,2023101820.0,12.0,2026-07-12,59.63,60.4,91.0,24.9,0.0,82.5,63.3,距離適性 / 頭数減経験 / 人気以上に走る傾向 / 過小評価傾向
202603020609,2026-07-12,9,ジェルブロア,2,6,6.0,2,4.0,4,4.0,7,7.0,6,4.0,2022106618.0,11.0,2026-07-12,55.52,70.0,52.0,44.7,42.5,50.0,59.7,距離適性
202603020609,2026-07-12,9,ロゼフェリシア,5,1,2.0,1,1.0,1,1.0,2,1.0,2,1.0,2022105181.0,9.0,2026-07-12,72.88,98.0,50.4,100.0,53.0,49.0,81.3,ダ適性 / 名古屋実績 / 距離適性 / 頭数減経験
202603020609,2026-07-12,9,キューティリップ,4,5,1.0,4,4.0,5,6.0,12,2.0,3,2.0,2022105131.0,8.0,2026-07-12,55.1,63.5,31.9,85.4,56.0,36.0,76.5,芝適性 / 福島実績 / 距離適性 / 安定感
202603020609,2026-07-12,9,ブルスカメンテ,1,2,4.0,10,1.0,5,6.0,4,7.0,8,5.0,2022104844.0,6.0,2026-07-12,58.63,64.0,40.8,64.7,78.5,44.0,75.6,芝適性 / 東京実績 / 距離適性 / 近走上向き
202603020609,2026-07-12,9,テンドリームガール,13,10,13.0,8,11.0,12,10.0,8,8.0,5,7.0,2022106347.0,10.0,2026-07-12,45.0,35.3,60.3,10.3,39.5,56.0,68.3,新潟実績 / 距離適性 / 前走人気以上
202603020609,2026-07-12,9,ノーブルクラウド,8,15,16.0,1,4.0,5,11.0,5,13.0,,,2023103069.0,14.0,2026-07-12,57.4,53.8,76.6,59.3,0.0,72.5,66.8,ダ適性 / 距離適性 / 人気以上に走る傾向 / 過小評価傾向
202603020609,2026-07-12,9,サルワールカミーズ,10,1,7.0,,,,,,,,,2023106802.0,20.0,2026-07-12,75.93,100.0,92.0,30.4,50.0,80.0,50.0,前走人気以上 / 人気以上に走る傾向 / 過小評価傾向
202603020609,2026-07-12,9,ニシノコマチムスメ,3,10,9.0,10,6.0,6,12.0,4,14.0,10,14.0,2021107253.0,3.0,2026-07-12,46.08,41.3,62.3,14.6,35.0,65.0,45.0,過小評価傾向
202603020609,2026-07-12,9,ルージュリリック,9,3,3.0,1,3.0,5,2.0,3,2.0,4,1.0,2023103543.0,17.0,2026-07-12,67.21,84.0,46.1,100.0,51.5,45.0,81.3,芝適性 / 東京実績 / 距離適性 / 頭数減経験
202603020609,2026-07-12,9,ユメシルベ,11,5,6.0,4,7.0,6,7.0,4,7.0,3,4.0,2023106412.0,19.0,2026-07-12,66.16,71.2,62.5,80.2,45.5,59.0,78.5,芝適性 / 中山実績 / 距離適性 / 頭数減経験
202603020609,2026-07-12,9,ヒサエノオモカゲ,14,6,5.0,13,4.0,14,1.0,1,3.0,6,2.0,2022101710.0,5.0,2026-07-12,32.51,40.0,13.3,14.6,65.0,25.0,50.5,近走上向き
202603020609,2026-07-12,9,クイーンズワーフ,7,7,5.0,3,5.0,2,7.0,6,5.0,7,6.0,2021105168.0,1.0,2026-07-12,54.43,69.0,54.4,44.7,35.0,53.0,50.5,総合評価
202603020610,2026-07-12,10,ダカラフェスティヴ,7,11,9.0,12,4.0,2,8.0,1,8.0,1,6.0,2022104378.0,10.0,2026-07-12,46.86,52.2,50.9,44.7,8.0,58.0,56.0,ダ適性
202603020610,2026-07-12,10,ジェイエルマスター,6,9,4.0,7,4.0,1,2.0,3,1.0,1,1.0,2022101818.0,9.0,2026-07-12,46.67,66.2,33.5,44.7,14.0,41.0,73.0,ダ適性 / 東京実績 / 距離適性
202603020610,2026-07-12,10,リフレックス,2,1,3.0,1,3.0,3,4.0,4,8.0,10,11.0,2023105748.0,12.0,2026-07-12,73.96,85.9,63.9,89.7,71.0,60.0,68.8,ダ適性 / 距離適性 / 頭数減経験 / 近走上向き
202603020610,2026-07-12,10,ハッスルダンク,9,11,11.0,4,11.0,5,12.0,9,11.0,6,7.0,2020104632.0,4.0,2026-07-12,54.29,49.9,74.7,44.7,20.0,67.0,52.5,頭数減経験 / 人気以上に走る傾向 / 過小評価傾向
202603020610,2026-07-12,10,ゲキザル,4,8,8.0,9,12.0,14,8.0,8,3.0,2,7.0,2019102102.0,2.0,2026-07-12,40.88,38.3,45.4,10.3,51.5,47.0,52.5,頭数減経験
202603020610,2026-07-12,10,サトミノエンジェル,5,8,6.0,1,2.0,1,1.0,2,1.0,1,1.0,2022101389.0,8.0,2026-07-12,57.93,81.8,46.5,69.6,9.5,48.0,76.5,ダ適性 / 中山実績 / 距離適性 / 安定感
202603020610,2026-07-12,10,ティンティンデオ,11,16,14.0,1,1.0,8,7.0,1,6.0,3,3.0,2021104302.0,6.0,2026-07-12,47.47,56.9,49.5,49.8,0.0,52.0,64.0,ダ適性 / 距離適性
202603020610,2026-07-12,10,オンザライン,3,13,12.0,3,13.0,6,9.0,13,10.0,11,3.0,2018104646.0,1.0,2026-07-12,42.58,36.7,60.6,24.9,21.5,51.0,50.5,総合評価
202603020610,2026-07-12,10,チギリ,10,1,7.0,1,2.0,4,6.0,3,2.0,4,8.0,2022105429.0,11.0,2026-07-12,76.84,90.4,69.1,100.0,62.0,62.0,68.0,ダ適性 / 距離適性 / 頭数減経験 / 前走人気以上
202603020610,2026-07-12,10,スマートケープ,8,16,12.0,11,1.0,1,3.0,2,3.0,5,12.0,2020102187.0,3.0,2026-07-12,39.45,45.2,32.9,44.7,0.0,46.0,71.0,ダ適性 / 京都実績 / 距離適性
202603020610,2026-07-12,10,ドバイブルース,1,3,2.0,4,7.0,3,3.0,8,2.0,7,1.0,2021105182.0,7.0,2026-07-12,60.62,72.9,42.6,75.1,65.0,40.0,75.8,ダ適性 / 福島実績 / 距離適性 / 頭数減経験
202603020610,2026-07-12,10,ダカラフェスティヴ,7,11,9.0,12,4.0,2,8.0,1,8.0,1,6.0,2022104378.0,1.0,2026-07-12,46.86,52.2,50.9,44.7,8.0,58.0,56.0,ダ適性
202603020611,2026-07-12,11,ボーンディスウェイ,5,11,13.0,6,6.0,9,10.0,8,12.0,3,4.0,2019104658.0,4.0,2026-07-12,43.92,43.2,60.4,10.3,23.0,58.0,51.8,クラス条件好転
202603020611,2026-07-12,11,コントラポスト,9,5,8.0,5,1.0,3,2.0,2,1.0,5,8.0,2020102740.0,10.0,2026-07-12,64.66,74.7,49.2,100.0,42.5,50.0,78.5,芝適性 / 東京実績 / 距離適性 / 頭数減経験
202603020611,2026-07-12,11,ショウナンマグマ,14,12,12.0,12,12.0,13,8.0,4,7.0,12,11.0,2019104998.0,6.0,2026-07-12,34.98,19.8,45.4,14.6,39.5,47.0,54.8,京都実績
202603020611,2026-07-12,11,カラマティアノス,7,6,3.0,2,4.0,1,7.0,12,11.0,10,6.0,2022104896.0,21.0,2026-07-12,54.43,65.6,51.5,44.7,51.5,50.0,51.7,総合評価
202603020611,2026-07-12,11,オーロラエックス,8,6,5.0,9,8.0,16,8.0,1,2.0,1,3.0,2021101387.0,13.0,2026-07-12,45.99,52.1,37.5,24.9,54.5,43.0,68.3,京都実績 / 距離適性
202603020611,2026-07-12,11,マイネルモーント,2,12,14.0,4,4.0,4,9.0,8,10.0,8,11.0,2020105749.0,12.0,2026-07-12,50.07,48.6,65.4,44.7,14.0,62.0,50.5,人気以上に走る傾向
202603020611,2026-07-12,11,メリオーレム,16,10,9.0,4,6.0,5,10.0,10,6.0,9,1.0,2021104791.0,15.0,2026-07-12,47.14,48.7,48.4,44.7,32.0,44.0,65.3,距離適性 / クラス条件好転
202603020611,2026-07-12,11,クリスマスパレード,11,15,9.0,16,9.0,6,3.0,9,5.0,9,8.0,2021105799.0,17.0,2026-07-12,22.1,20.8,16.1,0.0,20.0,29.0,59.5,中山実績 / 頭数減経験
202603020611,2026-07-12,11,オニャンコポン,3,12,15.0,15,16.0,11,7.0,11,10.0,8,8.0,2019104756.0,5.0,2026-07-12,33.35,15.1,51.6,0.0,45.5,49.0,44.3,頭数減経験 / 前走人気以上
202603020611,2026-07-12,11,センツブラッド,4,10,13.0,14,2.0,2,7.0,7,3.0,2,2.0,2022101648.0,19.0,2026-07-12,40.37,43.8,38.3,30.1,27.5,42.0,61.3,距離適性 / 前走人気以上
202603020611,2026-07-12,11,アスクナイスショー,1,10,6.0,1,3.0,12,4.0,2,1.0,2,3.0,2021106954.0,18.0,2026-07-12,44.86,58.7,33.6,49.8,15.5,40.0,69.0,芝適性 / 中山実績 / クラス条件好転 / 頭数減経験
202603020611,2026-07-12,11,リカンカブール,13,6,9.0,6,12.0,7,11.0,6,10.0,11,12.0,2019103823.0,3.0,2026-07-12,55.11,54.3,77.2,0.0,59.0,68.0,47.8,前走人気以上 / 人気以上に走る傾向 / 過小評価傾向
202603020611,2026-07-12,11,バトルボーン,12,3,2.0,3,2.0,8,11.0,1,1.0,2,2.0,2019105193.0,7.0,2026-07-12,65.44,79.3,50.3,80.2,53.0,51.0,80.5,芝適性 / 東京実績 / 距離適性 / クラス条件好転
202603020611,2026-07-12,11,オールナット,15,13,7.0,10,4.0,1,2.0,6,4.0,3,2.0,2021104846.0,16.0,2026-07-12,33.92,45.4,25.4,30.1,2.0,36.0,62.3,京都実績 / 頭数減経験
202603020611,2026-07-12,11,ヤマニンブークリエ,6,5,6.0,5,9.0,7,5.0,16,7.0,2,8.0,2022106611.0,22.0,2026-07-12,57.39,57.4,51.5,65.7,65.0,50.0,62.9,距離適性 / 近走上向き / 安定感
202603020611,2026-07-12,11,サヴォーナ,10,1,5.0,8,2.0,4,3.0,4,1.0,6,10.0,2020100734.0,9.0,2026-07-12,62.12,73.7,46.5,64.7,77.0,48.0,66.0,芝適性 / 距離適性 / 頭数減経験 / 前走人気以上
202603020611,2026-07-12,11,ボーンディスウェイ,5,11,13.0,6,6.0,9,10.0,8,12.0,3,4.0,2019104658.0,1.0,2026-07-12,43.92,43.2,60.4,10.3,23.0,58.0,51.8,クラス条件好転
202603020612,2026-07-12,12,ピコテンダー,2,3,1.0,1,1.0,8,1.0,2,1.0,2,1.0,2022110132.0,21.0,2026-07-12,59.87,82.1,34.3,80.2,51.5,39.0,73.8,ダ適性 / 新潟実績 / 距離適性 / 安定感
202603020612,2026-07-12,12,ローマンレイク,10,1,12.0,6,10.0,13,14.0,11,10.0,7,9.0,2021105976.0,13.0,2026-07-12,65.51,54.4,82.2,30.4,99.5,67.0,55.8,距離適性 / 前走人気以上 / 人気以上に走る傾向 / 近走上向き
202603020612,2026-07-12,12,ショウナンラリー,13,15,10.0,11,9.0,1,6.0,9,4.0,16,3.0,2022103924.0,19.0,2026-07-12,29.95,30.0,28.3,19.8,15.5,30.0,63.3,距離適性 / 頭数減経験
202603020612,2026-07-12,12,ペプチドクレマチス,15,12,9.0,18,11.0,14,9.0,15,3.0,1,3.0,2022101959.0,15.0,2026-07-12,23.8,14.0,13.7,10.3,50.0,25.0,58.6,京都実績 / 頭数減経験
202603020612,2026-07-12,12,ラヴァグロウ,8,14,15.0,13,16.0,15,11.0,13,9.0,1,3.0,2020103937.0,3.0,2026-07-12,31.84,11.9,49.2,10.3,29.0,48.0,52.5,頭数減経験
202603020612,2026-07-12,12,サヨノジャンボリー,9,1,4.0,6,7.0,5,6.0,9,9.0,15,12.0,2022106243.0,20.0,2026-07-12,61.55,64.0,57.3,50.2,96.5,52.0,49.8,頭数減経験 / 前走人気以上 / 近走上向き
202603020612,2026-07-12,12,ラーナローザ,11,3,4.0,10,6.0,6,5.0,1,5.0,9,5.0,2022102785.0,18.0,2026-07-12,55.43,62.7,45.0,45.0,71.0,46.0,67.3,距離適性 / クラス条件好転 / 頭数減経験 / 近走上向き
202603020612,2026-07-12,12,サンマルノヴェル,4,2,4.0,1,1.0,2,1.0,3,3.0,13,2.0,2022102716.0,17.0,2026-07-12,66.22,83.7,44.9,89.7,66.5,40.0,76.5,ダ適性 / 阪神実績 / 距離適性 / 近走上向き
202603020612,2026-07-12,12,スーパーバイザー,7,1,2.0,4,6.0,13,11.0,4,7.0,10,11.0,2021101015.0,4.0,2026-07-12,65.99,64.1,56.6,69.9,90.5,55.0,75.0,ダ適性 / 新潟実績 / 距離適性 / 頭数減経験
202603020612,2026-07-12,12,レイワサンサン,3,8,13.0,12,11.0,1,3.0,4,7.0,5,3.0,2021102406.0,7.0,2026-07-12,53.24,54.2,63.3,44.7,35.0,57.0,53.3,前走人気以上
202603020612,2026-07-12,12,マフィン,12,9,11.0,11,16.0,7,14.0,11,15.0,8,7.0,2021101219.0,5.0,2026-07-12,47.46,33.7,76.0,0.0,51.5,67.0,42.3,人気以上に走る傾向 / 過小評価傾向
202603020612,2026-07-12,12,モリノレッドスター,中止,9,2.0,2,6.0,6,6.0,16,5.0,12,5.0,2021106298.0,14.0,2026-07-12,37.35,47.0,25.8,24.9,50.0,29.0,49.6,総合評価
202603020612,2026-07-12,12,フェンダー,6,6,5.0,6,5.0,7,8.0,9,6.0,5,4.0,2021105753.0,12.0,2026-07-12,44.98,55.7,43.7,10.3,54.5,45.0,48.0,頭数減経験
202603020612,2026-07-12,12,ホーリーブライト,14,1,8.0,8,10.0,5,11.0,8,10.0,6,6.0,2021102458.0,8.0,2026-07-12,69.07,67.4,78.7,50.2,84.5,67.0,57.6,福島実績 / 頭数減経験 / 前走人気以上 / 人気以上に走る傾向
202603020612,2026-07-12,12,クリノオリーブ,1,2,7.0,9,7.0,9,9.0,10,7.0,4,1.0,2021102259.0,6.0,2026-07-12,54.98,56.0,51.9,40.7,86.0,47.0,50.5,前走人気以上 / 近走上向き
202603020612,2026-07-12,12,ホウオウプレミア,5,8,5.0,6,4.0,2,7.0,4,6.0,2,5.0,2019105041.0,1.0,2026-07-12,54.02,67.1,51.3,44.7,23.0,55.0,71.0,ダ適性 / 東京実績 / 距離適性
202603020612,2026-07-12,12,ピコテンダー,2,3,1.0,1,1.0,8,1.0,2,1.0,2,1.0,2022110132.0,1.0,2026-07-12,59.87,82.1,34.3,80.2,51.5,39.0,73.8,ダ適性 / 新潟実績 / 距離適性 / 安定感
202610020601,2026-07-12,1,リザレクティア,13,12,16.0,14,14.0,,,,,,,2023102232.0,16.0,2026-07-12,37.61,6.6,65.4,0.0,62.0,60.0,42.3,前走人気以上 / 人気以上に走る傾向
202610020601,2026-07-12,1,コースタルロード,2,,,,,,,,,,,2023100973.0,18.0,2026-07-12,36.0,35.0,35.0,35.0,35.0,35.0,45.0,履歴少
202610020601,2026-07-12,1,アリディプラチノ,8,9,8.0,8,8.0,9,5.0,9,2.0,2,10.0,2023102063.0,1.0,2026-07-12,39.0,43.8,41.0,10.3,38.0,46.0,46.7,総合評価
202610020601,2026-07-12,1,ドゥボヌール,4,9,8.0,4,9.0,8,9.0,,,,,2023103381.0,5.0,2026-07-12,48.9,51.4,60.6,24.9,32.0,58.3,49.6,総合評価
202610020601,2026-07-12,1,ビケイムフリー,17,15,16.0,16,14.0,18,15.0,4,12.0,,,2023104381.0,7.0,2026-07-12,34.73,12.4,53.0,14.6,36.0,55.0,47.8,総合評価
202610020601,2026-07-12,1,シャンデリュイーズ,10,3,7.0,12,9.0,15,7.0,13,2.0,2,3.0,2023103353.0,19.0,2026-07-12,46.16,38.6,31.7,40.7,95.0,33.0,68.3,小倉実績 / 距離適性 / 前走人気以上 / 近走上向き
202610020601,2026-07-12,1,ピンクパンサー,14,11,12.0,,,,,,,,,2023100490.0,8.0,2026-07-12,37.98,20.0,57.0,0.0,50.0,55.0,50.0,総合評価
202610020601,2026-07-12,1,ブライトエンジェル,12,14,8.0,3,2.0,3,4.0,,,,,2023104374.0,9.0,2026-07-12,38.46,50.0,32.5,44.7,0.0,40.0,57.0,芝適性
202610020601,2026-07-12,1,テンタイムトップ,6,18,14.0,9,10.0,14,7.0,12,2.0,,,2023103436.0,4.0,2026-07-12,18.15,12.0,20.3,0.0,12.0,25.0,50.0,総合評価
202610020601,2026-07-12,1,ホーリーステップ,1,2,3.0,10,4.0,5,2.0,,,,,2023102145.0,13.0,2026-07-12,53.29,64.4,33.4,50.2,83.0,36.7,61.3,距離適性 / 近走上向き
202610020601,2026-07-12,1,ハクサンテドリガワ,3,7,6.0,7,4.0,7,13.0,6,9.0,,,2023105692.0,6.0,2026-07-12,45.86,53.3,54.5,0.0,48.0,56.2,42.3,総合評価
202610020601,2026-07-12,1,ヨウリンケイジュ,16,15,7.0,9,10.0,5,2.0,,,,,2023103978.0,15.0,2026-07-12,26.59,29.8,24.1,19.8,2.0,33.3,51.6,頭数減経験
202610020601,2026-07-12,1,フルフィルメント,11,6,6.0,4,15.0,7,13.0,10,12.0,10,9.0,2023106464.0,10.0,2026-07-12,58.78,54.4,78.8,24.9,60.5,68.0,48.6,人気以上に走る傾向 / 過小評価傾向
202610020601,2026-07-12,1,ロージーキャンドル,9,3,4.0,15,14.0,15,13.0,,,,,2023106792.0,17.0,2026-07-12,50.14,34.0,46.8,30.4,100.0,46.7,72.0,ダ適性 / 金沢実績 / 距離適性 / 近走上向き
202610020601,2026-07-12,1,ベルセクレト,7,5,15.0,,,,,,,,,2023109072.0,12.0,2026-07-12,71.69,68.0,100.0,30.4,50.0,100.0,50.0,前走人気以上 / 人気以上に走る傾向 / 過小評価傾向
202610020601,2026-07-12,1,ティグリス,5,6,8.0,6,3.0,,,,,,,2023104994.0,3.0,2026-07-12,45.26,60.0,48.2,0.0,50.0,47.5,42.3,総合評価
202610020601,2026-07-12,1,マルモズイルバア,15,6,7.0,16,16.0,12,11.0,13,18.0,9,14.0,2023104345.0,14.0,2026-07-12,44.56,24.9,59.5,0.0,89.0,60.0,42.3,近走上向き
202610020601,2026-07-12,1,リザレクティア,13,12,16.0,14,14.0,,,,,,,2023102232.0,1.0,2026-07-12,37.61,6.6,65.4,0.0,62.0,60.0,42.3,前走人気以上 / 人気以上に走る傾向
202610020602,2026-07-12,2,ゼンノトヨタマヒメ,9,7,12.0,6,8.0,8,6.0,11,15.0,8,6.0,2023104612.0,7.0,2026-07-12,47.61,46.9,64.0,0.0,57.5,57.0,42.3,前走人気以上
202610020602,2026-07-12,2,ペコリズム,6,5,12.0,9,7.0,12,15.0,,,,,2023106339.0,14.0,2026-07-12,58.22,42.6,70.7,30.4,83.0,63.3,68.3,阪神実績 / 距離適性 / 前走人気以上 / 人気以上に走る傾向
202610020602,2026-07-12,2,タガノプディング,4,2,1.0,2,2.0,4,1.0,2,9.0,,,2023104326.0,8.0,2026-07-12,69.7,88.5,51.0,89.7,54.0,53.8,79.3,ダ適性 / 阪神実績 / 距離適性 / 安定感
202610020602,2026-07-12,2,シュタルク,5,11,7.0,16,10.0,16,10.0,13,6.0,4,4.0,2023106662.0,5.0,2026-07-12,25.25,14.5,15.6,10.3,57.5,27.0,55.3,頭数減経験
202610020602,2026-07-12,2,メイショウアヤカ,14,13,13.0,,,,,,,,,2023105204.0,15.0,2026-07-12,31.12,4.0,50.0,0.0,50.0,50.0,50.0,総合評価
202610020602,2026-07-12,2,クロカミジョウ,2,3,2.0,6,1.0,2,1.0,2,3.0,2,2.0,2023101500.0,3.0,2026-07-12,60.63,81.6,38.8,75.1,50.0,44.0,73.0,ダ適性 / 阪神実績 / 距離適性 / 安定感
202610020602,2026-07-12,2,フチサンチャチャ,12,11,13.0,12,11.0,11,14.0,,,,,2023103017.0,13.0,2026-07-12,37.51,17.3,58.9,0.0,53.0,56.7,42.3,総合評価
202610020602,2026-07-12,2,ラインメテオラ,10,10,4.0,2,10.0,7,7.0,10,12.0,,,2023101317.0,16.0,2026-07-12,47.68,51.1,53.6,24.9,28.0,55.0,64.6,新潟実績 / 距離適性
202610020602,2026-07-12,2,キャッチアシーフ,1,2,4.0,13,3.0,4,1.0,2,4.0,4,4.0,2023103810.0,2.0,2026-07-12,57.43,65.3,34.7,75.1,72.5,41.0,73.8,ダ適性 / 阪神実績 / 距離適性 / 近走上向き
202610020602,2026-07-12,2,ナブッコ,3,4,1.0,6,3.0,2,4.0,9,10.0,7,12.0,2023104377.0,11.0,2026-07-12,56.3,66.9,45.8,50.2,62.0,52.0,58.5,距離適性
202610020602,2026-07-12,2,ジョーヴェスタ,13,10,14.0,7,14.0,16,12.0,7,8.0,,,2023100287.0,6.0,2026-07-12,44.24,32.4,68.1,0.0,50.0,60.0,44.3,頭数減経験 / 前走人気以上 / 人気以上に走る傾向
202610020602,2026-07-12,2,トーアウィリアム,7,15,10.0,6,9.0,14,10.0,6,9.0,6,10.0,2023103848.0,10.0,2026-07-12,31.51,29.9,45.0,0.0,8.0,51.0,42.3,総合評価
202610020602,2026-07-12,2,キタノプレミアム,8,6,4.0,2,7.0,4,8.0,,,,,2023100598.0,1.0,2026-07-12,61.38,74.8,63.3,44.7,32.0,61.7,74.0,ダ適性 / 新潟実績 / 距離適性 / 頭数減経験
202610020602,2026-07-12,2,ハクサンリング,11,12,8.0,12,13.0,7,10.0,,,,,2023100197.0,12.0,2026-07-12,33.87,22.5,46.5,0.0,35.0,50.0,52.0,頭数減経験
202610020602,2026-07-12,2,ゼンノトヨタマヒメ,9,7,12.0,6,8.0,8,6.0,11,15.0,8,6.0,2023104612.0,1.0,2026-07-12,47.61,46.9,64.0,0.0,57.5,57.0,42.3,前走人気以上
202610020603,2026-07-12,3,グレイイメル,15,5,13.0,8,8.0,11,10.0,10,11.0,8,13.0,2023103243.0,5.0,2026-07-12,55.96,44.2,70.3,30.4,75.5,63.0,51.8,クラス条件好転 / 前走人気以上 / 人気以上に走る傾向 / 近走上向き
202610020603,2026-07-12,3,ラルヴァンダード,1,3,3.0,5,3.0,,,,,,,2023107236.0,12.0,2026-07-12,59.6,76.8,43.7,55.3,62.0,45.0,72.3,芝適性 / 距離適性
202610020603,2026-07-12,3,ロイドウェバー,5,,,,,,,,,,,2023102013.0,15.0,2026-07-12,36.0,35.0,35.0,35.0,35.0,35.0,45.0,履歴少
202610020603,2026-07-12,3,スーパービジー,7,10,10.0,6,7.0,9,16.0,9,7.0,11,11.0,2023101893.0,7.0,2026-07-12,42.03,37.9,59.4,0.0,42.5,56.0,42.3,総合評価
202610020603,2026-07-12,3,チェファルー,2,3,1.0,4,4.0,,,,,,,2023105017.0,9.0,2026-07-12,60.45,80.4,42.3,55.3,56.0,45.0,81.3,芝適性 / 阪神実績 / 距離適性 / 頭数減経験
202610020603,2026-07-12,3,キービート,12,10,10.0,4,18.0,10,13.0,8,12.0,8,10.0,2023104289.0,4.0,2026-07-12,54.45,44.0,84.1,24.9,35.0,73.0,45.4,人気以上に走る傾向 / 過小評価傾向
202610020603,2026-07-12,3,ブルーザー,3,3,3.0,5,5.0,4,4.0,8,14.0,9,6.0,2023106218.0,11.0,2026-07-12,63.19,67.6,54.0,75.1,71.0,53.0,63.5,芝適性 / 距離適性 / 近走上向き / 安定感
202610020603,2026-07-12,3,レヴロード,13,14,17.0,12,12.0,8,10.0,7,11.0,13,14.0,2023106139.0,14.0,2026-07-12,36.61,19.7,64.0,0.0,26.0,60.0,42.3,前走人気以上
202610020603,2026-07-12,3,アージュドール,4,9,13.0,7,14.0,12,16.0,12,10.0,6,6.0,2023105211.0,1.0,2026-07-12,46.62,34.2,74.2,0.0,51.5,63.0,42.3,前走人気以上 / 人気以上に走る傾向
202610020603,2026-07-12,3,ウインビスタ,11,16,13.0,16,14.0,9,9.0,10,11.0,,,2023105865.0,3.0,2026-07-12,26.74,12.5,40.1,0.0,24.0,45.0,44.3,頭数減経験
202610020603,2026-07-12,3,ジュンヴァッテッド,9,11,15.0,,,,,,,,,2023106998.0,6.0,2026-07-12,45.12,20.0,78.0,0.0,50.0,70.0,50.0,前走人気以上 / 人気以上に走る傾向 / 過小評価傾向
202610020603,2026-07-12,3,ルクスユアン,10,8,12.0,10,7.0,4,8.0,6,6.0,9,9.0,2023102765.0,13.0,2026-07-12,47.64,47.8,58.8,19.8,45.5,55.0,46.0,前走人気以上
202610020603,2026-07-12,3,ワンダーシャッフル,8,9,5.0,10,4.0,4,6.0,4,16.0,,,2023101640.0,16.0,2026-07-12,46.15,49.1,45.6,34.3,32.0,55.0,58.0,距離適性
202610020603,2026-07-12,3,ダノンワンダー,14,6,3.0,2,2.0,7,2.0,,,,,2023105829.0,8.0,2026-07-12,45.84,68.5,32.3,24.9,41.0,36.7,58.6,京都実績 / 頭数減経験
202610020603,2026-07-12,3,ヴィスメンティス,6,6,9.0,11,2.0,4,4.0,,,,,2023103758.0,2.0,2026-07-12,43.5,50.9,37.6,19.8,59.0,40.0,51.6,頭数減経験 / 前走人気以上
202610020603,2026-07-12,3,グレイイメル,15,5,13.0,8,8.0,11,10.0,10,11.0,8,13.0,2023103243.0,1.0,2026-07-12,55.96,44.2,70.3,30.4,75.5,63.0,51.8,クラス条件好転 / 前走人気以上 / 人気以上に走る傾向 / 近走上向き
202610020604,2026-07-12,4,サンタカリス,13,11,15.0,14,11.0,9,14.0,8,9.0,6,5.0,2023100986.0,13.0,2026-07-12,38.55,25.8,60.5,0.0,39.5,56.0,42.3,前走人気以上
202610020604,2026-07-12,4,グランスプリント,11,13,14.0,12,10.0,,,,,,,2023104906.0,3.0,2026-07-12,29.9,7.6,47.5,0.0,44.0,47.5,44.3,頭数減経験
202610020604,2026-07-12,4,エイシンニケ,9,,,,,,,,,,,2023105522.0,2.0,2026-07-12,36.0,35.0,35.0,35.0,35.0,35.0,45.0,履歴少
202610020604,2026-07-12,4,スリーロンドン,6,6,12.0,8,10.0,6,9.0,,,,,2023105399.0,5.0,2026-07-12,54.35,54.7,77.2,0.0,56.0,68.3,42.3,前走人気以上 / 人気以上に走る傾向 / 過小評価傾向
202610020604,2026-07-12,4,ウインラブソング,10,11,18.0,12,14.0,13,9.0,,,,,2023105884.0,1.0,2026-07-12,39.26,13.1,67.1,0.0,59.0,58.3,42.3,前走人気以上 / 人気以上に走る傾向
202610020604,2026-07-12,4,ブランチアウト,3,2,2.0,4,6.0,3,4.0,3,5.0,6,3.0,2023102357.0,10.0,2026-07-12,69.15,82.0,54.7,89.7,62.0,52.0,75.8,芝適性 / 小倉実績 / 距離適性 / 頭数減経験
202610020604,2026-07-12,4,レッドパラジウム,1,3,2.0,3,4.0,9,4.0,7,5.0,15,5.0,2023105417.0,12.0,2026-07-12,52.38,61.2,33.4,55.3,83.0,33.0,60.1,阪神実績 / 頭数減経験 / 近走上向き
202610020604,2026-07-12,4,ラミエルノムスコ,4,4,3.0,3,4.0,4,5.0,5,7.0,,,2023103248.0,11.0,2026-07-12,66.77,76.9,53.4,89.7,50.0,53.8,81.3,芝適性 / 京都実績 / 距離適性 / 頭数減経験
202610020604,2026-07-12,4,フェブリノ,8,4,8.0,3,11.0,7,15.0,4,3.0,9,5.0,2023104075.0,9.0,2026-07-12,69.17,69.1,79.6,69.9,60.5,65.0,59.6,距離適性 / 頭数減経験 / 前走人気以上 / 人気以上に走る傾向
202610020604,2026-07-12,4,シャドウクライ,12,14,9.0,7,10.0,12,11.0,6,7.0,7,5.0,2023103507.0,14.0,2026-07-12,30.87,29.5,42.8,0.0,14.0,46.0,42.3,総合評価
202610020604,2026-07-12,4,タイムレスフレアー,7,3,4.0,6,3.0,9,2.0,3,2.0,5,2.0,2023103795.0,7.0,2026-07-12,54.19,66.9,34.0,55.3,66.5,37.0,75.0,芝適性 / 阪神実績 / 距離適性 / 頭数減経験
202610020604,2026-07-12,4,セルヴァジオ,2,2,6.0,5,4.0,8,11.0,,,,,2023106652.0,6.0,2026-07-12,66.96,71.4,64.5,55.3,77.0,60.0,72.0,芝適性 / 阪神実績 / 距離適性 / 前走人気以上
202610020604,2026-07-12,4,ゴリョウセイ,5,11,14.0,13,5.0,11,6.0,2,6.0,11,7.0,2023103368.0,4.0,2026-07-12,33.1,26.5,36.7,14.6,39.5,40.0,47.8,前走人気以上
202610020604,2026-07-12,4,サンタカリス,13,11,15.0,14,11.0,9,14.0,8,9.0,6,5.0,2023100986.0,1.0,2026-07-12,38.55,25.8,60.5,0.0,39.5,56.0,42.3,前走人気以上
202610020605,2026-07-12,5,サイモンレガシー,3,,,,,,,,,,,2024101202.0,2.0,2026-07-12,36.0,35.0,35.0,35.0,35.0,35.0,45.0,履歴少
202610020605,2026-07-12,5,シュガーハウス,8,,,,,,,,,,,2024106989.0,4.0,2026-07-12,36.0,35.0,35.0,35.0,35.0,35.0,45.0,履歴少
202610020605,2026-07-12,5,シュプレヒコール,4,,,,,,,,,,,2024105437.0,5.0,2026-07-12,36.0,35.0,35.0,35.0,35.0,35.0,45.0,履歴少
202610020605,2026-07-12,5,ロクメイカン,5,,,,,,,,,,,2024106098.0,8.0,2026-07-12,36.0,35.0,35.0,35.0,35.0,35.0,45.0,履歴少
202610020605,2026-07-12,5,フェーエンハフト,5,,,,,,,,,,,2024105969.0,7.0,2026-07-12,36.0,35.0,35.0,35.0,35.0,35.0,45.0,履歴少
202610020605,2026-07-12,5,シックパラソル,2,,,,,,,,,,,2024105746.0,3.0,2026-07-12,36.0,35.0,35.0,35.0,35.0,35.0,45.0,履歴少
202610020605,2026-07-12,5,エルドボルグ,1,,,,,,,,,,,2024106314.0,1.0,2026-07-12,36.0,35.0,35.0,35.0,35.0,35.0,45.0,履歴少
202610020605,2026-07-12,5,パーセンタイル,7,,,,,,,,,,,2024104857.0,6.0,2026-07-12,36.0,35.0,35.0,35.0,35.0,35.0,45.0,履歴少
202610020605,2026-07-12,5,サイモンレガシー,3,,,,,,,,,,,2024101202.0,1.0,2026-07-12,36.0,35.0,35.0,35.0,35.0,35.0,45.0,履歴少
202610020606,2026-07-12,6,アンドヴェローナ,5,,,,,,,,,,,2024107153.0,2.0,2026-07-12,36.0,35.0,35.0,35.0,35.0,35.0,45.0,履歴少
202610020606,2026-07-12,6,アトランタ,6,,,,,,,,,,,2024106380.0,1.0,2026-07-12,36.0,35.0,35.0,35.0,35.0,35.0,45.0,履歴少
202610020606,2026-07-12,6,ジョン,7,,,,,,,,,,,2024105038.0,5.0,2026-07-12,36.0,35.0,35.0,35.0,35.0,35.0,45.0,履歴少
202610020606,2026-07-12,6,マルモリムソウ,1,,,,,,,,,,,2024101644.0,8.0,2026-07-12,36.0,35.0,35.0,35.0,35.0,35.0,45.0,履歴少
202610020606,2026-07-12,6,ビバームス,3,,,,,,,,,,,2024104705.0,6.0,2026-07-12,36.0,35.0,35.0,35.0,35.0,35.0,45.0,履歴少
202610020606,2026-07-12,6,アームズラムレイ,2,,,,,,,,,,,2024105630.0,3.0,2026-07-12,36.0,35.0,35.0,35.0,35.0,35.0,45.0,履歴少
202610020606,2026-07-12,6,ララララブソング,8,,,,,,,,,,,2024101083.0,9.0,2026-07-12,36.0,35.0,35.0,35.0,35.0,35.0,45.0,履歴少
202610020606,2026-07-12,6,ブラックブレット,9,,,,,,,,,,,2024102592.0,7.0,2026-07-12,36.0,35.0,35.0,35.0,35.0,35.0,45.0,履歴少
202610020606,2026-07-12,6,コパノキャンペーン,4,,,,,,,,,,,2024104870.0,4.0,2026-07-12,36.0,35.0,35.0,35.0,35.0,35.0,45.0,履歴少
202610020606,2026-07-12,6,アンドヴェローナ,5,,,,,,,,,,,2024107153.0,1.0,2026-07-12,36.0,35.0,35.0,35.0,35.0,35.0,45.0,履歴少
202610020607,2026-07-12,7,ジェバーダ,14,16,15.0,8,9.0,1,2.0,5,3.0,3,2.0,2022110141.0,8.0,2026-07-12,43.5,49.3,48.2,44.7,0.0,48.0,60.3,京都実績
202610020607,2026-07-12,7,タマモスカイ,6,1,6.0,6,5.0,5,3.0,,,,,2023102469.0,11.0,2026-07-12,65.1,78.3,58.2,50.2,77.0,53.3,65.0,ダ適性 / 距離適性 / 前走人気以上 / 近走上向き
202610020607,2026-07-12,7,メイショウオグマ,4,6,4.0,6,1.0,4,2.0,5,2.0,2,9.0,2019104261.0,14.0,2026-07-12,50.17,67.6,36.3,44.7,39.5,45.0,61.3,距離適性
202610020607,2026-07-12,7,オオツカ,1,7,8.0,1,1.0,2,5.0,10,13.0,7,4.0,2023103919.0,3.0,2026-07-12,56.04,68.4,57.2,44.7,38.0,54.0,57.0,ダ適性
202610020607,2026-07-12,7,ラブインアクション,2,6,7.0,10,7.0,1,3.0,4,1.0,4,1.0,2023110043.0,15.0,2026-07-12,52.01,63.9,44.4,44.7,42.5,44.0,68.3,京都実績 / 距離適性
202610020607,2026-07-12,7,リアルペガサス,11,9,6.0,7,4.0,8,13.0,6,7.0,10,9.0,2021103316.0,16.0,2026-07-12,39.52,44.2,45.6,0.0,42.5,49.0,42.3,総合評価
202610020607,2026-07-12,7,キリオス,5,10,4.0,11,2.0,1,1.0,2,1.0,,,2023103884.0,5.0,2026-07-12,35.99,52.1,17.1,34.3,18.0,30.0,68.3,京都実績 / 距離適性
202610020607,2026-07-12,7,セルジュバローズ,13,15,6.0,12,6.0,1,1.0,2,1.0,3,5.0,2023103092.0,10.0,2026-07-12,34.08,44.9,20.8,44.7,0.0,36.0,61.3,距離適性
202610020607,2026-07-12,7,キアヌ,中止,12,16.0,11,13.0,11,15.0,10,8.0,15,11.0,2022106585.0,4.0,2026-07-12,37.3,16.7,62.6,0.0,48.5,54.0,42.3,前走人気以上
202610020607,2026-07-12,7,ジュンプリメーロ,8,10,10.0,9,8.0,1,3.0,6,3.0,3,5.0,2023107059.0,9.0,2026-07-12,45.16,54.7,49.4,30.1,18.5,50.0,51.6,頭数減経験
202610020607,2026-07-12,7,ヴィエントデコラ,9,11,10.0,6,5.0,5,4.0,1,1.0,2,3.0,2023103677.0,17.0,2026-07-12,47.1,58.6,45.5,44.7,5.0,48.0,71.0,ダ適性 / 京都実績 / 距離適性
202610020607,2026-07-12,7,コルヴァス,3,1,1.0,2,1.0,,,,,,,2023104411.0,6.0,2026-07-12,65.67,96.4,46.8,55.3,56.0,47.5,74.3,ダ適性 / 距離適性 / 頭数減経験
202610020607,2026-07-12,7,テーオーノーベル,7,10,11.0,8,8.0,6,5.0,8,4.0,5,12.0,2022100725.0,12.0,2026-07-12,41.5,44.8,51.7,10.3,30.5,53.0,42.3,総合評価
202610020607,2026-07-12,7,ニシノミチアキ,12,9,9.0,13,7.0,4,4.0,3,5.0,5,10.0,2022104403.0,13.0,2026-07-12,46.44,46.2,45.2,44.7,33.5,51.0,61.3,距離適性
202610020607,2026-07-12,7,エアフォースワン,10,3,4.0,3,6.0,3,4.0,3,3.0,4,7.0,2019103506.0,2.0,2026-07-12,72.14,83.2,60.9,100.0,51.5,58.0,79.3,ダ適性 / 中京実績 / 距離適性 / 安定感
202610020607,2026-07-12,7,ジェバーダ,14,16,15.0,8,9.0,1,2.0,5,3.0,3,2.0,2022110141.0,1.0,2026-07-12,43.5,49.3,48.2,44.7,0.0,48.0,60.3,京都実績
202610020608,2026-07-12,8,ミリタリータトゥー,1,1,6.0,,,,,,,,,2023101180.0,11.0,2026-07-12,73.55,100.0,85.0,30.4,50.0,75.0,50.0,前走人気以上 / 人気以上に走る傾向 / 過小評価傾向
202610020608,2026-07-12,8,ペイシャシス,2,4,6.0,8,12.0,1,3.0,3,4.0,,,2023102997.0,9.0,2026-07-12,66.6,73.7,66.8,64.7,50.0,61.2,76.0,芝適性 / 京都実績 / 距離適性 / クラス条件好転
202610020608,2026-07-12,8,コンバットペスカ,3,3,7.0,取,,16,10.0,8,6.0,8,4.0,2021103236.0,4.0,2026-07-12,50.53,48.6,43.7,30.4,96.0,40.0,56.6,小倉実績 / 前走人気以上 / 近走上向き
202610020608,2026-07-12,8,エレガンシア,6,7,6.0,12,6.0,10,7.0,4,2.0,7,3.0,2022103705.0,2.0,2026-07-12,36.59,40.8,28.3,14.6,57.5,34.0,49.6,総合評価
202610020608,2026-07-12,8,メイショウピリカ,4,2,3.0,2,5.0,9,5.0,6,9.0,7,6.0,2022102550.0,13.0,2026-07-12,63.93,72.1,54.2,55.3,74.0,52.0,79.3,芝適性 / 小倉実績 / 距離適性 / 近走上向き
202610020608,2026-07-12,8,レザンクレール,8,13,12.0,13,10.0,7,15.0,11,15.0,15,13.0,2021105794.0,12.0,2026-07-12,34.82,15.4,56.3,0.0,41.0,56.0,42.3,総合評価
202610020608,2026-07-12,8,ヴィーナスバブル,7,8,8.0,11,9.0,5,8.0,8,8.0,13,13.0,2022102957.0,1.0,2026-07-12,43.61,38.6,50.7,19.8,57.5,51.0,42.3,総合評価
202610020608,2026-07-12,8,タマモヒロイン,9,16,16.0,1,2.0,9,8.0,6,9.0,11,13.0,2023104231.0,6.0,2026-07-12,40.97,42.9,54.9,24.9,0.0,55.0,51.1,総合評価
202610020608,2026-07-12,8,ミッキーマーメイド,5,5,5.0,1,2.0,5,3.0,,,,,2023105002.0,10.0,2026-07-12,62.35,78.6,48.6,75.1,38.0,48.3,83.3,芝適性 / 東京実績 / 距離適性 / クラス条件好転
202610020608,2026-07-12,8,ミリタリータトゥー,1,1,6.0,,,,,,,,,2023101180.0,1.0,2026-07-12,73.55,100.0,85.0,30.4,50.0,75.0,50.0,前走人気以上 / 人気以上に走る傾向 / 過小評価傾向
202610020609,2026-07-12,9,テンエースワン,5,1,3.0,7,6.0,3,2.0,4,7.0,7,9.0,2021105637.0,4.0,2026-07-12,66.66,76.4,55.6,64.7,75.5,55.0,73.8,ダ適性 / 京都実績 / 距離適性 / 近走上向き
202610020609,2026-07-12,9,タガノアニマシオン,7,4,3.0,1,3.0,3,2.0,1,7.0,5,1.0,2022106564.0,10.0,2026-07-12,69.05,86.2,53.2,100.0,41.0,52.0,79.3,ダ適性 / 阪神実績 / 距離適性 / 安定感
202610020609,2026-07-12,9,ケイアイアルタイル,10,8,2.0,2,9.0,8,5.0,1,6.0,3,10.0,2021100711.0,2.0,2026-07-12,56.1,68.3,55.5,49.8,23.0,60.0,65.3,距離適性 / クラス条件好転
202610020609,2026-07-12,9,エンマ,8,6,7.0,9,8.0,8,5.0,3,6.0,9,8.0,2022102956.0,8.0,2026-07-12,46.47,51.9,48.6,14.6,57.5,49.0,47.8,総合評価
202610020609,2026-07-12,9,ブルックリンダンス,6,4,6.0,10,2.0,7,2.0,5,5.0,1,1.0,2022105791.0,9.0,2026-07-12,51.57,60.6,33.4,55.3,60.5,39.0,72.3,京都実績 / 距離適性 / クラス条件好転
202610020609,2026-07-12,9,ホウショウルクス,3,1,2.0,6,10.0,1,4.0,,,,,2023106298.0,11.0,2026-07-12,70.25,86.7,67.7,50.2,65.0,63.3,70.5,ダ適性 / 小倉実績 / 距離適性 / 人気以上に走る傾向
202610020609,2026-07-12,9,トモジャザーン,4,1,2.0,2,5.0,6,5.0,3,5.0,7,9.0,2021104295.0,3.0,2026-07-12,69.03,82.8,59.5,69.9,71.0,57.0,66.8,ダ適性 / 距離適性 / 近走上向き / 安定感
202610020609,2026-07-12,9,ショウナンバンライ,1,1,6.0,10,10.0,1,2.0,2,4.0,3,2.0,2023107036.0,13.0,2026-07-12,70.47,79.2,63.3,75.1,68.0,57.0,79.3,ダ適性 / 阪神実績 / 距離適性 / 前走人気以上
202610020609,2026-07-12,9,プウスカンドゥール,9,5,11.0,7,6.0,3,9.0,9,11.0,2,16.0,2020104791.0,1.0,2026-07-12,69.2,65.0,81.5,60.5,51.5,77.0,72.3,小倉実績 / 距離適性 / クラス条件好転 / 前走人気以上
202610020609,2026-07-12,9,サンライズケヴィン,2,14,8.0,5,7.0,1,5.0,1,2.0,2,4.0,2023106546.0,12.0,2026-07-12,51.57,60.8,48.7,69.6,0.0,53.0,70.8,ダ適性 / 距離適性 / クラス条件好転 / 安定感
202610020609,2026-07-12,9,テンエースワン,5,1,3.0,7,6.0,3,2.0,4,7.0,7,9.0,2021105637.0,1.0,2026-07-12,66.66,76.4,55.6,64.7,75.5,55.0,73.8,ダ適性 / 京都実績 / 距離適性 / 近走上向き
202610020610,2026-07-12,10,ダノンカゼルタ,2,4,5.0,12,9.0,5,5.0,1,9.0,2,8.0,2022104719.0,10.0,2026-07-12,64.26,63.6,59.4,75.1,56.0,62.0,77.8,芝適性 / 阪神実績 / 距離適性 / クラス条件好転
202610020610,2026-07-12,10,ショウナンハウル,11,8,7.0,7,7.0,10,10.0,6,6.0,8,8.0,2021105867.0,4.0,2026-07-12,41.45,45.2,47.9,0.0,48.5,49.0,46.3,クラス条件好転
202610020610,2026-07-12,10,プリズマジコ,5,10,12.0,13,7.0,8,6.0,4,2.0,3,2.0,2021106077.0,5.0,2026-07-12,37.56,38.0,38.3,24.9,32.0,41.0,51.8,クラス条件好転
202610020610,2026-07-12,10,ハッピーダンチャン,6,13,6.0,9,5.0,11,5.0,11,3.0,15,1.0,2022100529.0,7.0,2026-07-12,15.83,17.1,1.5,0.0,41.0,11.0,42.3,総合評価
202610020610,2026-07-12,10,フォーチュンライド,8,13,5.0,1,1.0,2,1.0,,,,,2023103343.0,11.0,2026-07-12,39.04,59.0,25.5,44.7,0.0,35.0,61.3,距離適性
202610020610,2026-07-12,10,アスクエピソード,7,7,10.0,8,8.0,7,7.0,11,16.0,8,5.0,2020101031.0,2.0,2026-07-12,45.71,44.5,59.3,0.0,59.0,55.0,42.3,前走人気以上
202610020610,2026-07-12,10,レイピカケ,10,6,12.0,10,10.0,11,9.0,10,9.0,10,8.0,2021106904.0,6.0,2026-07-12,44.76,36.1,57.5,0.0,75.5,51.0,46.3,クラス条件好転 / 前走人気以上 / 近走上向き
202610020610,2026-07-12,10,コリカンチャ,4,11,10.0,7,6.0,10,6.0,10,6.0,1,2.0,2022104623.0,9.0,2026-07-12,34.58,39.0,37.2,10.3,26.0,41.0,46.3,クラス条件好転
202610020610,2026-07-12,10,オデット,3,12,13.0,10,11.0,11,14.0,8,8.0,5,9.0,2022101925.0,8.0,2026-07-12,40.08,28.0,60.9,10.3,29.0,59.0,46.3,クラス条件好転
202610020610,2026-07-12,10,ジャスティンガルフ,1,6,8.0,1,14.0,13,10.0,10,7.0,4,3.0,2021103255.0,3.0,2026-07-12,56.46,55.9,69.0,35.3,56.0,58.0,51.8,クラス条件好転 / 人気以上に走る傾向
202610020610,2026-07-12,10,オウケンボルト,9,3,8.0,16,11.0,5,7.0,7,8.0,13,11.0,2019103827.0,1.0,2026-07-12,58.15,47.0,54.3,50.2,93.5,51.0,76.0,芝適性 / 東京実績 / 距離適性 / クラス条件好転
202610020610,2026-07-12,10,ダノンカゼルタ,2,4,5.0,12,9.0,5,5.0,1,9.0,2,8.0,2022104719.0,1.0,2026-07-12,64.26,63.6,59.4,75.1,56.0,62.0,77.8,芝適性 / 阪神実績 / 距離適性 / クラス条件好転
202610020611,2026-07-12,11,メルキオル,11,16,7.0,1,2.0,12,8.0,1,1.0,1,1.0,2022104796.0,14.0,2026-07-12,39.32,52.2,27.1,49.8,0.0,38.0,69.0,ダ適性 / 距離適性 / クラス条件好転
202610020611,2026-07-12,11,ゴッドブルービー,5,1,3.0,6,6.0,4,2.0,2,2.0,2,8.0,2020106063.0,5.0,2026-07-12,69.15,83.3,55.8,75.1,65.0,56.0,77.8,ダ適性 / 小倉実績 / 距離適性 / クラス条件好転
202610020611,2026-07-12,11,ジンセイ,4,2,10.0,13,4.0,9,2.0,3,1.0,4,2.0,2021104646.0,9.0,2026-07-12,53.86,56.2,38.1,55.3,81.5,38.0,72.3,東京実績 / 距離適性 / クラス条件好転 / 前走人気以上
202610020611,2026-07-12,11,サンライズアリオン,10,12,9.0,9,8.0,10,4.0,1,7.0,2,4.0,2019103419.0,1.0,2026-07-12,37.52,42.2,41.1,24.9,11.0,48.0,47.8,総合評価
202610020611,2026-07-12,11,スナークラファエロ,2,5,8.0,14,8.0,3,3.0,8,1.0,14,3.0,2021103987.0,7.0,2026-07-12,46.35,43.7,30.8,50.2,78.5,29.0,72.3,東京実績 / 距離適性 / クラス条件好転 / 前走人気以上
202610020611,2026-07-12,11,レイナデアルシーラ,1,3,5.0,4,6.0,12,3.0,13,11.0,1,1.0,2022104628.0,13.0,2026-07-12,56.52,57.8,43.3,65.7,77.0,43.0,68.3,川崎実績 / 距離適性 / 近走上向き / 安定感
202610020611,2026-07-12,11,モンブランミノル,9,2,1.0,2,2.0,1,1.0,1,2.0,1,1.0,2021100838.0,6.0,2026-07-12,71.29,95.6,48.9,100.0,45.5,50.0,83.3,ダ適性 / 阪神実績 / 距離適性 / クラス条件好転
202610020611,2026-07-12,11,メイショウズイウン,6,9,11.0,11,6.0,13,12.0,6,9.0,1,1.0,2022100154.0,10.0,2026-07-12,39.19,35.8,47.2,10.3,42.5,49.0,46.3,クラス条件好転
202610020611,2026-07-12,11,シュラザック,3,10,11.0,8,16.0,10,12.0,1,1.0,1,3.0,2022102117.0,11.0,2026-07-12,49.84,49.9,70.3,24.9,20.0,63.0,47.8,人気以上に走る傾向
202610020611,2026-07-12,11,フェルヴェンテ,7,6,13.0,8,5.0,4,9.0,1,8.0,8,2.0,2020102045.0,4.0,2026-07-12,58.9,63.4,69.4,34.3,45.5,60.0,65.3,距離適性 / クラス条件好転 / 前走人気以上 / 人気以上に走る傾向
202610020611,2026-07-12,11,モックモック,8,3,2.0,2,7.0,3,3.0,1,3.0,1,2.0,2020100061.0,3.0,2026-07-12,72.85,90.0,59.4,100.0,42.5,57.0,83.3,ダ適性 / 阪神実績 / 距離適性 / クラス条件好転
202610020611,2026-07-12,11,メルキオル,11,16,7.0,1,2.0,12,8.0,1,1.0,1,1.0,2022104796.0,1.0,2026-07-12,39.32,52.2,27.1,49.8,0.0,38.0,69.0,ダ適性 / 距離適性 / クラス条件好転
202610020612,2026-07-12,12,ドルチェミスト,15,2,3.0,12,11.0,8,4.0,3,6.0,4,8.0,2023101174.0,6.0,2026-07-12,59.78,59.8,50.8,55.3,78.5,53.0,73.8,芝適性 / 小倉実績 / 距離適性 / 近走上向き
202610020612,2026-07-12,12,リアルアルバ,16,10,11.0,8,8.0,11,9.0,16,14.0,1,3.0,2023101065.0,11.0,2026-07-12,39.17,33.8,48.8,10.3,44.0,49.0,46.3,クラス条件好転
202610020612,2026-07-12,12,セレブトーチ,13,1,4.0,7,4.0,16,12.0,7,8.0,,,2023105833.0,3.0,2026-07-12,54.09,56.8,46.3,30.4,100.0,46.2,49.6,前走人気以上 / 近走上向き
202610020612,2026-07-12,12,フィラーエ,5,6,5.0,1,4.0,7,7.0,6,8.0,7,7.0,2023102025.0,18.0,2026-07-12,54.34,67.6,55.1,24.9,45.5,54.0,61.7,距離適性 / 頭数減経験
202610020612,2026-07-12,12,ウインマスカレード,10,5,4.0,3,1.0,15,9.0,2,7.0,5,9.0,2022106217.0,13.0,2026-07-12,59.26,62.1,44.1,80.2,57.5,50.0,77.8,芝適性 / 新潟実績 / 距離適性 / クラス条件好転
202610020612,2026-07-12,12,ジュエルハウス,11,13,12.0,11,14.0,12,13.0,9,13.0,13,14.0,2022103150.0,16.0,2026-07-12,35.31,14.2,59.3,0.0,39.5,58.0,42.3,総合評価
202610020612,2026-07-12,12,ラブカムーン,8,8,10.0,12,13.0,5,11.0,12,16.0,15,11.0,2021106586.0,21.0,2026-07-12,48.12,31.6,65.5,19.8,68.0,59.0,47.8,人気以上に走る傾向 / 近走上向き
202610020612,2026-07-12,12,ノボリリア,1,6,8.0,2,3.0,7,1.0,3,3.0,4,3.0,2022103058.0,7.0,2026-07-12,54.42,71.6,47.0,49.8,38.0,46.0,61.3,距離適性
202610020612,2026-07-12,12,テルヴィセクス,7,7,7.0,14,11.0,1,7.0,5,1.0,4,2.0,2023104355.0,17.0,2026-07-12,49.34,53.3,47.5,44.7,44.0,47.0,57.8,距離適性 / 頭数減経験
202610020612,2026-07-12,12,ギザキズラヴ,12,7,10.0,9,8.0,14,9.0,9,7.0,7,8.0,2022106715.0,15.0,2026-07-12,40.1,35.4,46.4,0.0,66.5,46.0,46.3,クラス条件好転 / 前走人気以上 / 近走上向き
202610020612,2026-07-12,12,ウォーターデライト,6,8,8.0,9,7.0,1,2.0,2,2.0,,,2023101865.0,14.0,2026-07-12,48.21,61.9,47.7,34.3,26.0,48.8,53.6,クラス条件好転
202610020612,2026-07-12,12,ベネメレンティ,14,5,4.0,6,10.0,18,17.0,7,14.0,10,13.0,2021106648.0,19.0,2026-07-12,54.87,46.1,62.8,30.4,81.5,62.0,47.8,近走上向き
202610020612,2026-07-12,12,シャインベック,9,12,12.0,9,12.0,7,11.0,5,4.0,1,2.0,2022104392.0,1.0,2026-07-12,43.66,43.1,60.5,24.9,11.0,57.0,47.8,総合評価
202610020612,2026-07-12,12,アットザラヴアスク,17,13,13.0,15,13.0,,,,,,,2022104436.0,12.0,2026-07-12,29.07,2.2,43.7,0.0,62.0,45.0,42.3,総合評価
202610020612,2026-07-12,12,ベルファスト,2,3,1.0,2,1.0,3,3.0,2,2.0,8,11.0,2021101414.0,20.0,2026-07-12,66.56,83.0,46.2,89.7,54.5,50.0,79.3,芝適性 / 新潟実績 / 距離適性 / 安定感
202610020612,2026-07-12,12,ジューンオアシス,4,1,1.0,10,11.0,9,5.0,4,9.0,4,2.0,2023101722.0,2.0,2026-07-12,61.44,63.4,49.9,55.3,84.5,50.0,79.3,ダ適性 / 園田実績 / 距離適性 / 近走上向き
202610020612,2026-07-12,12,モルティフレーバー,3,14,5.0,4,14.0,15,11.0,17,9.0,7,4.0,2022104901.0,10.0,2026-07-12,31.76,24.3,32.4,24.9,30.5,36.0,54.8,福島実績
202610020612,2026-07-12,12,ドルチェミスト,15,2,3.0,12,11.0,8,4.0,3,6.0,4,8.0,2023101174.0,1.0,2026-07-12,59.78,59.8,50.8,55.3,78.5,53.0,73.8,芝適性 / 小倉実績 / 距離適性 / 近走上向き
