race_id,日付,レース,馬名,実着順,horse_id,馬番,着順1,人気1,着順2,人気2,着順3,人気3,着順4,人気4,着順5,人気5,_date,AREru指数,因子_dirt,因子_venue,因子_form,因子_upset,因子_consistency,理由,開催地
202630071601,2026-07-16,1,ジャスパーロマン,12,2024104394,1,10,10.0,,,,,,,,,2026-07-16,36.9,48.0,45.0,28.0,50.0,0.0,地方総合評価,門別
202630071601,2026-07-16,1,ハッピーアフリート,4,2024101495,2,6,6.0,7,10.0,,,,,,,2026-07-16,40.99,40.0,42.0,56.4,60.5,0.0,地方総合評価,門別
202630071601,2026-07-16,1,フェリンヴァラー,6,2024101042,3,5,9.0,,,,,,,,,2026-07-16,62.82,48.0,45.0,68.0,78.0,100.0,近走地方好走 / 人気以上傾向,門別
202630071601,2026-07-16,1,リュウノソイジャー,8,2024102136,4,除,,7,6.0,,,,,,,2026-07-16,37.66,40.0,42.0,52.0,43.0,0.0,地方総合評価,門別
202630071601,2026-07-16,1,ライトビーンズ,3,2024104266,5,8,6.0,4,6.0,4,6.0,6,6.0,,,2026-07-16,61.97,67.5,67.0,62.5,53.5,49.8,ダート適性 / 門別実績,門別
202630071601,2026-07-16,1,リコーツェッペリン,7,2024101256,6,6,6.0,6,7.0,,,,,,,2026-07-16,40.73,40.0,42.0,60.0,53.5,0.0,地方総合評価,門別
202630071601,2026-07-16,1,コンチワッチ,2,2024109058,7,7,7.0,4,10.0,,,,,,,2026-07-16,63.8,67.5,67.0,62.8,71.0,45.1,ダート適性 / 門別実績 / 人気以上傾向,門別
202630071601,2026-07-16,1,ドリームパッション,1,2024105621,8,4,3.0,3,1.0,,,,,,,2026-07-16,84.19,95.0,92.0,79.6,39.5,100.0,ダート適性 / 門別実績 / 近走地方好走,門別
202630071601,2026-07-16,1,イグレックリヤン,11,2024102175,9,12,12.0,11,8.0,,,,,,,2026-07-16,29.89,40.0,42.0,15.6,39.5,0.0,地方総合評価,門別
202630071601,2026-07-16,1,マナラニアケア,10,2024102399,10,5,9.0,10,9.0,9,9.0,,,,,2026-07-16,53.31,58.3,58.7,46.3,57.0,40.5,地方総合評価,門別
202630071601,2026-07-16,1,アンクルチャーリー,9,2024105521,11,11,11.0,9,7.0,9,4.0,,,,,2026-07-16,31.86,40.0,42.0,29.5,33.7,0.0,地方総合評価,門別
202630071601,2026-07-16,1,ルナベレッツァ,5,2024107280,12,6,1.0,2,6.0,5,6.0,,,,,2026-07-16,69.45,76.7,75.3,72.7,50.0,59.5,ダート適性 / 門別実績 / 近走地方好走,門別
202630071602,2026-07-16,2,レラノア,11,2024105527,1,7,8.0,12,9.0,,,,,,,2026-07-16,34.06,40.0,42.0,34.0,43.0,0.0,地方総合評価,門別
202630071602,2026-07-16,2,ケイキカーネ,9,2024108167,2,8,8.0,8,5.0,取,,,,,,2026-07-16,35.57,40.0,42.0,44.0,39.5,0.0,地方総合評価,門別
202630071602,2026-07-16,2,リガンド,2,2024100373,3,5,2.0,2,1.0,2,4.0,,,,,2026-07-16,85.54,95.0,92.0,82.3,45.3,100.0,ダート適性 / 門別実績 / 近走地方好走,門別
202630071602,2026-07-16,2,カルリトス,3,2024101536,4,5,6.0,,,,,,,,,2026-07-16,59.88,48.0,45.0,68.0,57.0,100.0,近走地方好走,門別
202630071602,2026-07-16,2,リヴァールミナス,1,2024102275,5,4,2.0,2,1.0,2,1.0,2,2.0,4,1.0,2026-07-16,85.46,95.0,92.0,85.5,40.2,100.0,ダート適性 / 門別実績 / 近走地方好走,門別
202630071602,2026-07-16,2,エカヒリオ,4,2024102188,6,4,5.0,,,,,,,,,2026-07-16,61.48,48.0,45.0,76.0,57.0,100.0,近走地方好走,門別
202630071602,2026-07-16,2,ナーランガ,6,2024105803,7,2,3.0,,,,,,,,,2026-07-16,64.68,48.0,45.0,92.0,57.0,100.0,近走地方好走,門別
202630071602,2026-07-16,2,リュウノゴウワン,7,2024109005,8,3,4.0,8,10.0,5,7.0,,,,,2026-07-16,70.86,76.7,75.3,66.5,61.7,66.8,ダート適性 / 門別実績 / 近走地方好走,門別
202630071602,2026-07-16,2,クリシュナラブリー,10,2024100052,9,2,8.0,8,9.0,6,8.0,,,,,2026-07-16,59.54,58.3,58.7,67.6,71.0,40.5,近走地方好走 / 人気以上傾向,門別
202630071602,2026-07-16,2,トシデンセツ,5,2024100146,10,2,4.0,4,5.0,,,,,,,2026-07-16,88.17,95.0,92.0,84.8,60.5,100.0,ダート適性 / 門別実績 / 近走地方好走,門別
202630071602,2026-07-16,2,バンシイハーピー,8,2024100394,11,9,5.0,6,5.0,,,,,,,2026-07-16,35.15,40.0,42.0,46.8,32.5,0.0,地方総合評価,門別
202630071603,2026-07-16,3,ディアスプリンター,6,2024103124,1,5,4.0,4,5.0,4,5.0,9,3.0,,,2026-07-16,72.72,81.2,79.5,66.8,41.2,83.7,ダート適性 / 門別実績 / 近走地方好走,門別
202630071603,2026-07-16,3,シャディアラ,1,2024105536,2,3,8.0,,,,,,,,,2026-07-16,67.0,48.0,45.0,84.0,85.0,100.0,近走地方好走 / 人気以上傾向,門別
202630071603,2026-07-16,3,スターリーローラー,7,2024103325,3,6,3.0,4,4.0,3,7.0,,,,,2026-07-16,69.56,76.7,75.3,71.6,52.3,59.5,ダート適性 / 門別実績 / 近走地方好走,門別
202630071603,2026-07-16,3,ティンバリートス,4,2024106462,4,2,1.0,3,2.0,,,,,,,2026-07-16,86.44,95.0,92.0,88.4,43.0,100.0,ダート適性 / 門別実績 / 近走地方好走,門別
202630071603,2026-07-16,3,ライヴユアドリーム,2,2024105176,5,3,6.0,6,5.0,2,4.0,,,,,2026-07-16,72.86,76.7,75.3,78.1,59.3,66.8,ダート適性 / 門別実績 / 近走地方好走,門別
202630071603,2026-07-16,3,カストール,5,2024107126,6,1,1.0,6,6.0,,,,,,,2026-07-16,66.08,67.5,67.0,82.0,50.0,54.9,ダート適性 / 門別実績 / 近走地方好走,門別
202630071603,2026-07-16,3,リュウノマッスル,8,2024100174,7,6,2.0,1,1.0,2,2.0,2,2.0,取,,2026-07-16,69.69,73.0,72.0,83.4,43.0,66.1,ダート適性 / 門別実績 / 近走地方好走,門別
202630071603,2026-07-16,3,ベストメッセージ,9,2024101453,8,5,3.0,3,5.0,,,,,,,2026-07-16,84.78,95.0,92.0,75.2,50.0,100.0,ダート適性 / 門別実績 / 近走地方好走,門別
202630071603,2026-07-16,3,クラウンアウォーズ,3,2024105786,9,2,2.0,,,,,,,,,2026-07-16,63.7,48.0,45.0,92.0,50.0,100.0,近走地方好走,門別
202630071604,2026-07-16,4,スズオリーブ,11,2017104231,1,4,10.0,13,13.0,11,12.0,9,11.0,7,11.0,2026-07-16,51.03,56.5,57.0,38.7,68.2,30.4,人気以上傾向,門別
202630071604,2026-07-16,4,プチビーンズ,10,2022100086,2,4,4.0,4,3.0,4,6.0,5,4.0,4,7.0,2026-07-16,81.99,84.0,92.0,74.8,54.2,100.0,ダート適性 / 門別実績 / 近走地方好走,門別
202630071604,2026-07-16,4,ポートエレン,1,2023100546,3,3,3.0,6,5.0,1,1.0,,,,,2026-07-16,71.65,76.7,75.3,80.2,47.7,66.8,ダート適性 / 門別実績 / 近走地方好走,門別
202630071604,2026-07-16,4,アミラジオネ,2,2022100043,4,3,1.0,8,6.0,5,4.0,8,5.0,9,6.0,2026-07-16,54.95,70.6,45.0,60.1,34.6,50.2,ダート適性 / 他場転入,門別
202630071604,2026-07-16,4,ルックスライクパツ,6,2021101882,5,6,7.0,8,8.0,12,6.0,10,7.0,9,7.0,2026-07-16,37.18,45.5,48.2,39.4,36.0,0.0,地方総合評価,門別
202630071604,2026-07-16,4,オカノティアラ,4,2023107174,6,6,6.0,3,9.0,1,2.0,2,3.0,7,4.0,2026-07-16,71.21,78.5,72.0,77.7,57.0,59.3,ダート適性 / 門別実績 / 近走地方好走,門別
202630071604,2026-07-16,4,オオイシアジサイ,9,2023102066,7,2,2.0,1,1.0,2,2.0,3,2.0,2,2.0,2026-07-16,79.86,78.5,77.0,92.8,48.6,100.0,ダート適性 / 門別実績 / 近走地方好走,門別
202630071604,2026-07-16,4,サンヨウコイノボリ,5,2023103200,8,5,2.0,1,1.0,4,2.0,2,4.0,5,5.0,2026-07-16,77.11,67.5,92.0,81.1,45.8,100.0,ダート適性 / 門別実績 / 近走地方好走,門別
202630071604,2026-07-16,4,スティールアンバー,3,2023100836,9,2,1.0,1,1.0,3,1.0,,,,,2026-07-16,87.27,95.0,92.0,92.6,43.0,100.0,ダート適性 / 門別実績 / 近走地方好走,門別
202630071604,2026-07-16,4,スイレンチャン,7,2022106084,10,3,8.0,7,6.0,10,8.0,9,9.0,10,5.0,2026-07-16,46.19,45.5,52.0,52.2,45.8,30.4,地方総合評価,門別
202630071604,2026-07-16,4,ゴールデンアイル,8,2021101144,11,7,6.0,7,11.0,8,11.0,7,12.0,10,12.0,2026-07-16,40.38,40.0,42.0,47.9,68.2,0.0,人気以上傾向,門別
202630071604,2026-07-16,4,エイシンキャノピー,12,2022103164,12,7,7.0,10,11.0,9,9.0,11,11.0,10,10.0,2026-07-16,35.58,40.0,42.0,35.7,51.4,0.0,地方総合評価,門別
202630071605,2026-07-16,5,エレシュトゥ,4,2024103150,1,,,,,,,,,,,2026-07-16,43.5,48.0,45.0,40.0,40.0,40.0,地方履歴少,門別
202630071605,2026-07-16,5,サザンマキシム,取消,2024100402,2,,,,,,,,,,,2026-07-16,43.5,48.0,45.0,40.0,40.0,40.0,地方履歴少,門別
202630071605,2026-07-16,5,ハンドクラップ,6,2024100549,3,,,,,,,,,,,2026-07-16,43.5,48.0,45.0,40.0,40.0,40.0,地方履歴少,門別
202630071605,2026-07-16,5,ミサオ,2,2024105128,4,,,,,,,,,,,2026-07-16,43.5,48.0,45.0,40.0,40.0,40.0,地方履歴少,門別
202630071605,2026-07-16,5,ドミネイト,5,2024104854,5,,,,,,,,,,,2026-07-16,43.5,48.0,45.0,40.0,40.0,40.0,地方履歴少,門別
202630071605,2026-07-16,5,フレンドリーグリン,7,2024102483,6,,,,,,,,,,,2026-07-16,43.5,48.0,45.0,40.0,40.0,40.0,地方履歴少,門別
202630071605,2026-07-16,5,カズドリーム,1,2024103787,7,,,,,,,,,,,2026-07-16,43.5,48.0,45.0,40.0,40.0,40.0,地方履歴少,門別
202630071605,2026-07-16,5,アドミレリッチー,8,2024100938,8,,,,,,,,,,,2026-07-16,43.5,48.0,45.0,40.0,40.0,40.0,地方履歴少,門別
202630071605,2026-07-16,5,パーフェクトナイト,3,2024102672,9,,,,,,,,,,,2026-07-16,43.5,48.0,45.0,40.0,40.0,40.0,地方履歴少,門別
202630071606,2026-07-16,6,ブラビット,7,2024100961,1,,,,,,,,,,,2026-07-16,43.5,48.0,45.0,40.0,40.0,40.0,地方履歴少,門別
202630071606,2026-07-16,6,ステラマームード,3,2024105000,2,,,,,,,,,,,2026-07-16,43.5,48.0,45.0,40.0,40.0,40.0,地方履歴少,門別
202630071606,2026-07-16,6,リコーリベレーター,1,2024101249,3,,,,,,,,,,,2026-07-16,43.5,48.0,45.0,40.0,40.0,40.0,地方履歴少,門別
202630071606,2026-07-16,6,アクタール,2,2024104906,4,,,,,,,,,,,2026-07-16,43.5,48.0,45.0,40.0,40.0,40.0,地方履歴少,門別
202630071606,2026-07-16,6,ドルファティーガ,8,2024103873,5,,,,,,,,,,,2026-07-16,43.5,48.0,45.0,40.0,40.0,40.0,地方履歴少,門別
202630071606,2026-07-16,6,ポコアポコ,5,2024107266,6,取,,,,,,,,,,2026-07-16,43.5,48.0,45.0,40.0,40.0,40.0,地方総合評価,門別
202630071606,2026-07-16,6,トラブルメーカー,6,2024108158,7,,,,,,,,,,,2026-07-16,43.5,48.0,45.0,40.0,40.0,40.0,地方履歴少,門別
202630071606,2026-07-16,6,サスラオウ,4,2024102772,8,,,,,,,,,,,2026-07-16,43.5,48.0,45.0,40.0,40.0,40.0,地方履歴少,門別
202630071607,2026-07-16,7,レヴァンターセ,7,2023100107,1,7,1.0,除,,10,15.0,9,10.0,14,11.0,2026-07-16,34.59,40.0,42.0,35.4,44.8,0.0,地方総合評価,門別
202630071607,2026-07-16,7,フックセンチョウ,4,2023104595,2,4,8.0,10,8.0,6,9.0,10,9.0,3,5.0,2026-07-16,58.63,63.6,67.0,54.7,58.4,40.7,門別実績,門別
202630071607,2026-07-16,7,カネショウラッシュ,5,2022100307,3,4,5.0,5,8.0,7,10.0,7,7.0,11,8.0,2026-07-16,62.51,67.5,67.0,60.0,55.6,55.3,ダート適性 / 門別実績,門別
202630071607,2026-07-16,7,キョウエイフレアー,6,2020104218,4,5,8.0,6,10.0,7,13.0,10,14.0,10,14.0,2026-07-16,52.69,51.0,52.0,52.9,79.4,30.4,人気以上傾向,門別
202630071607,2026-07-16,7,マルティネーテ,2,2020100373,5,3,1.0,4,3.0,2,2.0,3,8.0,8,6.0,2026-07-16,70.43,67.5,67.0,79.5,50.0,89.7,ダート適性 / 門別実績 / 近走地方好走,門別
202630071607,2026-07-16,7,カセノフォルス,1,2023101646,6,2,5.0,11,4.0,1,1.0,2,2.0,7,3.0,2026-07-16,67.22,74.4,73.2,71.5,38.8,64.7,ダート適性 / 門別実績 / 近走地方好走,門別
202630071607,2026-07-16,7,ダイヤノゴトク,3,2022105125,7,4,5.0,5,5.0,4,6.0,8,5.0,3,6.0,2026-07-16,70.93,67.5,77.7,70.2,54.2,85.4,ダート適性 / 門別実績 / 近走地方好走,門別
202630071608,2026-07-16,8,サンゼントカガヤク,1,2022104425,1,1,5.0,6,6.0,5,3.0,2,4.0,7,3.0,2026-07-16,72.07,78.5,77.0,77.6,50.0,64.7,ダート適性 / 門別実績 / 近走地方好走,門別
202630071608,2026-07-16,8,ガイストゼーゲン,2,2023101658,2,2,1.0,2,2.0,1,2.0,3,2.0,8,1.0,2026-07-16,77.89,81.2,82.0,87.5,38.8,89.7,ダート適性 / 門別実績 / 近走地方好走,門別
202630071608,2026-07-16,8,ユーライナー,7,2021107000,3,8,8.0,12,12.0,9,10.0,12,14.0,11,12.0,2026-07-16,42.73,56.5,57.0,27.3,55.6,0.0,地方総合評価,門別
202630071608,2026-07-16,8,ウフフトルンナ,3,2021101193,4,7,1.0,1,1.0,1,1.0,1,1.0,1,1.0,2026-07-16,64.86,74.4,45.0,85.4,41.6,69.6,ダート適性 / 他場転入 / 近走地方好走,門別
202630071608,2026-07-16,8,キタサンモンドー,4,2022103672,5,1,1.0,3,2.0,1,3.0,6,1.0,3,3.0,2026-07-16,76.92,76.7,82.0,88.5,44.4,85.4,ダート適性 / 門別実績 / 近走地方好走,門別
202630071608,2026-07-16,8,マリノシュライエン,5,2020101416,6,11,11.0,10,9.0,6,6.0,8,11.0,12,15.0,2026-07-16,38.61,45.5,47.6,32.6,57.0,0.0,地方総合評価,門別
202630071608,2026-07-16,8,オールスパイス,6,2022101519,7,7,6.0,6,8.0,9,9.0,7,8.0,,,2026-07-16,40.52,45.5,42.0,50.7,53.5,0.0,地方総合評価,門別
202630071609,2026-07-16,9,コウユーダイダイ,4,2023100759,1,1,3.0,4,1.0,4,3.0,13,11.0,9,13.0,2026-07-16,75.86,81.2,92.0,68.7,50.0,75.1,ダート適性 / 門別実績 / 近走地方好走,門別
202630071609,2026-07-16,9,ゼファーバローズ,7,2020103777,2,8,5.0,10,12.0,7,8.0,,,6,12.0,2026-07-16,39.98,45.5,42.0,43.1,60.5,0.0,地方総合評価,門別
202630071609,2026-07-16,9,エスカルチャ,6,2021101673,3,6,7.0,11,8.0,8,11.0,6,7.0,11,10.0,2026-07-16,40.28,51.0,42.0,42.7,51.4,0.0,地方総合評価,門別
202630071609,2026-07-16,9,アサガオ,3,2022104290,4,5,3.0,7,3.0,3,3.0,2,1.0,1,2.0,2026-07-16,71.44,73.0,83.7,74.0,41.6,75.1,ダート適性 / 門別実績 / 近走地方好走,門別
202630071609,2026-07-16,9,ピエールテネシー,1,2021106228,5,3,3.0,2,5.0,2,6.0,4,7.0,8,5.0,2026-07-16,83.37,89.5,87.0,82.3,59.8,89.7,ダート適性 / 門別実績 / 近走地方好走,門別
202630071609,2026-07-16,9,エリオットゲーム,5,2021102248,6,3,7.0,10,5.0,6,4.0,2,3.0,5,3.0,2026-07-16,64.66,73.0,72.0,64.8,44.4,55.3,ダート適性 / 門別実績,門別
202630071609,2026-07-16,9,アンエクスプロード,2,2022104571,7,4,8.0,12,12.0,9,12.0,12,11.0,12,12.0,2026-07-16,46.23,45.5,58.7,36.2,58.4,30.4,地方総合評価,門別
202630071610,2026-07-16,10,ブッシュドノエル,11,2018105013,1,10,10.0,8,10.0,7,8.0,,,8,5.0,2026-07-16,39.02,45.5,47.0,40.2,50.0,0.0,地方総合評価,門別
202630071610,2026-07-16,10,マジックライン,7,2021106966,2,5,4.0,4,8.0,5,7.0,,,4,11.0,2026-07-16,73.19,67.5,67.0,71.3,71.0,100.0,ダート適性 / 門別実績 / 近走地方好走 / 人気以上傾向,門別
202630071610,2026-07-16,10,ドクターストップ,8,2022105608,3,3,7.0,10,7.0,4,10.0,10,11.0,13,10.0,2026-07-16,63.15,73.0,72.0,52.0,57.0,50.2,ダート適性 / 門別実績,門別
202630071610,2026-07-16,10,カムイノウタゲ,5,2022106492,4,7,8.0,5,9.0,8,8.0,,,7,8.0,2026-07-16,50.26,51.0,52.0,54.8,60.5,29.2,地方総合評価,門別
202630071610,2026-07-16,10,レーザーベルン,9,2023101746,5,6,3.0,取,,1,2.0,5,2.0,3,3.0,2026-07-16,61.42,62.0,62.0,75.4,41.2,59.5,近走地方好走,門別
202630071610,2026-07-16,10,レッドコート,12,2021102678,6,9,6.0,7,11.0,,,10,6.0,4,6.0,2026-07-16,44.23,51.0,52.0,44.7,48.2,12.9,地方総合評価,門別
202630071610,2026-07-16,10,グレイトエイト,10,2023104208,7,1,2.0,3,6.0,8,4.0,13,12.0,,,2026-07-16,65.73,67.5,75.3,67.6,48.2,61.7,ダート適性 / 門別実績 / 近走地方好走,門別
202630071610,2026-07-16,10,マリノロマンス,3,2021101257,8,4,9.0,8,13.0,12,8.0,3,4.0,9,7.0,2026-07-16,57.0,62.0,62.0,52.4,57.0,45.0,地方総合評価,門別
202630071610,2026-07-16,10,カネトシエテルノ,1,2022100167,9,2,3.0,1,2.0,3,5.0,2,5.0,1,2.0,2026-07-16,81.71,67.5,92.0,93.2,61.2,100.0,ダート適性 / 門別実績 / 近走地方好走,門別
202630071610,2026-07-16,10,ビービーエリス,2,2023100550,10,1,2.0,1,2.0,5,5.0,6,4.0,5,2.0,2026-07-16,75.22,73.0,82.0,84.5,45.8,85.4,ダート適性 / 門別実績 / 近走地方好走,門別
202630071610,2026-07-16,10,ヤマニンエラマ,6,2023104367,11,3,2.0,1,1.0,2,2.0,10,9.0,6,13.0,2026-07-16,74.76,67.5,92.0,78.9,57.0,75.1,ダート適性 / 門別実績 / 近走地方好走,門別
202630071610,2026-07-16,10,ユニコーンホエール,4,2022102517,12,8,6.0,4,4.0,5,4.0,6,2.0,4,4.0,2026-07-16,69.04,84.0,82.0,62.4,40.2,55.0,ダート適性 / 門別実績,門別
202630071611,2026-07-16,11,キタノインディ,7,2018100531,1,9,9.0,8,9.0,9,10.0,6,8.0,6,9.0,2026-07-16,38.41,40.0,42.0,44.0,59.8,0.0,地方総合評価,門別
202630071611,2026-07-16,11,ワンダーウーマン,2,2022103981,2,3,4.0,3,2.0,5,4.0,1,1.0,1,1.0,2026-07-16,81.01,84.0,82.0,84.8,48.6,100.0,ダート適性 / 門別実績 / 近走地方好走,門別
202630071611,2026-07-16,11,ドウドウキリシマ,4,2016105952,3,7,7.0,4,4.0,5,10.0,6,7.0,7,8.0,2026-07-16,67.58,78.5,77.0,62.3,59.8,44.7,ダート適性 / 門別実績,門別
202630071611,2026-07-16,11,ピンクヴェノム,3,2021101189,4,5,6.0,2,6.0,4,4.0,2,3.0,4,3.0,2026-07-16,81.2,84.0,82.0,79.9,57.0,100.0,ダート適性 / 門別実績 / 近走地方好走,門別
202630071611,2026-07-16,11,モノノフブラック,5,2021106136,5,5,5.0,1,5.0,10,7.0,7,6.0,5,5.0,2026-07-16,72.58,84.0,82.0,65.7,50.0,65.7,ダート適性 / 門別実績 / 近走地方好走,門別
202630071611,2026-07-16,11,ラッキーホープ,1,2019104113,6,4,2.0,1,1.0,2,1.0,1,1.0,2,2.0,2026-07-16,84.46,89.5,87.0,90.3,45.8,100.0,ダート適性 / 門別実績 / 近走地方好走,門別
202630071611,2026-07-16,11,オメガレインボー,6,2016105537,7,6,8.0,6,9.0,5,6.0,7,4.0,13,6.0,2026-07-16,48.3,56.5,52.0,54.6,44.4,19.8,地方総合評価,門別
202630071612,2026-07-16,12,シルバーミラージュ,,2022100824,1,2,7.0,1,4.0,1,3.0,6,3.0,2,4.0,2026-07-16,76.64,73.0,72.0,90.9,62.6,85.4,ダート適性 / 門別実績 / 近走地方好走,門別
202630071612,2026-07-16,12,イージーオンミー,,2020101143,2,3,1.0,2,3.0,10,13.0,7,5.0,4,5.0,2026-07-16,72.41,73.0,92.0,69.4,51.4,65.7,ダート適性 / 門別実績 / 近走地方好走,門別
202630071612,2026-07-16,12,ラブラブパイロ,,2019101543,3,8,8.0,8,3.0,10,12.0,7,8.0,3,2.0,2026-07-16,47.24,67.5,45.0,46.1,45.8,10.3,ダート適性 / 他場転入,門別
202630071612,2026-07-16,12,ゼロアワー,,2022101521,4,2,2.0,5,4.0,8,2.0,1,1.0,1,1.0,2026-07-16,78.01,84.0,92.0,78.5,40.2,80.2,ダート適性 / 門別実績 / 近走地方好走,門別
202630071612,2026-07-16,12,カツノトキメキ,,2022103969,5,4,3.0,1,3.0,除,,4,5.0,4,1.0,2026-07-16,83.44,89.5,87.0,83.5,48.2,100.0,ダート適性 / 門別実績 / 近走地方好走,門別
202630071612,2026-07-16,12,スターオブフェザー,,2023100822,6,8,6.0,12,6.0,2,1.0,1,1.0,3,4.0,2026-07-16,64.29,78.5,79.5,57.8,38.8,44.7,ダート適性 / 門別実績,門別
202630071612,2026-07-16,12,バレンタインケーキ,,2023101389,7,2,1.0,1,3.0,3,4.0,1,1.0,2,1.0,2026-07-16,88.65,95.0,92.0,93.6,51.4,100.0,ダート適性 / 門別実績 / 近走地方好走,門別
202630071612,2026-07-16,12,ニジコ,,2023104311,8,3,3.0,4,5.0,4,6.0,4,3.0,1,3.0,2026-07-16,83.65,88.9,86.4,80.9,55.6,100.0,ダート適性 / 門別実績 / 近走地方好走,門別
202630071612,2026-07-16,12,チャチャハツゴウ,,2022102134,9,3,4.0,3,5.0,12,6.0,11,1.0,4,6.0,2026-07-16,59.41,78.5,45.0,59.6,34.6,65.7,ダート適性 / 他場転入,門別
202642071601,2026-07-16,1,プリンセスパリー,9,2021103769,1,6,9.0,10,10.0,10,11.0,11,9.0,8,8.0,2026-07-16,44.52,56.5,57.0,38.2,52.8,0.0,地方総合評価,浦和
202642071601,2026-07-16,1,ルラクソント,3,2022106795,2,3,6.0,8,2.0,2,4.0,6,6.0,5,3.0,2026-07-16,67.26,78.5,67.0,70.5,45.8,60.5,ダート適性 / 浦和実績 / 近走地方好走,浦和
202642071601,2026-07-16,1,テットドール,1,2022104966,3,1,1.0,16,13.0,4,4.0,13,7.0,2,1.0,2026-07-16,52.7,60.6,45.0,55.5,36.0,60.5,他場転入,浦和
202642071601,2026-07-16,1,タイムレスブルーム,7,2021103475,4,8,3.0,5,3.0,1,1.0,2,4.0,2,2.0,2026-07-16,70.49,78.5,75.3,73.0,43.0,69.6,ダート適性 / 浦和実績 / 近走地方好走,浦和
202642071601,2026-07-16,1,ピノヌイ,8,2021102321,5,9,4.0,8,5.0,4,6.0,3,7.0,10,8.0,2026-07-16,50.38,56.5,54.5,52.1,44.4,34.3,地方総合評価,浦和
202642071601,2026-07-16,1,アルファウィンザー,5,2021100432,6,4,5.0,5,4.0,8,7.0,7,7.0,5,7.0,2026-07-16,60.86,73.0,45.0,63.4,51.4,65.7,ダート適性 / 他場転入,浦和
202642071601,2026-07-16,1,カリプソ,4,2021100504,7,6,7.0,6,7.0,6,4.0,8,7.0,7,5.0,2026-07-16,45.07,51.0,54.5,56.8,45.8,0.0,地方総合評価,浦和
202642071601,2026-07-16,1,ハヌマーンビーチ,6,2020104981,8,7,3.0,取,,10,4.0,1,2.0,1,6.0,2026-07-16,62.66,78.5,73.2,61.6,43.0,33.2,ダート適性 / 浦和実績,浦和
202642071601,2026-07-16,1,ノワスティエ,2,2022105361,9,3,5.0,6,7.0,4,6.0,6,3.0,10,8.0,2026-07-16,62.62,62.0,75.3,67.1,50.0,50.2,浦和実績 / 近走地方好走,浦和
202642071602,2026-07-16,2,ジーティーグレース,4,2023101631,1,7,1.0,3,1.0,3,2.0,,,,,2026-07-16,66.17,76.7,75.3,71.0,29.0,59.5,ダート適性 / 浦和実績 / 近走地方好走,浦和
202642071602,2026-07-16,2,ヒーローズ,9,2023101976,2,5,5.0,6,8.0,5,7.0,10,7.0,9,4.0,2026-07-16,56.41,73.0,45.0,56.9,44.4,50.2,ダート適性 / 他場転入,浦和
202642071602,2026-07-16,2,キングハービン,3,2023104220,3,5,7.0,7,3.0,3,8.0,10,12.0,5,7.0,2026-07-16,65.8,70.6,70.6,61.3,59.8,60.5,ダート適性 / 浦和実績,浦和
202642071602,2026-07-16,2,シシリアンマインド,8,2023107026,4,8,4.0,8,4.0,5,2.0,5,1.0,2,1.0,2026-07-16,51.71,67.5,45.0,57.2,27.6,44.7,ダート適性 / 他場転入,浦和
202642071602,2026-07-16,2,エムワンワークス,7,2023104123,5,4,5.0,2,7.0,6,7.0,10,11.0,12,12.0,2026-07-16,56.35,58.3,45.0,63.2,61.2,55.3,他場転入,浦和
202642071602,2026-07-16,2,トゥンカロン,6,2023102746,6,2,9.0,10,10.0,11,11.0,9,10.0,8,9.0,2026-07-16,48.78,53.8,45.0,48.7,62.6,30.4,他場転入,浦和
202642071602,2026-07-16,2,キンパツビジン,11,2023102201,7,4,7.0,9,9.0,10,9.0,13,12.0,9,7.0,2026-07-16,50.99,60.6,60.8,41.9,48.6,30.4,地方総合評価,浦和
202642071602,2026-07-16,2,キサラフラッシュ,10,2023105707,8,8,9.0,5,5.0,4,5.0,8,6.0,5,4.0,2026-07-16,65.84,76.7,75.3,58.8,48.6,55.0,ダート適性 / 浦和実績,浦和
202642071602,2026-07-16,2,エムティライカ,1,2023105471,9,10,1.0,3,1.0,3,1.0,2,2.0,,,2026-07-16,60.61,81.2,45.0,66.3,27.2,66.1,ダート適性 / 他場転入 / 近走地方好走,浦和
202642071602,2026-07-16,2,ルミナスストーン,5,2023101980,10,7,6.0,8,8.0,6,6.0,2,5.0,6,5.0,2026-07-16,47.5,55.7,45.0,58.2,51.4,14.6,他場転入,浦和
202642071602,2026-07-16,2,ヤギリパール,2,2023102556,11,3,2.0,4,4.0,7,5.0,4,6.0,,,2026-07-16,66.63,81.2,45.0,73.4,48.2,78.0,ダート適性 / 他場転入 / 近走地方好走,浦和
202642071603,2026-07-16,3,ユウユウキュラソー,1,2024101357,1,4,6.0,,,,,,,,,2026-07-16,62.46,48.0,45.0,76.0,64.0,100.0,近走地方好走,浦和
202642071603,2026-07-16,3,ユウユウコクトバ,4,2024103322,2,4,4.0,5,6.0,,,,,,,2026-07-16,84.71,95.0,92.0,72.4,53.5,100.0,ダート適性 / 浦和実績 / 近走地方好走,浦和
202642071603,2026-07-16,3,オサケノオトモニ,5,2024100051,3,6,5.0,,,,,,,,,2026-07-16,42.32,48.0,45.0,60.0,43.0,0.0,地方総合評価,浦和
202642071603,2026-07-16,3,ユウユウウタゲ,7,2024101783,4,7,7.0,5,5.0,,,,,,,2026-07-16,60.14,67.5,67.0,59.2,50.0,45.1,ダート適性 / 浦和実績,浦和
202642071603,2026-07-16,3,ユウユウヒレシュ,3,2024107110,5,5,6.0,6,6.0,,,,,,,2026-07-16,63.05,67.5,67.0,64.4,53.5,54.9,ダート適性 / 浦和実績,浦和
202642071603,2026-07-16,3,ダイバマアヤ,2,2024103337,6,6,3.0,6,4.0,,,,,,,2026-07-16,37.79,40.0,42.0,60.0,32.5,0.0,地方総合評価,浦和
202642071603,2026-07-16,3,ビナドリーム,6,2024100278,7,5,4.0,,,,,,,,,2026-07-16,57.92,48.0,45.0,68.0,43.0,100.0,近走地方好走,浦和
202642071604,2026-07-16,4,ピノモラーン,9,2018101766,1,1,6.0,8,9.0,8,7.0,6,6.0,3,7.0,2026-07-16,63.57,67.5,69.8,67.5,62.6,40.7,ダート適性 / 浦和実績 / 近走地方好走,浦和
202642071604,2026-07-16,4,ルナティックアイ,10,2022100260,2,7,10.0,12,12.0,9,11.0,9,10.0,7,11.0,2026-07-16,40.73,45.5,49.1,36.5,64.0,0.0,地方総合評価,浦和
202642071604,2026-07-16,4,レバット,3,2022104341,3,10,1.0,8,3.0,2,2.0,2,5.0,8,7.0,2026-07-16,55.57,67.5,67.0,55.6,33.2,34.3,ダート適性 / 浦和実績,浦和
202642071604,2026-07-16,4,ファンタフェスタ,2,2021103310,4,9,6.0,3,6.0,5,6.0,7,9.0,9,6.0,2026-07-16,59.57,67.5,67.0,56.6,50.0,44.7,ダート適性 / 浦和実績,浦和
202642071604,2026-07-16,4,エーアイキリシマ,8,2021104083,5,5,5.0,3,4.0,6,3.0,3,2.0,4,7.0,2026-07-16,74.29,78.5,80.9,73.6,50.0,80.2,ダート適性 / 浦和実績 / 近走地方好走,浦和
202642071604,2026-07-16,4,セイダンシング,7,2019103118,6,5,6.0,1,5.0,6,8.0,4,11.0,11,12.0,2026-07-16,75.99,73.0,92.0,70.6,71.0,69.9,ダート適性 / 浦和実績 / 近走地方好走 / 人気以上傾向,浦和
202642071604,2026-07-16,4,セイウンコチョウ,11,2019103947,7,6,6.0,12,10.0,4,7.0,11,10.0,5,4.0,2026-07-16,54.46,67.5,63.4,46.2,48.6,30.1,ダート適性,浦和
202642071604,2026-07-16,4,イチゴホイップ,5,2020107092,8,7,4.0,2,3.0,9,10.0,12,5.0,2,5.0,2026-07-16,55.17,56.5,72.0,57.1,43.0,35.3,浦和実績,浦和
202642071604,2026-07-16,4,スペルガッサン,6,2018106759,9,3,3.0,4,5.0,2,7.0,11,7.0,5,11.0,2026-07-16,68.49,78.5,45.0,72.6,61.2,85.4,ダート適性 / 他場転入 / 近走地方好走,浦和
202642071604,2026-07-16,4,ロベルタインパクト,4,2022100209,10,5,4.0,3,10.0,11,6.0,4,5.0,4,3.0,2026-07-16,76.59,89.5,83.7,64.5,51.4,80.2,ダート適性 / 浦和実績,浦和
202642071604,2026-07-16,4,コビナイフォンテン,1,2019105664,11,6,4.0,5,4.0,6,6.0,8,8.0,1,5.0,2026-07-16,61.71,67.5,75.3,63.8,51.4,35.3,ダート適性 / 浦和実績,浦和
202642071604,2026-07-16,4,ナイトダンサー,12,2022101848,12,10,9.0,7,7.0,9,9.0,7,11.0,11,12.0,2026-07-16,43.11,51.0,56.3,38.2,55.6,0.0,地方総合評価,浦和
202642071605,2026-07-16,5,クウレイナニ,2,2020104436,1,2,2.0,2,1.0,1,1.0,1,1.0,1,6.0,2026-07-16,86.34,84.0,92.0,95.6,55.6,100.0,ダート適性 / 浦和実績 / 近走地方好走,浦和
202642071605,2026-07-16,5,アンジェマリーナ,3,2021103136,2,5,7.0,3,8.0,3,5.0,11,5.0,5,6.0,2026-07-16,76.37,84.0,80.9,68.1,55.6,85.4,ダート適性 / 浦和実績 / 近走地方好走,浦和
202642071605,2026-07-16,5,クイーンマートル,11,2021101929,3,11,8.0,11,6.0,取,,8,5.0,3,9.0,2026-07-16,40.95,56.5,45.0,32.6,41.2,12.9,他場転入,浦和
202642071605,2026-07-16,5,ライヴラジアン,5,2022103452,4,5,3.0,4,5.0,11,3.0,9,4.0,1,4.0,2026-07-16,66.91,76.7,82.0,59.1,34.6,65.7,ダート適性 / 浦和実績,浦和
202642071605,2026-07-16,5,セイウンスイート,6,2020100305,5,11,12.0,8,9.0,8,12.0,9,14.0,8,10.0,2026-07-16,37.9,40.0,42.0,35.5,68.2,0.0,人気以上傾向,浦和
202642071605,2026-07-16,5,ユウユウロザリウム,8,2022104282,6,9,9.0,10,5.0,9,7.0,1,4.0,7,4.0,2026-07-16,46.53,56.5,58.7,45.0,40.2,14.6,地方総合評価,浦和
202642071605,2026-07-16,5,チェスナットドレス,9,2017106198,7,7,8.0,10,12.0,7,8.0,3,11.0,10,12.0,2026-07-16,44.32,45.5,42.0,48.2,69.6,14.6,人気以上傾向,浦和
202642071605,2026-07-16,5,アヤサンメルシー,10,2020101749,8,7,7.0,5,7.0,5,4.0,7,9.0,7,6.0,2026-07-16,53.98,62.0,45.0,59.1,52.8,44.7,他場転入,浦和
202642071605,2026-07-16,5,グッドインディード,7,2021105041,9,9,7.0,9,10.0,11,10.0,10,11.0,10,10.0,2026-07-16,41.47,62.0,45.0,30.8,48.6,0.0,他場転入,浦和
202642071605,2026-07-16,5,インマイブラッド,4,2022104165,10,8,11.0,10,10.0,9,9.0,10,8.0,11,9.0,2026-07-16,38.73,51.0,45.0,33.6,48.6,0.0,他場転入,浦和
202642071605,2026-07-16,5,サンタアナウインド,1,2022103219,11,6,1.0,6,6.0,1,1.0,2,1.0,5,4.0,2026-07-16,67.6,78.5,79.5,73.4,40.2,44.7,ダート適性 / 浦和実績 / 近走地方好走,浦和
202642071606,2026-07-16,6,ニシノウール,11,2020100938,1,7,8.0,9,10.0,9,11.0,11,11.0,10,12.0,2026-07-16,39.83,45.5,47.6,37.7,58.4,0.0,地方総合評価,浦和
202642071606,2026-07-16,6,テリオスボス,9,2021100544,2,2,3.0,3,6.0,7,2.0,6,7.0,2,4.0,2026-07-16,63.58,62.0,58.7,77.4,52.8,65.7,近走地方好走,浦和
202642071606,2026-07-16,6,アンジュマロン,12,2022106671,3,3,5.0,6,6.0,5,1.0,1,2.0,3,3.0,2026-07-16,75.99,84.0,82.0,77.2,48.6,75.1,ダート適性 / 浦和実績 / 近走地方好走,浦和
202642071606,2026-07-16,6,セキテイジュウオー,7,2019101924,4,8,5.0,6,3.0,5,4.0,3,4.0,2,2.0,2026-07-16,59.88,84.0,45.0,63.5,41.6,44.7,ダート適性 / 他場転入,浦和
202642071606,2026-07-16,6,ニシノリピート,2,2021100402,5,4,6.0,4,10.0,7,11.0,4,7.0,7,7.0,2026-07-16,74.83,78.5,80.9,68.8,71.0,69.9,ダート適性 / 浦和実績 / 近走地方好走 / 人気以上傾向,浦和
202642071606,2026-07-16,6,エムリエール,4,2019103580,6,11,8.0,10,11.0,7,8.0,8,6.0,4,6.0,2026-07-16,43.45,51.0,56.3,37.6,48.6,10.3,地方総合評価,浦和
202642071606,2026-07-16,6,アストラルフレア,6,2022107215,7,4,4.0,1,1.0,1,1.0,1,3.0,2,3.0,2026-07-16,82.1,73.0,92.0,91.9,54.2,100.0,ダート適性 / 浦和実績 / 近走地方好走,浦和
202642071606,2026-07-16,6,コットンフラワー,5,2022101365,8,9,4.0,4,3.0,4,2.0,4,1.0,1,2.0,2026-07-16,64.8,89.5,45.0,66.3,36.0,69.6,ダート適性 / 他場転入 / 近走地方好走,浦和
202642071606,2026-07-16,6,オリエンタルマック,10,2022106145,9,10,10.0,4,7.0,9,12.0,8,10.0,10,10.0,2026-07-16,45.92,45.5,52.0,43.9,61.2,24.9,地方総合評価,浦和
202642071606,2026-07-16,6,フェアーメロディ,3,2022105571,10,5,1.0,1,3.0,2,1.0,6,3.0,5,1.0,2026-07-16,66.36,78.5,45.0,79.6,36.0,85.4,ダート適性 / 他場転入 / 近走地方好走,浦和
202642071606,2026-07-16,6,フェリスラリー,1,2020101356,11,1,7.0,5,7.0,10,8.0,6,8.0,6,7.0,2026-07-16,61.95,51.0,75.3,67.8,62.6,55.3,浦和実績 / 近走地方好走,浦和
202642071606,2026-07-16,6,イーオレイ,8,2022102950,12,9,9.0,12,10.0,10,8.0,7,2.0,3,3.0,2026-07-16,43.98,67.5,45.0,35.7,37.4,10.3,ダート適性 / 他場転入,浦和
202642071607,2026-07-16,7,アンビータブルニコ,7,2022102457,1,8,9.0,9,8.0,8,10.0,7,10.0,9,10.0,2026-07-16,37.89,40.0,42.0,42.3,58.4,0.0,地方総合評価,浦和
202642071607,2026-07-16,7,シェナハート,9,2019107077,2,9,11.0,10,10.0,6,12.0,12,12.0,12,12.0,2026-07-16,39.23,45.5,47.6,32.8,61.2,0.0,地方総合評価,浦和
202642071607,2026-07-16,7,ミノリチャン,1,2022100059,3,5,7.0,6,9.0,4,6.0,4,9.0,7,11.0,2026-07-16,66.51,67.5,62.0,67.1,72.4,64.7,ダート適性 / 近走地方好走 / 人気以上傾向,浦和
202642071607,2026-07-16,7,ジャストザヴァルス,11,2020100411,4,11,3.0,1,3.0,8,6.0,5,6.0,2,8.0,2026-07-16,58.16,62.0,63.4,59.1,48.6,49.8,地方総合評価,浦和
202642071607,2026-07-16,7,マーニク,8,2021103067,5,10,11.0,7,12.0,10,9.0,6,9.0,7,10.0,2026-07-16,45.06,51.0,56.3,41.1,65.4,0.0,人気以上傾向,浦和
202642071607,2026-07-16,7,パルメニデス,4,2019100432,6,4,9.0,8,7.0,10,9.0,9,8.0,3,8.0,2026-07-16,57.51,62.0,64.2,53.5,59.8,40.7,地方総合評価,浦和
202642071607,2026-07-16,7,タマモコンペイトウ,2,2020101718,7,10,8.0,6,11.0,8,10.0,9,12.0,11,10.0,2026-07-16,37.51,40.0,42.0,39.5,59.8,0.0,地方総合評価,浦和
202642071607,2026-07-16,7,エコロルキナ,6,2022101341,8,9,12.0,9,7.0,7,7.0,11,13.0,8,9.0,2026-07-16,36.55,40.0,42.0,37.7,55.6,0.0,地方総合評価,浦和
202642071607,2026-07-16,7,ルミナヴィクター,3,2022100013,9,5,10.0,10,12.0,8,6.0,9,6.0,6,11.0,2026-07-16,50.21,56.5,50.3,47.8,59.8,30.4,地方総合評価,浦和
202642071607,2026-07-16,7,スプリングネージュ,5,2018109044,10,7,4.0,4,4.0,6,10.0,10,6.0,12,14.0,2026-07-16,48.36,51.0,56.3,51.9,48.6,24.9,地方総合評価,浦和
202642071607,2026-07-16,7,ステンノー,12,2020104319,11,11,8.0,11,3.0,1,11.0,12,11.0,8,6.0,2026-07-16,50.78,67.5,64.2,37.1,44.4,19.8,ダート適性,浦和
202642071607,2026-07-16,7,シェナカレン,10,2020102011,12,11,12.0,8,11.0,11,11.0,8,11.0,7,11.0,2026-07-16,40.18,45.5,49.1,32.8,65.4,0.0,人気以上傾向,浦和
202642071608,2026-07-16,8,ビナラオカイ,1,2023102108,1,1,2.0,4,3.0,1,4.0,,,,,2026-07-16,89.13,95.0,92.0,92.0,57.0,100.0,ダート適性 / 浦和実績 / 近走地方好走,浦和
202642071608,2026-07-16,8,コウユーミューミュ,4,2022101219,2,3,5.0,6,8.0,11,10.0,1,11.0,7,9.0,2026-07-16,63.32,67.5,63.4,64.4,71.0,45.0,ダート適性 / 人気以上傾向,浦和
202642071608,2026-07-16,8,ニシノニューリーフ,9,2020106604,3,7,11.0,11,11.0,13,8.0,6,12.0,10,7.0,2026-07-16,38.15,45.5,47.6,33.2,52.8,0.0,地方総合評価,浦和
202642071608,2026-07-16,8,ハワイアンジュエル,3,2022104573,4,7,9.0,5,9.0,10,10.0,10,9.0,8,10.0,2026-07-16,54.03,56.5,72.0,46.9,59.8,24.9,浦和実績,浦和
202642071608,2026-07-16,8,ブラックエンパイア,6,2022104343,5,3,4.0,1,1.0,6,1.0,3,1.0,4,2.0,2026-07-16,80.24,89.5,92.0,82.4,38.8,80.2,ダート適性 / 浦和実績 / 近走地方好走,浦和
202642071608,2026-07-16,8,ミヅルーラー,5,2022101628,6,5,3.0,5,2.0,6,8.0,4,5.0,8,6.0,2026-07-16,66.37,67.5,77.7,65.1,44.4,69.9,ダート適性 / 浦和実績 / 近走地方好走,浦和
202642071608,2026-07-16,8,タイトルコール,7,2022102808,7,12,3.0,4,3.0,9,3.0,3,3.0,8,7.0,2026-07-16,53.49,67.5,67.0,46.5,26.2,39.5,ダート適性 / 浦和実績,浦和
202642071608,2026-07-16,8,クラパッション,8,2022101301,8,11,8.0,7,8.0,4,10.0,5,6.0,6,11.0,2026-07-16,49.72,51.0,48.2,50.2,64.0,34.3,地方総合評価,浦和
202642071608,2026-07-16,8,セファイドループ,2,2022100597,9,4,1.0,1,3.0,9,7.0,7,11.0,11,9.0,2026-07-16,66.35,62.0,92.0,64.8,48.6,55.3,浦和実績,浦和
202642071609,2026-07-16,9,コスモゼーリエ,11,2023106450,1,15,14.0,,,,,,,,,2026-07-16,30.32,48.0,45.0,0.0,43.0,0.0,地方総合評価,浦和
202642071609,2026-07-16,9,ルージュソムニウム,5,2023103605,2,8,10.0,11,10.0,5,9.0,13,6.0,,,2026-07-16,41.12,48.0,45.0,36.1,46.5,22.0,他場転入,浦和
202642071609,2026-07-16,9,ダイユウサルターレ,7,2023102809,3,14,12.0,15,4.0,3,6.0,10,9.0,,,2026-07-16,38.03,53.8,45.0,23.1,30.8,22.0,他場転入,浦和
202642071609,2026-07-16,9,ラジスタンロイヤル,6,2023100194,4,5,9.0,8,7.0,10,9.0,6,5.0,5,11.0,2026-07-16,56.46,73.0,45.0,52.9,59.8,40.7,ダート適性 / 他場転入,浦和
202642071609,2026-07-16,9,オーデンサフィー,10,2023102366,5,7,7.0,2,7.0,2,10.0,8,10.0,5,11.0,2026-07-16,62.22,56.5,56.3,70.4,79.4,55.0,近走地方好走 / 人気以上傾向,浦和
202642071609,2026-07-16,9,アルコア,2,2023104565,6,6,6.0,1,1.0,1,1.0,12,5.0,4,6.0,2026-07-16,70.37,73.0,92.0,72.5,43.0,55.0,ダート適性 / 浦和実績 / 近走地方好走,浦和
202642071609,2026-07-16,9,ドリームファイター,1,2023110030,7,6,2.0,3,2.0,2,1.0,3,2.0,1,1.0,2026-07-16,74.6,85.8,79.5,79.9,40.2,69.6,ダート適性 / 浦和実績 / 近走地方好走,浦和
202642071609,2026-07-16,9,マッドスピード,3,2023102506,8,7,6.0,7,10.0,3,7.0,6,10.0,11,11.0,2026-07-16,53.0,51.0,67.0,56.2,64.0,19.8,浦和実績,浦和
202642071609,2026-07-16,9,チェストー,取消,2023100770,9,7,5.0,5,8.0,12,8.0,7,7.0,6,14.0,2026-07-16,44.99,46.1,45.0,48.9,57.0,24.9,他場転入,浦和
202642071609,2026-07-16,9,トゥモローズウェイ,4,2023103338,10,12,9.0,4,5.0,7,8.0,10,11.0,6,17.0,2026-07-16,48.68,58.3,45.0,43.1,65.4,24.9,他場転入 / 人気以上傾向,浦和
202642071609,2026-07-16,9,ビップルーク,9,2023105995,11,1,6.0,4,6.0,5,9.0,6,4.0,4,7.0,2026-07-16,70.64,78.5,45.0,79.4,66.8,85.4,ダート適性 / 他場転入 / 近走地方好走 / 人気以上傾向,浦和
202642071609,2026-07-16,9,レオスキーム,8,2023104893,12,6,16.0,12,14.0,14,16.0,9,15.0,,,2026-07-16,39.71,40.0,45.0,29.5,85.0,0.0,他場転入 / 人気以上傾向,浦和
202642071610,2026-07-16,10,ツガノショウグン,7,2021104100,1,1,2.0,3,8.0,5,5.0,4,5.0,2,10.0,2026-07-16,79.49,73.0,75.3,85.4,71.0,100.0,ダート適性 / 浦和実績 / 近走地方好走 / 人気以上傾向,浦和
202642071610,2026-07-16,10,コスタデラルス,1,2022107309,2,6,6.0,12,12.0,8,8.0,11,11.0,11,11.0,2026-07-16,35.88,40.0,45.0,34.9,50.0,0.0,他場転入,浦和
202642071610,2026-07-16,10,サンスレッド,8,2020106495,3,2,1.0,1,1.0,2,2.0,2,3.0,2,6.0,2026-07-16,78.87,67.5,82.0,94.0,55.6,100.0,ダート適性 / 浦和実績 / 近走地方好走,浦和
202642071610,2026-07-16,10,エレガントジュエリ,取消,2020106937,4,10,4.0,2,9.0,4,7.0,11,8.0,4,2.0,2026-07-16,63.69,73.0,72.0,57.2,48.6,55.0,ダート適性 / 浦和実績,浦和
202642071610,2026-07-16,10,マスクドサムライ,4,2019106784,5,3,7.0,6,9.0,6,8.0,5,6.0,6,9.0,2026-07-16,68.01,73.0,75.3,68.5,68.2,45.0,ダート適性 / 浦和実績 / 近走地方好走 / 人気以上傾向,浦和
202642071610,2026-07-16,10,アマノハバキリ,2,2022104407,6,10,1.0,3,6.0,7,6.0,7,6.0,11,5.0,2026-07-16,47.77,67.5,45.0,49.4,30.4,24.9,ダート適性 / 他場転入,浦和
202642071610,2026-07-16,10,クインズステラ,3,2019102559,7,3,1.0,6,2.0,2,2.0,取,,1,2.0,2026-07-16,69.59,73.0,72.0,80.8,41.2,70.8,ダート適性 / 浦和実績 / 近走地方好走,浦和
202642071610,2026-07-16,10,アイスキング,5,2019105835,8,2,1.0,3,1.0,12,7.0,8,2.0,1,1.0,2026-07-16,62.15,84.0,45.0,68.0,30.4,65.7,ダート適性 / 他場転入 / 近走地方好走,浦和
202642071610,2026-07-16,10,ノヴァヴィア,6,2022107066,9,5,6.0,3,2.0,1,3.0,8,1.0,1,3.0,2026-07-16,79.71,89.5,85.8,78.1,45.8,85.4,ダート適性 / 浦和実績 / 近走地方好走,浦和
202642071611,2026-07-16,11,ユウノワンワン,5,2021101846,1,5,8.0,10,10.0,4,7.0,1,5.0,5,8.0,2026-07-16,68.69,67.5,70.6,64.3,68.2,75.1,ダート適性 / 浦和実績 / 人気以上傾向,浦和
202642071611,2026-07-16,11,ダイメイタマナ,4,2020102357,2,4,7.0,8,7.0,6,9.0,11,6.0,4,6.0,2026-07-16,62.45,73.0,73.2,56.7,52.8,40.7,ダート適性 / 浦和実績,浦和
202642071611,2026-07-16,11,デュアルロンド,7,2021106264,3,6,9.0,8,9.0,10,12.0,13,6.0,8,6.0,2026-07-16,37.94,45.5,45.0,39.9,45.8,0.0,他場転入,浦和
202642071611,2026-07-16,11,ルールメイプル,3,2020105827,4,4,5.0,3,10.0,10,7.0,1,4.0,7,5.0,2026-07-16,74.01,73.0,92.0,69.5,58.4,69.9,ダート適性 / 浦和実績 / 近走地方好走,浦和
202642071611,2026-07-16,11,ボディコンシャス,除外,2022104299,5,1,3.0,5,8.0,8,2.0,12,3.0,2,5.0,2026-07-16,63.27,67.5,67.0,67.3,40.2,65.7,ダート適性 / 浦和実績 / 近走地方好走,浦和
202642071611,2026-07-16,11,セイウンハルカニ,11,2019100938,6,10,11.0,10,10.0,14,13.0,11,12.0,11,12.0,2026-07-16,35.75,45.5,48.2,20.5,52.8,0.0,地方総合評価,浦和
202642071611,2026-07-16,11,フォーティチュード,1,2023109017,7,3,1.0,1,1.0,1,1.0,1,3.0,3,1.0,2026-07-16,84.74,84.0,92.0,93.5,47.2,100.0,ダート適性 / 浦和実績 / 近走地方好走,浦和
202642071611,2026-07-16,11,シェナウエーブ,2,2022103789,8,11,8.0,8,2.0,6,2.0,2,3.0,8,4.0,2026-07-16,53.02,73.0,72.0,46.9,27.6,14.6,ダート適性 / 浦和実績,浦和
202642071611,2026-07-16,11,アイグレース,8,2020105406,9,2,3.0,11,11.0,12,12.0,10,11.0,6,9.0,2026-07-16,51.21,56.5,58.7,45.6,57.0,30.4,地方総合評価,浦和
202642071611,2026-07-16,11,スーパーマン,9,2020100956,10,13,14.0,8,12.0,9,5.0,5,13.0,7,9.0,2026-07-16,42.42,48.0,45.0,34.6,65.4,14.6,他場転入 / 人気以上傾向,浦和
202642071611,2026-07-16,11,クリーゲリン,10,2021106617,11,7,10.0,13,12.0,10,5.0,中,6.0,1,6.0,2026-07-16,43.68,56.5,45.0,38.2,53.5,12.1,他場転入,浦和
202642071611,2026-07-16,11,サンダビューク,6,2019102827,12,2,7.0,5,5.0,9,9.0,4,6.0,1,4.0,2026-07-16,73.72,62.0,92.0,73.4,64.0,80.2,浦和実績 / 近走地方好走,浦和
202642071612,2026-07-16,12,ルージュメアート,10,2022105541,1,3,3.0,4,5.0,6,8.0,11,7.0,10,2.0,2026-07-16,63.15,73.0,72.0,62.1,37.4,55.3,ダート適性 / 浦和実績,浦和
202642071612,2026-07-16,12,ミライヘホウショウ,2,2022106981,2,6,4.0,3,4.0,6,5.0,9,5.0,4,2.0,2026-07-16,60.02,67.5,75.3,64.1,38.8,35.3,ダート適性 / 浦和実績,浦和
202642071612,2026-07-16,12,ロットゥーラ,4,2020104834,3,2,3.0,7,4.0,9,3.0,8,1.0,8,6.0,2026-07-16,55.5,67.5,70.6,59.0,26.2,30.4,ダート適性 / 浦和実績,浦和
202642071612,2026-07-16,12,ビーチガール,6,2020101855,4,10,5.0,5,2.0,8,4.0,8,2.0,3,2.0,2026-07-16,58.55,78.5,77.0,49.3,23.4,35.3,ダート適性 / 浦和実績,浦和
202642071612,2026-07-16,12,ユウオウマイシン,3,2022106921,5,5,7.0,4,6.0,6,9.0,9,9.0,9,10.0,2026-07-16,59.3,56.5,63.4,60.4,61.2,55.3,地方総合評価,浦和
202642071612,2026-07-16,12,ベルルート,5,2021101345,6,2,2.0,5,3.0,7,7.0,5,1.0,1,2.0,2026-07-16,74.76,78.5,85.8,75.4,43.0,80.2,ダート適性 / 浦和実績 / 近走地方好走,浦和
202642071612,2026-07-16,12,メイショウフソウ,1,2022100438,7,2,1.0,1,1.0,1,1.0,4,2.0,6,2.0,2026-07-16,81.61,84.0,92.0,89.9,40.2,89.7,ダート適性 / 浦和実績 / 近走地方好走,浦和
202642071612,2026-07-16,12,シングアウト,9,2022103085,8,8,8.0,6,4.0,7,4.0,9,7.0,7,7.0,2026-07-16,41.66,56.5,42.0,49.2,40.2,0.0,地方総合評価,浦和
202642071612,2026-07-16,12,メイショウサノサ,12,2022101472,9,11,10.0,7,9.0,11,13.0,11,11.0,10,11.0,2026-07-16,42.48,51.0,62.0,28.8,55.6,0.0,地方総合評価,浦和
202642071612,2026-07-16,12,シェナクラウン,11,2020106178,10,4,9.0,9,9.0,除,,5,7.0,4,8.0,2026-07-16,62.75,62.0,56.3,62.1,69.2,68.9,人気以上傾向,浦和
202642071612,2026-07-16,12,ユイノパチョレック,7,2021100930,11,4,6.0,6,5.0,8,10.0,10,8.0,10,7.0,2026-07-16,48.9,51.0,54.5,53.7,47.2,30.4,地方総合評価,浦和
202642071612,2026-07-16,12,ニシノシャイニング,8,2020105944,12,8,6.0,8,8.0,9,6.0,3,12.0,10,12.0,2026-07-16,43.09,45.5,45.0,46.6,58.4,14.6,他場転入,浦和
202650071601,2026-07-16,1,サクラヴィグール,2,2021104071,1,2,2.0,2,1.0,3,1.0,8,3.0,4,2.0,2026-07-16,77.57,84.0,86.4,81.8,36.0,85.4,ダート適性 / 園田実績 / 近走地方好走,園田
202650071601,2026-07-16,1,メイショウロンド,1,2022102983,2,9,3.0,2,2.0,10,8.0,6,7.0,10,9.0,2026-07-16,44.01,46.9,49.1,51.1,38.8,24.9,地方総合評価,園田
202650071601,2026-07-16,1,ララアンセストラル,3,2019102757,3,6,6.0,6,2.0,5,6.0,10,4.0,10,7.0,2026-07-16,51.47,62.0,67.0,53.6,33.2,19.8,園田実績,園田
202650071601,2026-07-16,1,タイキクロニクル,9,2022103147,4,9,10.0,5,7.0,8,9.0,10,9.0,8,6.0,2026-07-16,53.07,62.0,67.0,45.2,51.4,24.9,園田実績,園田
202650071601,2026-07-16,1,ドナルドポーカー,6,2023107435,5,11,11.0,10,6.0,7,3.0,除,,2,1.0,2026-07-16,48.38,67.5,63.4,38.4,34.2,12.1,ダート適性,園田
202650071601,2026-07-16,1,スナークユウマ,8,2019103468,6,10,7.0,8,4.0,2,5.0,8,7.0,1,1.0,2026-07-16,58.85,73.0,72.0,54.4,43.0,30.1,ダート適性 / 園田実績,園田
202650071601,2026-07-16,1,グランロゼ,4,2022102048,7,5,1.0,5,4.0,3,6.0,4,4.0,2,4.0,2026-07-16,72.33,67.5,73.2,74.8,50.0,100.0,ダート適性 / 園田実績 / 近走地方好走,園田
202650071601,2026-07-16,1,カコウガン,5,2022102322,8,7,4.0,2,1.0,4,4.0,4,4.0,5,6.0,2026-07-16,71.57,78.5,79.5,71.9,45.8,69.6,ダート適性 / 園田実績 / 近走地方好走,園田
202650071601,2026-07-16,1,リザンテラ,7,2022100392,9,7,9.0,4,7.0,5,4.0,5,7.0,3,10.0,2026-07-16,68.43,67.5,70.6,66.8,68.2,69.6,ダート適性 / 園田実績 / 近走地方好走 / 人気以上傾向,園田
202650071601,2026-07-16,1,クリスバーグ,10,2018103937,10,3,1.0,5,3.0,3,2.0,6,3.0,3,3.0,2026-07-16,72.36,78.5,73.2,76.5,38.8,85.4,ダート適性 / 園田実績 / 近走地方好走,園田
202650071602,2026-07-16,2,ミストレビノ,9,2021106884,1,7,11.0,,,5,8.0,7,8.0,4,6.0,2026-07-16,62.74,67.5,70.6,59.5,67.5,40.1,ダート適性 / 園田実績 / 人気以上傾向,園田
202650071602,2026-07-16,2,ハイレジリエンス,1,2018110103,2,9,9.0,7,8.0,6,7.0,6,5.0,1,4.0,2026-07-16,49.53,56.5,56.3,54.8,55.6,10.3,地方総合評価,園田
202650071602,2026-07-16,2,サクラトップセラー,2,2021104120,3,6,5.0,6,5.0,7,8.0,5,5.0,1,2.0,2026-07-16,57.44,67.5,63.4,63.7,50.0,24.9,ダート適性,園田
202650071602,2026-07-16,2,リンガスウォリアー,5,2017101015,4,12,12.0,9,8.0,7,9.0,12,9.0,7,8.0,2026-07-16,37.07,45.5,48.2,30.0,48.6,0.0,地方総合評価,園田
202650071602,2026-07-16,2,ハルサメ,10,2022107294,5,10,6.0,8,5.0,3,5.0,5,3.0,1,3.0,2026-07-16,63.66,78.5,75.3,56.3,43.0,44.7,ダート適性 / 園田実績,園田
202650071602,2026-07-16,2,シビックシャルル,6,2021102385,6,1,1.0,1,2.0,5,1.0,5,6.0,1,2.0,2026-07-16,87.35,95.0,92.0,89.0,48.6,100.0,ダート適性 / 園田実績 / 近走地方好走,園田
202650071602,2026-07-16,2,ワレラホシノコ,3,2020100410,7,3,1.0,2,5.0,4,6.0,5,8.0,3,3.0,2026-07-16,87.33,95.0,92.0,82.1,58.4,100.0,ダート適性 / 園田実績 / 近走地方好走,園田
202650071602,2026-07-16,2,スカイアクセル,7,2022110119,8,1,3.0,2,2.0,1,2.0,3,3.0,8,8.0,2026-07-16,73.11,67.5,67.0,89.9,54.2,89.7,ダート適性 / 園田実績 / 近走地方好走,園田
202650071602,2026-07-16,2,フェスティーヴォ,8,2022106506,9,10,8.0,9,9.0,9,7.0,1,1.0,7,7.0,2026-07-16,46.11,56.5,54.5,44.6,44.4,14.6,地方総合評価,園田
202650071602,2026-07-16,2,スーパークール,4,2020101475,10,8,9.0,6,2.0,9,4.0,3,3.0,5,1.0,2026-07-16,52.42,62.0,67.0,54.7,33.2,24.9,園田実績,園田
202650071603,2026-07-16,3,プリンセスロード,4,2024102073,1,,,,,,,,,,,2026-07-16,43.5,48.0,45.0,40.0,40.0,40.0,地方履歴少,園田
202650071603,2026-07-16,3,クイーンピロコ,5,2024106818,2,,,,,,,,,,,2026-07-16,43.5,48.0,45.0,40.0,40.0,40.0,地方履歴少,園田
202650071603,2026-07-16,3,クールスカイ,1,2024101910,3,,,,,,,,,,,2026-07-16,43.5,48.0,45.0,40.0,40.0,40.0,地方履歴少,園田
202650071603,2026-07-16,3,マイクロフォン,2,2024102337,4,,,,,,,,,,,2026-07-16,43.5,48.0,45.0,40.0,40.0,40.0,地方履歴少,園田
202650071603,2026-07-16,3,ポワソンドール,3,2024104467,5,,,,,,,,,,,2026-07-16,43.5,48.0,45.0,40.0,40.0,40.0,地方履歴少,園田
202650071604,2026-07-16,4,シャンクスレガシー,9,2023106166,1,12,9.0,2,3.0,12,13.0,10,9.0,11,11.0,2026-07-16,47.27,67.5,45.0,35.1,47.2,24.9,ダート適性 / 他場転入,園田
202650071604,2026-07-16,4,モルツシャン,4,2021105234,2,1,1.0,3,1.0,2,3.0,2,1.0,1,3.0,2026-07-16,79.78,78.5,75.3,93.3,50.0,100.0,ダート適性 / 園田実績 / 近走地方好走,園田
202650071604,2026-07-16,4,イエローキャブ,7,2018106754,3,4,6.0,1,2.0,4,7.0,10,9.0,10,11.0,2026-07-16,70.12,73.0,70.6,70.0,58.4,75.1,ダート適性 / 園田実績 / 近走地方好走,園田
202650071604,2026-07-16,4,サンリナリア,1,2023100841,4,14,5.0,8,10.0,8,12.0,5,6.0,10,12.0,2026-07-16,40.74,51.0,45.0,32.5,50.0,14.6,他場転入,園田
202650071604,2026-07-16,4,フルリール,3,2021107178,5,2,4.0,4,3.0,4,4.0,10,3.0,5,6.0,2026-07-16,76.8,84.0,86.4,73.0,43.0,85.4,ダート適性 / 園田実績 / 近走地方好走,園田
202650071604,2026-07-16,4,メイショウサザナミ,10,2023105206,6,16,14.0,10,13.0,13,6.0,6,13.0,13,11.0,2026-07-16,32.09,40.0,45.0,16.9,48.6,0.0,他場転入,園田
202650071604,2026-07-16,4,メイショウヨウホウ,8,2019103397,7,12,10.0,9,8.0,1,2.0,3,9.0,6,8.0,2026-07-16,55.12,62.0,60.8,50.8,58.4,34.3,地方総合評価,園田
202650071604,2026-07-16,4,ラスアルハイマ,2,2022103760,8,1,2.0,2,2.0,7,7.0,4,2.0,2,2.0,2026-07-16,76.22,78.5,80.9,84.2,48.6,80.2,ダート適性 / 園田実績 / 近走地方好走,園田
202650071604,2026-07-16,4,レベッカレインボー,6,2022101069,9,1,1.0,4,4.0,3,5.0,1,2.0,1,3.0,2026-07-16,85.87,89.5,85.8,90.9,57.0,100.0,ダート適性 / 園田実績 / 近走地方好走,園田
202650071604,2026-07-16,4,エイシンジコクテン,5,2023105489,10,4,2.0,1,1.0,2,3.0,3,3.0,3,2.0,2026-07-16,86.78,95.0,92.0,87.1,47.2,100.0,ダート適性 / 園田実績 / 近走地方好走,園田
202650071605,2026-07-16,5,ニシノオールマイト,2,2020105473,1,12,11.0,,,11,11.0,9,9.0,12,11.0,2026-07-16,34.8,51.0,42.0,18.8,46.5,0.0,地方総合評価,園田
202650071605,2026-07-16,5,グルーヴグルーヴ,3,2023100498,2,6,5.0,4,3.0,4,9.0,8,7.0,10,7.0,2026-07-16,59.49,62.0,70.6,61.5,48.6,44.7,園田実績,園田
202650071605,2026-07-16,5,ヨシノマロンチャン,11,2023101259,3,4,5.0,6,9.0,9,8.0,10,12.0,7,6.0,2026-07-16,50.73,56.5,49.1,54.6,55.6,30.4,地方総合評価,園田
202650071605,2026-07-16,5,ゴールデンスキーム,1,2022102374,4,4,1.0,2,1.0,5,3.0,2,6.0,2,3.0,2026-07-16,77.59,73.0,83.7,82.4,48.6,100.0,ダート適性 / 園田実績 / 近走地方好走,園田
202650071605,2026-07-16,5,ジーティーパール,8,2022105562,5,7,11.0,8,9.0,3,7.0,10,10.0,3,3.0,2026-07-16,53.14,56.5,54.5,56.1,62.6,30.1,地方総合評価,園田
202650071605,2026-07-16,5,クリノコウテイ,6,2022100991,6,6,5.0,4,3.0,3,4.0,6,1.0,6,4.0,2026-07-16,58.07,67.5,56.3,68.7,38.8,44.7,ダート適性 / 近走地方好走,園田
202650071605,2026-07-16,5,モウショウ,5,2019106103,7,4,7.0,11,10.0,5,7.0,6,5.0,5,1.0,2026-07-16,62.51,67.5,70.6,57.3,48.6,60.5,ダート適性 / 園田実績,園田
202650071605,2026-07-16,5,チョウモーレツ,9,2023100154,8,7,10.0,11,11.0,8,10.0,11,10.0,8,9.0,2026-07-16,36.61,40.0,42.0,36.9,57.0,0.0,地方総合評価,園田
202650071605,2026-07-16,5,ヘルミオーネ,10,2020100929,9,6,7.0,10,8.0,7,7.0,8,7.0,11,10.0,2026-07-16,41.95,51.0,52.0,44.0,45.8,0.0,地方総合評価,園田
202650071605,2026-07-16,5,コインアフレーズ,4,2022100097,10,2,2.0,11,6.0,5,4.0,3,1.0,2,2.0,2026-07-16,61.78,74.4,45.0,68.1,38.8,75.1,ダート適性 / 他場転入 / 近走地方好走,園田
202650071605,2026-07-16,5,イセベイ,7,2020101835,11,9,8.0,9,8.0,12,3.0,8,7.0,11,6.0,2026-07-16,43.95,62.0,70.6,30.8,26.2,0.0,園田実績,園田
202650071605,2026-07-16,5,キタノハヤブサ,中止,2021104557,12,12,12.0,12,11.0,12,12.0,8,8.0,10,10.0,2026-07-16,31.71,40.0,42.0,18.3,48.6,0.0,地方総合評価,園田
202650071606,2026-07-16,6,マエストロライト,5,2021106646,1,5,6.0,6,9.0,6,7.0,9,3.0,1,4.0,2026-07-16,57.67,62.0,60.8,63.1,52.8,40.7,地方総合評価,園田
202650071606,2026-07-16,6,クルシファー,9,2021102451,2,7,8.0,2,7.0,4,3.0,9,6.0,2,3.0,2026-07-16,66.24,73.0,69.8,68.5,54.2,55.0,ダート適性 / 園田実績 / 近走地方好走,園田
202650071606,2026-07-16,6,サカキ,8,2023103007,3,3,5.0,16,15.0,10,11.0,10,14.0,,,2026-07-16,47.08,53.8,45.0,39.2,60.5,33.9,他場転入,園田
202650071606,2026-07-16,6,ミライチケット,10,2023105103,4,2,4.0,11,13.0,15,10.0,10,8.0,12,3.0,2026-07-16,43.96,58.3,45.0,38.3,33.2,30.4,他場転入,園田
202650071606,2026-07-16,6,メイショウシブキ,7,2018106704,5,4,5.0,6,6.0,4,5.0,1,1.0,4,2.0,2026-07-16,78.48,89.5,86.4,75.5,50.0,75.1,ダート適性 / 園田実績 / 近走地方好走,園田
202650071606,2026-07-16,6,マジェンカ,4,2021107241,6,7,7.0,8,9.0,2,4.0,7,4.0,4,1.0,2026-07-16,60.13,73.0,70.6,60.4,45.8,30.1,ダート適性 / 園田実績,園田
202650071606,2026-07-16,6,エザルターレ,3,2021106162,7,8,10.0,5,10.0,2,7.0,11,10.0,6,8.0,2026-07-16,60.67,62.0,67.0,57.6,68.2,44.7,園田実績 / 人気以上傾向,園田
202650071606,2026-07-16,6,タマゴ,1,2022104505,8,5,1.0,2,3.0,6,2.0,3,4.0,8,6.0,2026-07-16,61.0,71.4,45.0,72.3,38.8,69.9,ダート適性 / 他場転入 / 近走地方好走,園田
202650071606,2026-07-16,6,アグネスサンキ,6,2022100155,9,3,4.0,,,1,2.0,6,3.0,2,2.0,2026-07-16,78.2,84.0,82.0,84.6,48.2,80.6,ダート適性 / 園田実績 / 近走地方好走,園田
202650071606,2026-07-16,6,スターオブアダム,2,2023105589,10,4,6.0,4,3.0,9,1.0,1,2.0,6,2.0,2026-07-16,63.81,67.5,67.0,69.9,36.0,69.9,ダート適性 / 園田実績 / 近走地方好走,園田
202650071607,2026-07-16,7,ミヤグリフォン,4,2022100763,1,2,2.0,3,2.0,6,2.0,5,2.0,3,9.0,2026-07-16,66.61,76.7,45.0,79.4,47.2,80.2,ダート適性 / 他場転入 / 近走地方好走,園田
202650071607,2026-07-16,7,リケアマキアート,5,2022106491,2,1,1.0,2,3.0,2,6.0,10,7.0,2,1.0,2026-07-16,79.96,78.5,92.0,85.1,51.4,85.4,ダート適性 / 園田実績 / 近走地方好走,園田
202650071607,2026-07-16,7,イデアールマッチ,8,2023107500,3,8,5.0,3,7.0,9,10.0,5,4.0,10,10.0,2026-07-16,64.62,78.5,79.5,54.2,51.4,39.5,ダート適性 / 園田実績,園田
202650071607,2026-07-16,7,チェリータイム,3,2021100860,4,5,8.0,,,2,5.0,5,9.0,5,6.0,2026-07-16,73.55,67.5,67.0,74.3,69.2,100.0,ダート適性 / 園田実績 / 近走地方好走 / 人気以上傾向,園田
202650071607,2026-07-16,7,マットーネロッソ,6,2022105446,5,8,2.0,4,3.0,3,3.0,3,3.0,2,2.0,2026-07-16,72.55,81.2,84.9,70.7,40.2,69.6,ダート適性 / 園田実績 / 近走地方好走,園田
202650071607,2026-07-16,7,ナリタセレーノ,7,2021101480,6,4,8.0,5,8.0,2,5.0,6,7.0,3,5.0,2026-07-16,77.28,78.5,77.7,75.7,68.2,85.4,ダート適性 / 園田実績 / 近走地方好走 / 人気以上傾向,園田
202650071607,2026-07-16,7,ミノワ,取消,2023100388,7,7,9.0,6,7.0,9,9.0,5,6.0,3,4.0,2026-07-16,56.65,67.5,62.0,56.5,57.0,24.9,ダート適性,園田
202650071607,2026-07-16,7,トーラスキング,9,2022101475,8,9,2.0,2,9.0,6,5.0,7,6.0,5,11.0,2026-07-16,57.34,62.0,63.4,60.3,55.6,35.3,地方総合評価,園田
202650071607,2026-07-16,7,ブラッドショー,2,2021103696,9,2,5.0,3,4.0,2,3.0,2,2.0,2,2.0,2026-07-16,85.5,89.5,84.9,90.0,57.0,100.0,ダート適性 / 園田実績 / 近走地方好走,園田
202650071607,2026-07-16,7,ホウオウサムレット,1,2022104969,10,9,4.0,14,4.0,3,2.0,2,1.0,2,1.0,2026-07-16,56.16,88.1,45.0,50.5,24.8,44.7,ダート適性 / 他場転入,園田
202650071608,2026-07-16,8,シンリミテス,1,2019106148,1,1,1.0,4,3.0,1,3.0,1,1.0,1,1.0,2026-07-16,71.07,70.6,45.0,94.0,51.4,100.0,ダート適性 / 他場転入 / 近走地方好走,園田
202650071608,2026-07-16,8,スマラグドス,3,2020102798,2,11,8.0,7,6.0,7,6.0,中,8.0,8,9.0,2026-07-16,35.19,40.0,42.0,39.6,43.0,0.0,地方総合評価,園田
202650071608,2026-07-16,8,アーマルコライト,7,2021105811,3,8,12.0,8,8.0,8,5.0,4,4.0,16,15.0,2026-07-16,45.52,52.2,54.5,44.1,50.0,14.6,地方総合評価,園田
202650071608,2026-07-16,8,オズモポリタン,2,2020100433,4,8,8.0,5,6.0,1,5.0,3,7.0,4,3.0,2026-07-16,73.7,78.5,80.9,70.2,61.2,69.6,ダート適性 / 園田実績 / 近走地方好走,園田
202650071608,2026-07-16,8,ニホンピロハーバー,5,2018103828,5,10,10.0,5,7.0,4,6.0,5,3.0,5,8.0,2026-07-16,64.38,62.0,75.3,57.4,57.0,69.6,園田実績,園田
202650071608,2026-07-16,8,アースイオス,6,2021102555,6,11,16.0,11,14.0,11,13.0,12,12.0,14,11.0,2026-07-16,35.28,45.5,45.0,16.8,59.8,0.0,他場転入,園田
202650071608,2026-07-16,8,マダムホーク,4,2021105989,7,4,5.0,2,9.0,5,4.0,6,5.0,2,8.0,2026-07-16,77.89,78.5,79.5,77.7,66.8,85.4,ダート適性 / 園田実績 / 近走地方好走 / 人気以上傾向,園田
202650071609,2026-07-16,9,ヘルツアス,1,2021105985,1,1,4.0,16,17.0,11,9.0,15,12.0,12,12.0,2026-07-16,42.48,48.0,45.0,35.6,48.6,30.4,他場転入,園田
202650071609,2026-07-16,9,ミキヨウッドテール,3,2022101158,2,4,4.0,7,2.0,1,5.0,1,3.0,1,2.0,2026-07-16,75.09,78.5,79.5,80.7,52.8,75.1,ダート適性 / 園田実績 / 近走地方好走,園田
202650071609,2026-07-16,9,ハングタイム,9,2018103247,3,7,3.0,4,5.0,5,8.0,3,6.0,3,8.0,2026-07-16,71.53,73.0,79.5,69.1,61.2,69.6,ダート適性 / 園田実績 / 近走地方好走,園田
202650071609,2026-07-16,9,イスラアズール,10,2021103552,4,2,3.0,5,4.0,1,9.0,8,10.0,12,12.0,2026-07-16,68.93,67.5,67.0,72.3,64.0,75.1,ダート適性 / 園田実績 / 近走地方好走,園田
202650071609,2026-07-16,9,スターアイセーラ,4,2023100834,5,5,7.0,5,7.0,7,9.0,5,6.0,7,7.0,2026-07-16,68.22,73.0,70.6,63.2,59.8,69.9,ダート適性 / 園田実績,園田
202650071609,2026-07-16,9,グラスフラッグ,8,2021106444,6,7,6.0,7,9.0,6,8.0,6,5.0,5,9.0,2026-07-16,55.89,67.5,67.0,56.4,58.4,10.3,ダート適性 / 園田実績,園田
202650071609,2026-07-16,9,カネミツエース,7,2020105946,7,1,5.0,4,4.0,5,4.0,6,4.0,6,3.0,2026-07-16,75.35,84.0,79.5,77.7,47.2,75.1,ダート適性 / 園田実績 / 近走地方好走,園田
202650071609,2026-07-16,9,ウルティモ,5,2021101209,8,8,7.0,8,6.0,5,3.0,8,8.0,2,2.0,2026-07-16,60.64,78.5,73.2,53.7,43.0,30.1,ダート適性 / 園田実績,園田
202650071609,2026-07-16,9,ニシノベニトアイト,6,2022100917,9,2,4.0,10,3.0,1,1.0,4,4.0,5,1.0,2026-07-16,70.25,73.0,82.0,72.8,37.4,75.1,ダート適性 / 園田実績 / 近走地方好走,園田
202650071609,2026-07-16,9,エルグランゴラッソ,2,2023105703,10,3,4.0,4,3.0,5,3.0,3,6.0,1,1.0,2026-07-16,86.04,95.0,92.0,80.5,51.4,100.0,ダート適性 / 園田実績 / 近走地方好走,園田
202650071610,2026-07-16,10,スナークドリアン,9,2020100455,1,4,6.0,9,8.0,10,9.0,4,6.0,,,2026-07-16,59.58,67.5,63.4,54.3,53.5,50.2,ダート適性,園田
202650071610,2026-07-16,10,カワキタホクレア,4,2022100568,2,1,1.0,3,2.0,1,1.0,2,2.0,3,4.0,2026-07-16,83.51,84.0,84.9,93.2,50.0,100.0,ダート適性 / 園田実績 / 近走地方好走,園田
202650071610,2026-07-16,10,アンノドミニ,2,2022106643,3,3,3.0,5,2.0,2,5.0,4,4.0,4,4.0,2026-07-16,84.01,89.5,92.0,79.6,50.0,100.0,ダート適性 / 園田実績 / 近走地方好走,園田
202650071610,2026-07-16,10,クイッククイーン,1,2021106652,4,9,1.0,8,5.0,4,7.0,2,6.0,7,7.0,2026-07-16,52.76,62.0,54.5,55.7,44.4,34.3,地方総合評価,園田
202650071610,2026-07-16,10,ブルーデイジー,8,2019101340,5,9,8.0,7,8.0,8,6.0,16,16.0,11,13.0,2026-07-16,35.17,40.0,42.0,34.7,50.0,0.0,地方総合評価,園田
202650071610,2026-07-16,10,チャンチャン,6,2021107024,6,7,7.0,5,6.0,10,12.0,8,8.0,9,7.0,2026-07-16,45.09,45.5,50.3,48.4,51.4,24.9,地方総合評価,園田
202650071610,2026-07-16,10,スピリトーゾ,7,2019106014,7,11,10.0,7,11.0,9,9.0,8,7.0,5,6.0,2026-07-16,46.63,62.0,50.3,39.6,54.2,10.3,地方総合評価,園田
202650071610,2026-07-16,10,トップリーチ,10,2017100450,8,10,10.0,8,7.0,9,8.0,9,10.0,8,10.0,2026-07-16,37.36,45.5,42.0,36.4,51.4,0.0,地方総合評価,園田
202650071610,2026-07-16,10,ムーンガーデン,3,2019101038,9,4,5.0,6,9.0,9,8.0,1,8.0,2,4.0,2026-07-16,71.07,78.5,75.3,69.3,66.8,55.3,ダート適性 / 園田実績 / 近走地方好走 / 人気以上傾向,園田
202650071610,2026-07-16,10,リボンピーチ,5,2020101281,10,3,5.0,5,6.0,6,9.0,4,8.0,6,9.0,2026-07-16,67.0,62.0,67.0,71.6,68.2,69.9,園田実績 / 近走地方好走 / 人気以上傾向,園田
202650071611,2026-07-16,11,メイショウハクサン,8,2017105796,1,4,6.0,4,8.0,8,9.0,12,8.0,8,3.0,2026-07-16,56.35,62.0,54.5,57.0,47.2,55.3,地方総合評価,園田
202650071611,2026-07-16,11,テーオーターナー,6,2018102006,2,2,7.0,3,6.0,5,7.0,9,8.0,7,10.0,2026-07-16,75.49,78.5,79.5,73.0,66.8,75.1,ダート適性 / 園田実績 / 近走地方好走 / 人気以上傾向,園田
202650071611,2026-07-16,11,ハイエストエンド,5,2017103619,3,8,7.0,4,3.0,11,11.0,7,7.0,2,10.0,2026-07-16,58.77,67.5,67.0,53.4,58.4,35.3,ダート適性 / 園田実績,園田
202650071611,2026-07-16,11,インベルシオン,4,2019103148,4,2,5.0,2,2.0,中,1.0,5,4.0,2,1.0,2026-07-16,84.29,89.5,84.9,87.6,51.8,100.0,ダート適性 / 園田実績 / 近走地方好走,園田
202650071611,2026-07-16,11,タガノエスコート,3,2019100539,5,6,7.0,2,1.0,2,1.0,1,1.0,14,15.0,2026-07-16,58.58,62.0,45.0,73.9,50.0,59.3,他場転入 / 近走地方好走,園田
202650071611,2026-07-16,11,オケマル,1,2022103783,6,6,4.0,取,,2,1.0,1,1.0,1,1.0,2026-07-16,76.38,84.0,92.0,81.7,44.8,59.5,ダート適性 / 園田実績 / 近走地方好走,園田
202650071611,2026-07-16,11,タイキフォース,2,2018106466,7,4,3.0,1,5.0,4,7.0,10,12.0,10,12.0,2026-07-16,73.96,78.5,77.0,70.0,64.0,75.1,ダート適性 / 園田実績 / 近走地方好走,園田
202650071611,2026-07-16,11,サンライズホープ,9,2017100988,8,9,9.0,7,4.0,3,10.0,10,7.0,1,3.0,2026-07-16,61.26,73.0,75.3,54.9,54.2,30.1,ダート適性 / 園田実績,園田
202650071611,2026-07-16,11,スマイルサルファー,7,2018102863,9,3,5.0,8,11.0,10,9.0,取,,2,5.0,2026-07-16,65.2,73.0,72.0,60.3,62.2,47.7,ダート適性 / 園田実績,園田
202650071612,2026-07-16,12,シリアスヒッター,4,2019103945,1,6,6.0,10,3.0,2,1.0,2,1.0,3,2.0,2026-07-16,67.63,84.0,82.0,65.5,36.0,44.7,ダート適性 / 園田実績 / 近走地方好走,園田
202650071612,2026-07-16,12,トリニティノット,6,2018101694,2,6,6.0,取,,10,10.0,8,4.0,2,2.0,2026-07-16,46.28,56.5,49.1,52.9,43.0,13.8,地方総合評価,園田
202650071612,2026-07-16,12,ワキノノーブル,8,2021106394,3,14,12.0,10,12.0,16,15.0,12,12.0,7,12.0,2026-07-16,34.57,46.9,45.0,14.1,55.6,0.0,他場転入,園田
202650071612,2026-07-16,12,カンタウッドテール,10,2020105420,4,7,7.0,3,4.0,9,7.0,2,2.0,9,8.0,2026-07-16,57.95,67.5,60.8,61.0,47.2,39.5,ダート適性,園田
202650071612,2026-07-16,12,ベラドンナリリー,2,2022107027,5,2,1.0,2,4.0,3,2.0,1,2.0,4,4.0,2026-07-16,87.92,95.0,92.0,89.9,51.4,100.0,ダート適性 / 園田実績 / 近走地方好走,園田
202650071612,2026-07-16,12,バイシュウ,3,2023106344,6,3,4.0,12,8.0,4,4.0,3,1.0,1,2.0,2026-07-16,74.02,84.0,85.8,66.1,44.4,75.1,ダート適性 / 園田実績 / 近走地方好走,園田
202650071612,2026-07-16,12,ソレア,7,2020102690,7,10,8.0,5,6.0,5,5.0,9,3.0,1,6.0,2026-07-16,65.33,78.5,75.3,54.5,47.2,55.0,ダート適性 / 園田実績,園田
202650071612,2026-07-16,12,アグネスシュウ,11,2020100706,8,8,8.0,6,6.0,5,5.0,7,7.0,7,7.0,2026-07-16,50.04,56.5,56.3,54.7,50.0,19.8,地方総合評価,園田
202650071612,2026-07-16,12,ブーヤカ,9,2021105211,9,10,9.0,11,5.0,4,3.0,4,2.0,7,8.0,2026-07-16,52.38,62.0,67.0,45.0,37.4,34.3,園田実績,園田
202650071612,2026-07-16,12,ミニフィーユ,5,2022101451,10,5,4.0,12,11.0,1,3.0,5,8.0,9,4.0,2026-07-16,65.56,73.0,75.3,57.1,47.2,64.7,ダート適性 / 園田実績,園田
202650071612,2026-07-16,12,テイラーテソーロ,12,2021102273,11,5,5.0,8,3.0,5,2.0,3,3.0,3,3.0,2026-07-16,60.94,73.0,45.0,66.0,38.8,75.1,ダート適性 / 他場転入 / 近走地方好走,園田
202650071612,2026-07-16,12,ゴッドアマベル,1,2021102975,12,1,2.0,4,2.0,2,1.0,1,2.0,1,1.0,2026-07-16,85.16,89.5,86.4,92.4,48.6,100.0,ダート適性 / 園田実績 / 近走地方好走,園田
202655071601,2026-07-16,1,エメラルドシティー,7,2022100967,1,3,3.0,5,3.0,2,3.0,7,3.0,12,1.0,2026-07-16,69.62,78.5,80.9,69.5,27.6,75.1,ダート適性 / 佐賀実績 / 近走地方好走,佐賀
202655071601,2026-07-16,1,エスプラネード,2,2022106535,2,2,4.0,3,4.0,4,2.0,2,1.0,2,3.0,2026-07-16,84.55,89.5,87.0,86.8,51.4,100.0,ダート適性 / 佐賀実績 / 近走地方好走,佐賀
202655071601,2026-07-16,1,ミシャベル,5,2022106225,3,8,4.0,7,7.0,4,5.0,3,4.0,2,8.0,2026-07-16,61.65,67.5,67.0,63.1,55.6,44.7,ダート適性 / 佐賀実績,佐賀
202655071601,2026-07-16,1,ヴァシーオ,6,2022104483,4,7,7.0,2,7.0,6,8.0,5,8.0,7,7.0,2026-07-16,65.41,73.0,72.0,65.9,64.0,39.5,ダート適性 / 佐賀実績 / 近走地方好走,佐賀
202655071601,2026-07-16,1,ツクモナイン,1,2022100722,5,11,6.0,5,5.0,1,5.0,11,7.0,5,8.0,2026-07-16,59.85,67.5,67.0,52.7,47.2,55.0,ダート適性 / 佐賀実績,佐賀
202655071601,2026-07-16,1,ホイッスルベイト,3,2019106826,6,10,6.0,6,5.0,5,3.0,6,5.0,7,2.0,2026-07-16,47.46,62.0,52.0,51.0,31.8,19.8,地方総合評価,佐賀
202655071601,2026-07-16,1,シシノステラ,9,2022102471,7,9,11.0,11,12.0,10,9.0,9,9.0,8,10.0,2026-07-16,35.28,40.0,42.0,31.3,55.6,0.0,地方総合評価,佐賀
202655071601,2026-07-16,1,グリームスター,4,2022103030,8,3,1.0,1,1.0,8,6.0,4,7.0,6,9.0,2026-07-16,72.96,67.5,92.0,76.4,52.8,69.9,ダート適性 / 佐賀実績 / 近走地方好走,佐賀
202655071601,2026-07-16,1,メイショウトレック,8,2021103355,9,6,6.0,9,8.0,4,7.0,5,8.0,8,9.0,2026-07-16,52.82,62.0,45.0,56.7,58.4,34.3,他場転入,佐賀
202655071602,2026-07-16,2,レジェルテ,3,2023107303,1,9,8.0,6,6.0,5,8.0,3,5.0,9,10.0,2026-07-16,54.0,67.5,45.0,55.3,57.0,34.3,ダート適性 / 他場転入,佐賀
202655071602,2026-07-16,2,シズリ,8,2023102772,2,5,6.0,5,6.0,2,5.0,2,2.0,2,4.0,2026-07-16,81.36,84.0,82.0,78.7,59.8,100.0,ダート適性 / 佐賀実績 / 近走地方好走,佐賀
202655071602,2026-07-16,2,イノセントブレイヴ,11,2023101931,3,9,11.0,12,11.0,9,10.0,11,10.0,6,9.0,2026-07-16,39.02,51.0,45.0,30.2,55.6,0.0,他場転入,佐賀
202655071602,2026-07-16,2,キャプテンレガーロ,7,2023105970,4,1,1.0,1,1.0,1,3.0,2,3.0,2,1.0,2026-07-16,86.98,89.5,87.0,98.0,52.8,100.0,ダート適性 / 佐賀実績 / 近走地方好走,佐賀
202655071602,2026-07-16,2,テクノストロベリー,9,2023102729,5,8,7.0,9,10.0,2,4.0,7,5.0,4,2.0,2026-07-16,62.5,78.5,77.0,56.0,47.2,30.1,ダート適性 / 佐賀実績,佐賀
202655071602,2026-07-16,2,バンブラボー,6,2023104922,6,9,12.0,12,11.0,10,9.0,10,13.0,,,2026-07-16,35.13,40.0,45.0,26.3,57.0,0.0,他場転入,佐賀
202655071602,2026-07-16,2,サンライズアーサー,1,2023106547,7,11,13.0,11,11.0,7,4.0,9,4.0,5,2.0,2026-07-16,42.64,64.4,45.0,33.6,37.4,10.3,他場転入,佐賀
202655071602,2026-07-16,2,ジーティースティア,4,2023107300,8,12,14.0,4,4.0,除,,12,8.0,6,2.0,2026-07-16,46.46,63.6,45.0,38.1,39.5,31.1,他場転入,佐賀
202655071602,2026-07-16,2,ユイアヴェニール,12,2023109105,9,2,2.0,2,1.0,1,1.0,2,1.0,2,4.0,2026-07-16,85.4,88.9,86.4,93.6,50.0,100.0,ダート適性 / 佐賀実績 / 近走地方好走,佐賀
202655071602,2026-07-16,2,ユウヤケコヤケ,10,2023102515,10,8,8.0,6,8.0,10,9.0,4,5.0,7,6.0,2026-07-16,46.7,58.3,45.0,50.3,51.4,14.6,他場転入,佐賀
202655071602,2026-07-16,2,カセノコンコルド,2,2023100541,11,8,9.0,4,6.0,4,4.0,2,7.0,7,9.0,2026-07-16,58.57,60.6,45.0,66.1,64.0,59.3,他場転入 / 近走地方好走,佐賀
202655071602,2026-07-16,2,サンロンブル,5,2023106724,12,11,2.0,,,,,,,,,2026-07-16,28.3,48.0,45.0,20.0,0.0,0.0,地方総合評価,佐賀
202655071603,2026-07-16,3,ヒマワリクン,4,2021109171,1,1,2.0,11,2.0,7,2.0,9,6.0,3,3.0,2026-07-16,60.32,62.0,92.0,59.6,27.6,40.7,佐賀実績,佐賀
202655071603,2026-07-16,3,レーニス,10,2022109114,2,1,1.0,3,2.0,2,1.0,3,2.0,3,4.0,2026-07-16,73.8,84.0,45.0,90.4,47.2,100.0,ダート適性 / 他場転入 / 近走地方好走,佐賀
202655071603,2026-07-16,3,アベベ,7,2021109113,3,7,6.0,10,3.0,5,3.0,4,3.0,12,13.0,2026-07-16,48.5,51.0,62.0,48.5,36.0,34.3,地方総合評価,佐賀
202655071603,2026-07-16,3,カシノルーカス,中止,2021109161,4,10,9.0,9,10.0,6,9.0,10,10.0,5,9.0,2026-07-16,44.65,51.0,52.0,40.4,59.8,10.3,地方総合評価,佐賀
202655071603,2026-07-16,3,アイタカ,1,2021109114,5,5,5.0,3,2.0,2,1.0,3,4.0,6,3.0,2026-07-16,74.91,78.5,77.0,78.2,44.4,89.7,ダート適性 / 佐賀実績 / 近走地方好走,佐賀
202655071603,2026-07-16,3,アンヘリータス,5,2023109164,6,12,15.0,12,11.0,18,16.0,12,11.0,1,3.0,2026-07-16,34.29,40.0,45.0,18.7,51.4,10.3,他場転入,佐賀
202655071603,2026-07-16,3,カシノフレックス,8,2023109126,7,5,2.0,5,5.0,2,2.0,2,8.0,2,2.0,2026-07-16,82.77,84.0,92.0,78.7,54.2,100.0,ダート適性 / 佐賀実績 / 近走地方好走,佐賀
202655071603,2026-07-16,3,カシノハンゾウ,11,2023109129,8,1,7.0,4,8.0,5,7.0,9,2.0,2,2.0,2026-07-16,73.45,71.4,75.3,77.5,57.0,85.4,ダート適性 / 佐賀実績 / 近走地方好走,佐賀
202655071603,2026-07-16,3,ゴーツウキリシマ,3,2020109148,9,6,3.0,7,5.0,4,2.0,3,4.0,11,5.0,2026-07-16,45.86,48.0,45.0,60.5,33.2,34.3,他場転入,佐賀
202655071603,2026-07-16,3,ケイテンアイジン,2,2022109119,10,12,12.0,9,6.0,1,7.0,8,8.0,9,14.0,2026-07-16,44.14,48.0,45.0,42.5,61.2,19.8,他場転入,佐賀
202655071603,2026-07-16,3,カラクニダケ,6,2023109117,11,4,1.0,5,1.0,6,7.0,3,1.0,1,1.0,2026-07-16,74.8,76.7,92.0,74.5,38.8,80.2,ダート適性 / 佐賀実績 / 近走地方好走,佐賀
202655071603,2026-07-16,3,ベルウッドウズメ,9,2019109138,12,9,10.0,9,8.0,6,8.0,9,9.0,5,10.0,2026-07-16,44.2,52.2,45.0,44.0,59.8,10.3,他場転入,佐賀
202655071604,2026-07-16,4,ボーズマン,10,2021102344,1,6,4.0,6,3.0,5,7.0,7,5.0,3,6.0,2026-07-16,51.24,62.0,42.0,62.9,47.2,30.1,地方総合評価,佐賀
202655071604,2026-07-16,4,オスマン,2,2020104278,2,8,12.0,10,7.0,6,8.0,9,7.0,5,7.0,2026-07-16,47.42,56.5,57.0,44.5,54.2,10.3,地方総合評価,佐賀
202655071604,2026-07-16,4,ロイヤルキャピタル,9,2022100628,3,9,6.0,12,6.0,4,6.0,7,2.0,10,2.0,2026-07-16,51.47,73.0,72.0,39.4,22.0,19.8,ダート適性 / 佐賀実績,佐賀
202655071604,2026-07-16,4,カシノフロイデ,3,2021109149,4,7,5.0,3,4.0,1,5.0,5,7.0,8,7.0,2026-07-16,65.27,67.5,67.0,71.0,55.6,59.3,ダート適性 / 佐賀実績 / 近走地方好走,佐賀
202655071604,2026-07-16,4,カナデルエア,4,2022102307,5,6,11.0,10,12.0,10,11.0,11,1.0,11,8.0,2026-07-16,37.71,51.0,42.0,35.7,43.0,0.0,地方総合評価,佐賀
202655071604,2026-07-16,4,ミラルージュ,6,2021103053,6,12,10.0,5,8.0,9,9.0,5,8.0,3,3.0,2026-07-16,64.51,78.5,77.0,46.3,55.6,49.8,ダート適性 / 佐賀実績,佐賀
202655071604,2026-07-16,4,アデリーヌ,7,2020105751,7,1,2.0,2,2.0,10,10.0,10,12.0,10,11.0,2026-07-16,65.89,56.5,92.0,65.8,55.6,55.3,佐賀実績 / 近走地方好走,佐賀
202655071604,2026-07-16,4,アトラーレ,1,2022109094,8,11,8.0,7,6.0,11,5.0,8,10.0,10,6.0,2026-07-16,40.6,56.5,57.0,32.3,33.2,0.0,地方総合評価,佐賀
202655071604,2026-07-16,4,ウラチャチャ,5,2022103313,9,4,5.0,7,1.0,6,2.0,1,3.0,3,2.0,2026-07-16,61.85,62.0,72.0,71.2,38.8,55.3,佐賀実績 / 近走地方好走,佐賀
202655071604,2026-07-16,4,エムズマン,8,2021106799,10,5,8.0,5,8.0,7,4.0,4,5.0,4,5.0,2026-07-16,73.07,78.5,77.0,66.8,57.0,80.2,ダート適性 / 佐賀実績 / 近走地方好走,佐賀
202655071604,2026-07-16,4,マイチャージ,11,2022107276,11,10,10.0,11,10.0,7,4.0,6,6.0,4,5.0,2026-07-16,47.73,73.0,45.0,40.4,45.8,10.3,ダート適性 / 他場転入,佐賀
202655071605,2026-07-16,5,ティアン,8,2020105905,1,9,12.0,11,12.0,9,9.0,8,6.0,7,8.0,2026-07-16,41.29,51.0,52.0,34.8,54.2,0.0,地方総合評価,佐賀
202655071605,2026-07-16,5,サーマル,4,2022102835,2,10,10.0,8,9.0,10,8.0,7,7.0,8,6.0,2026-07-16,41.41,56.5,48.2,37.1,45.8,0.0,地方総合評価,佐賀
202655071605,2026-07-16,5,トゥーナアンディ,7,2022107113,3,7,11.0,5,8.0,5,10.0,8,7.0,5,8.0,2026-07-16,64.36,67.5,67.0,59.6,69.6,55.0,ダート適性 / 佐賀実績 / 人気以上傾向,佐賀
202655071605,2026-07-16,5,ピンゾロ,11,2022100040,4,7,9.0,8,5.0,12,6.0,7,2.0,3,1.0,2026-07-16,48.12,73.0,52.0,45.4,30.4,10.3,ダート適性,佐賀
202655071605,2026-07-16,5,ラフト,3,2020107126,5,8,8.0,10,8.0,7,3.0,3,6.0,7,1.0,2026-07-16,49.17,62.0,62.0,48.3,37.4,14.6,地方総合評価,佐賀
202655071605,2026-07-16,5,カオリチャン,6,2022101186,6,12,7.0,2,7.0,8,4.0,5,8.0,8,4.0,2026-07-16,53.74,62.0,62.0,49.7,43.0,39.5,地方総合評価,佐賀
202655071605,2026-07-16,5,エスケーダンディ,10,2022109058,7,11,8.0,10,9.0,4,8.0,6,7.0,11,6.0,2026-07-16,43.61,56.5,45.0,38.9,44.4,19.8,他場転入,佐賀
202655071605,2026-07-16,5,ヘキレキイッセン,5,2020105005,8,5,7.0,6,4.0,4,1.0,1,1.0,6,9.0,2026-07-16,64.79,56.5,79.5,71.4,50.0,64.7,佐賀実績 / 近走地方好走,佐賀
202655071605,2026-07-16,5,フーレイ,9,2019103672,9,11,4.0,12,2.0,4,1.0,2,1.0,1,1.0,2026-07-16,58.28,76.7,75.3,47.8,20.6,44.7,ダート適性 / 佐賀実績,佐賀
202655071605,2026-07-16,5,アデニウム,2,2022105272,10,2,2.0,2,7.0,3,4.0,5,2.0,2,2.0,2026-07-16,83.19,84.0,86.4,86.9,54.2,100.0,ダート適性 / 佐賀実績 / 近走地方好走,佐賀
202655071605,2026-07-16,5,ジュエリーオブラヴ,1,2022101734,11,3,3.0,7,8.0,5,8.0,5,4.0,8,5.0,2026-07-16,67.08,73.0,72.0,66.4,50.0,64.7,ダート適性 / 佐賀実績 / 近走地方好走,佐賀
202655071606,2026-07-16,6,ドリフトウッド,5,2022103317,1,4,2.0,3,4.0,3,7.0,2,10.0,8,8.0,2026-07-16,75.17,73.0,72.0,78.6,65.4,89.7,ダート適性 / 佐賀実績 / 近走地方好走 / 人気以上傾向,佐賀
202655071606,2026-07-16,6,ウーバーミッション,2,2022104572,2,,,5,6.0,3,2.0,2,2.0,2,3.0,2026-07-16,83.46,89.5,87.0,81.1,51.8,100.0,ダート適性 / 佐賀実績 / 近走地方好走,佐賀
202655071606,2026-07-16,6,グレナマディー,7,2021105957,3,,,7,11.0,10,9.0,9,8.0,10,10.0,2026-07-16,39.13,45.5,47.0,38.3,53.5,0.0,地方総合評価,佐賀
202655071606,2026-07-16,6,シンゼンマルノスケ,1,2022104057,4,3,3.0,2,1.0,3,3.0,4,3.0,9,7.0,2026-07-16,78.53,78.5,92.0,79.9,44.4,89.7,ダート適性 / 佐賀実績 / 近走地方好走,佐賀
202655071606,2026-07-16,6,マジョレル,4,2022103706,5,6,9.0,7,7.0,2,5.0,9,2.0,1,1.0,2026-07-16,64.5,78.5,77.0,65.0,48.6,30.1,ダート適性 / 佐賀実績,佐賀
202655071606,2026-07-16,6,メーリッハベイ,8,2020105981,6,,,8,6.0,9,8.0,7,7.0,9,6.0,2026-07-16,37.96,45.5,47.0,42.2,39.5,0.0,地方総合評価,佐賀
202655071606,2026-07-16,6,グレイトミッション,3,2018104471,7,2,10.0,11,10.0,10,8.0,4,7.0,5,7.0,2026-07-16,71.26,84.0,82.0,56.6,64.0,55.3,ダート適性 / 佐賀実績,佐賀
202655071606,2026-07-16,6,ジーティーセイント,9,2021102950,8,,,7,9.0,7,11.0,9,11.0,4,7.0,2026-07-16,48.96,51.0,52.0,52.2,69.2,14.8,人気以上傾向,佐賀
202655071606,2026-07-16,6,リネンフラッシュ,6,2022101174,9,,,9,9.0,11,10.0,8,12.0,9,8.0,2026-07-16,43.61,56.5,57.0,33.1,53.5,0.0,地方総合評価,佐賀
202655071606,2026-07-16,6,ナンゴクトップガン,10,2022109121,10,,,11,10.0,11,4.0,10,8.0,11,3.0,2026-07-16,39.17,62.0,62.0,21.7,18.5,0.0,地方総合評価,佐賀
202655071607,2026-07-16,7,ドライカプチーノ,3,2020106980,1,,,2,4.0,2,4.0,5,8.0,6,7.0,2026-07-16,75.07,73.0,72.0,82.2,64.0,85.2,ダート適性 / 佐賀実績 / 近走地方好走,佐賀
202655071607,2026-07-16,7,フォールロワ,7,2019106339,2,10,9.0,10,7.0,3,7.0,8,8.0,7,5.0,2026-07-16,50.39,62.0,62.0,43.9,47.2,19.8,地方総合評価,佐賀
202655071607,2026-07-16,7,パンツタイショウ,2,2021106023,3,,,1,3.0,10,6.0,3,2.0,7,5.0,2026-07-16,62.53,67.5,67.0,69.1,41.2,56.8,ダート適性 / 佐賀実績 / 近走地方好走,佐賀
202655071607,2026-07-16,7,ジオパークピリカ,1,2021102500,4,3,5.0,1,10.0,8,8.0,5,11.0,7,9.0,2026-07-16,64.89,56.5,57.0,74.4,76.6,69.9,近走地方好走 / 人気以上傾向,佐賀
202655071607,2026-07-16,7,ティプシーワールド,10,2018101369,5,4,6.0,4,5.0,6,4.0,6,7.0,4,4.0,2026-07-16,73.92,84.0,82.0,70.5,52.8,65.7,ダート適性 / 佐賀実績 / 近走地方好走,佐賀
202655071607,2026-07-16,7,メイショウケンセイ,8,2020106183,6,8,8.0,6,10.0,5,8.0,12,12.0,9,11.0,2026-07-16,44.97,45.5,47.0,47.2,62.6,19.8,地方総合評価,佐賀
202655071607,2026-07-16,7,チェストイケ,9,2022109177,7,10,8.0,5,3.0,7,5.0,7,6.0,1,1.0,2026-07-16,61.78,78.5,77.0,53.7,40.2,35.3,ダート適性 / 佐賀実績,佐賀
202655071607,2026-07-16,7,エイシンラーラ,6,2022102615,8,,,3,3.0,4,3.0,3,1.0,1,2.0,2026-07-16,77.64,73.0,83.7,84.1,46.5,100.0,ダート適性 / 佐賀実績 / 近走地方好走,佐賀
202655071607,2026-07-16,7,シュリーデービー,11,2018101935,9,4,8.0,10,10.0,6,4.0,4,5.0,5,12.0,2026-07-16,69.2,78.5,77.0,60.0,64.0,55.3,ダート適性 / 佐賀実績,佐賀
202655071607,2026-07-16,7,ペイシャアゲイン,12,2021104216,10,6,1.0,2,4.0,6,2.0,4,1.0,1,1.0,2026-07-16,67.95,78.5,79.5,74.4,36.0,49.8,ダート適性 / 佐賀実績 / 近走地方好走,佐賀
202655071607,2026-07-16,7,レジェンダイズ,4,2022105530,11,2,2.0,3,5.0,10,7.0,5,6.0,5,4.0,2026-07-16,75.55,84.0,82.0,71.4,48.6,80.2,ダート適性 / 佐賀実績 / 近走地方好走,佐賀
202655071607,2026-07-16,7,エイシンパルサー,5,2022102871,12,2,2.0,1,1.0,9,6.0,1,2.0,5,7.0,2026-07-16,76.7,73.0,92.0,81.6,50.0,80.2,ダート適性 / 佐賀実績 / 近走地方好走,佐賀
202655071608,2026-07-16,8,クリノマイスター,6,2020100230,1,,,5,4.0,4,3.0,6,4.0,10,6.0,2026-07-16,64.3,73.0,72.0,62.7,36.0,64.2,ダート適性 / 佐賀実績,佐賀
202655071608,2026-07-16,8,マーシャン,5,2020102433,2,,,4,6.0,6,6.0,4,9.0,12,9.0,2026-07-16,60.01,56.5,67.0,62.0,57.0,56.8,佐賀実績,佐賀
202655071608,2026-07-16,8,カズヴィトシャ,2,2021107182,3,,,5,4.0,2,2.0,2,7.0,6,7.0,2026-07-16,65.37,56.5,57.0,78.7,58.8,85.2,近走地方好走,佐賀
202655071608,2026-07-16,8,ハネガハエテマス,9,2022107035,4,12,8.0,12,6.0,10,5.0,12,4.0,8,3.0,2026-07-16,33.71,62.0,45.0,18.5,10.8,0.0,他場転入,佐賀
202655071608,2026-07-16,8,スパーキングブルー,11,2020103958,5,,,10,9.0,7,5.0,7,7.0,8,8.0,2026-07-16,44.2,56.5,57.0,42.2,44.8,0.0,地方総合評価,佐賀
202655071608,2026-07-16,8,サヨノフジ,12,2020100311,6,,,6,6.0,2,2.0,1,1.0,3,2.0,2026-07-16,72.44,78.5,77.0,81.0,48.2,64.2,ダート適性 / 佐賀実績 / 近走地方好走,佐賀
202655071608,2026-07-16,8,カンカール,1,2021102303,7,1,1.0,1,1.0,1,1.0,1,1.0,15,14.0,2026-07-16,77.78,67.5,92.0,89.7,48.6,89.7,ダート適性 / 佐賀実績 / 近走地方好走,佐賀
202655071608,2026-07-16,8,ワイドレッド,3,2022100109,8,4,3.0,3,2.0,1,2.0,7,7.0,5,5.0,2026-07-16,79.88,84.0,92.0,78.4,48.6,85.4,ダート適性 / 佐賀実績 / 近走地方好走,佐賀
202655071608,2026-07-16,8,ナックオリオン,4,2022101542,9,,,2,4.0,12,11.0,12,11.0,13,7.0,2026-07-16,50.12,56.5,67.0,39.5,39.5,35.8,佐賀実績,佐賀
202655071608,2026-07-16,8,ヒナノマーチス,10,2021102611,10,1,8.0,9,5.0,8,9.0,1,6.0,6,8.0,2026-07-16,59.37,67.5,45.0,68.9,65.4,45.0,ダート適性 / 他場転入 / 近走地方好走 / 人気以上傾向,佐賀
202655071608,2026-07-16,8,フェルカド,7,2017104967,11,,,7,10.0,9,8.0,7,7.0,5,5.0,2026-07-16,51.78,62.0,62.0,49.8,53.5,14.8,地方総合評価,佐賀
202655071608,2026-07-16,8,キタカラキタテンシ,8,2022106006,12,,,8,7.0,6,6.0,8,3.0,11,8.0,2026-07-16,35.03,40.0,42.0,45.0,34.2,0.0,地方総合評価,佐賀
202655071609,2026-07-16,9,ヴィアトル,3,2022105833,1,3,5.0,2,7.0,3,4.0,2,5.0,5,8.0,2026-07-16,86.84,89.5,87.0,85.5,69.6,100.0,ダート適性 / 佐賀実績 / 近走地方好走 / 人気以上傾向,佐賀
202655071609,2026-07-16,9,フェルサイト,1,2021106060,2,2,1.0,1,2.0,6,1.0,2,2.0,2,1.0,2026-07-16,72.88,67.5,82.0,87.7,41.6,80.2,ダート適性 / 佐賀実績 / 近走地方好走,佐賀
202655071609,2026-07-16,9,ミランカ,2,2021101002,3,2,3.0,6,2.0,1,2.0,4,3.0,5,4.0,2026-07-16,71.17,67.5,82.0,80.8,44.4,75.1,ダート適性 / 佐賀実績 / 近走地方好走,佐賀
202655071609,2026-07-16,9,サザンフィールド,5,2021101091,4,1,4.0,6,8.0,8,8.0,7,8.0,1,8.0,2026-07-16,56.38,51.0,52.0,72.0,68.2,40.7,近走地方好走 / 人気以上傾向,佐賀
202655071609,2026-07-16,9,ビーチボーイ,6,2022104087,5,8,8.0,7,5.0,5,4.0,11,6.0,4,3.0,2026-07-16,57.3,73.0,72.0,50.5,37.4,30.1,ダート適性 / 佐賀実績,佐賀
202655071609,2026-07-16,9,セクシーコマンドー,8,2020105726,6,9,6.0,2,6.0,3,5.0,8,6.0,7,7.0,2026-07-16,53.59,51.0,56.3,62.3,51.4,44.7,地方総合評価,佐賀
202655071609,2026-07-16,9,パワポケチャンプ,4,2021102257,7,4,10.0,8,9.0,8,9.0,8,10.0,7,5.0,2026-07-16,55.97,62.0,62.0,54.6,61.2,30.4,地方総合評価,佐賀
202655071609,2026-07-16,9,カシノエイサップ,7,2022101935,8,5,9.0,5,3.0,5,7.0,4,5.0,6,2.0,2026-07-16,76.66,84.0,82.0,68.3,51.4,89.7,ダート適性 / 佐賀実績 / 近走地方好走,佐賀
202655071609,2026-07-16,9,グレイストーム,9,2021103074,9,9,6.0,3,4.0,2,3.0,5,10.0,5,7.0,2026-07-16,63.12,73.0,45.0,67.0,58.4,69.6,ダート適性 / 他場転入 / 近走地方好走,佐賀
202655071610,2026-07-16,10,フランシーヌ,,2023102453,1,3,3.0,2,6.0,4,3.0,3,2.0,4,5.0,2026-07-16,79.02,74.4,83.7,83.6,54.2,100.0,ダート適性 / 佐賀実績 / 近走地方好走,佐賀
202655071610,2026-07-16,10,マイントップスター,,2023103224,2,5,10.0,8,7.0,除,,7,8.0,4,7.0,2026-07-16,68.29,78.5,77.0,58.7,64.0,50.8,ダート適性 / 佐賀実績,佐賀
202655071610,2026-07-16,10,オニタイジ,,2023103974,3,9,3.0,2,3.0,7,6.0,5,3.0,2,7.0,2026-07-16,59.45,62.0,67.0,63.6,45.8,49.8,佐賀実績,佐賀
202655071610,2026-07-16,10,ボンスヴニール,,2023104489,4,7,8.0,6,8.0,8,7.0,6,5.0,3,4.0,2026-07-16,55.21,67.5,67.0,56.9,52.8,10.3,ダート適性 / 佐賀実績,佐賀
202655071610,2026-07-16,10,アメアメフレフレ,,2023109089,5,7,5.0,3,1.0,2,4.0,3,4.0,4,5.0,2026-07-16,72.63,79.3,77.7,75.0,50.0,69.6,ダート適性 / 佐賀実績 / 近走地方好走,佐賀
202655071610,2026-07-16,10,コリアンダーアイ,,2023106143,6,8,4.0,1,2.0,5,10.0,13,16.0,11,13.0,2026-07-16,60.68,62.0,75.3,54.4,59.8,44.7,佐賀実績,佐賀
202655071610,2026-07-16,10,ハイパーアリュール,,2023101998,7,10,11.0,6,7.0,9,9.0,9,7.0,7,6.0,2026-07-16,44.53,56.5,57.0,41.2,48.6,0.0,地方総合評価,佐賀
202655071610,2026-07-16,10,モラール,,2023106395,8,1,1.0,4,8.0,12,15.0,9,7.0,14,8.0,2026-07-16,66.43,67.5,92.0,57.0,48.6,55.3,ダート適性 / 佐賀実績,佐賀
202655071610,2026-07-16,10,イアソンテソーロ,,2023106737,9,2,1.0,8,10.0,5,5.0,,,,,2026-07-16,63.53,76.7,45.0,69.7,52.3,66.8,ダート適性 / 他場転入 / 近走地方好走,佐賀
202655071610,2026-07-16,10,オッハッピー,,2023102457,10,4,6.0,8,3.0,3,4.0,3,3.0,4,6.0,2026-07-16,74.91,84.0,82.0,70.8,50.0,75.1,ダート適性 / 佐賀実績 / 近走地方好走,佐賀
202655071610,2026-07-16,10,リュウノプティ,,2023107451,11,3,8.0,4,7.0,5,5.0,5,4.0,6,3.0,2026-07-16,81.13,89.5,87.0,74.0,55.6,89.7,ダート適性 / 佐賀実績 / 近走地方好走,佐賀
202655071610,2026-07-16,10,ネモフィラノアテナ,,2023101897,12,6,7.0,5,5.0,4,8.0,4,6.0,7,4.0,2026-07-16,61.65,62.0,62.0,66.7,55.6,59.3,近走地方好走,佐賀
