race_id,date,レース,開催地,bet_type,combination,payout,ninki,source
202602011001,2026-07-12,1,函館,単勝,4,430,2,jra
202602011001,2026-07-12,1,函館,複勝,4,120,2,jra
202602011001,2026-07-12,1,函館,複勝,6,110,1,jra
202602011001,2026-07-12,1,函館,複勝,12,170,4,jra
202602011001,2026-07-12,1,函館,枠連,4-5,360,1,jra
202602011001,2026-07-12,1,函館,馬連,4-6,360,1,jra
202602011001,2026-07-12,1,函館,ワイド,4-6,180,1,jra
202602011001,2026-07-12,1,函館,ワイド,4-12,460,5,jra
202602011001,2026-07-12,1,函館,ワイド,6-12,330,4,jra
202602011001,2026-07-12,1,函館,馬単,4-6,890,3,jra
202602011001,2026-07-12,1,函館,三連複,4-6-12,880,2,jra
202602011001,2026-07-12,1,函館,三連単,4-6-12,4070,9,jra
202602011002,2026-07-12,2,函館,単勝,7,390,2,jra
202602011002,2026-07-12,2,函館,複勝,7,200,3,jra
202602011002,2026-07-12,2,函館,複勝,11,420,7,jra
202602011002,2026-07-12,2,函館,複勝,6,500,8,jra
202602011002,2026-07-12,2,函館,枠連,5-7,2240,8,jra
202602011002,2026-07-12,2,函館,馬連,7-11,3950,15,jra
202602011002,2026-07-12,2,函館,ワイド,7-11,1170,14,jra
202602011002,2026-07-12,2,函館,ワイド,6-7,1430,18,jra
202602011002,2026-07-12,2,函館,ワイド,6-11,2630,31,jra
202602011002,2026-07-12,2,函館,馬単,7-11,6320,25,jra
202602011002,2026-07-12,2,函館,三連複,6-7-11,17670,57,jra
202602011002,2026-07-12,2,函館,三連単,7-11-6,84710,272,jra
202602011003,2026-07-12,3,函館,単勝,12,150,1,jra
202602011003,2026-07-12,3,函館,複勝,12,110,1,jra
202602011003,2026-07-12,3,函館,複勝,8,230,3,jra
202602011003,2026-07-12,3,函館,複勝,5,370,8,jra
202602011003,2026-07-12,3,函館,枠連,5-7,630,2,jra
202602011003,2026-07-12,3,函館,馬連,8-12,810,2,jra
202602011003,2026-07-12,3,函館,ワイド,8-12,380,2,jra
202602011003,2026-07-12,3,函館,ワイド,5-12,980,10,jra
202602011003,2026-07-12,3,函館,ワイド,5-8,2610,27,jra
202602011003,2026-07-12,3,函館,馬単,12-8,950,2,jra
202602011003,2026-07-12,3,函館,三連複,5-8-12,5420,14,jra
202602011003,2026-07-12,3,函館,三連単,12-8-5,11620,26,jra
202602011004,2026-07-12,4,函館,単勝,4,490,2,jra
202602011004,2026-07-12,4,函館,複勝,4,220,3,jra
202602011004,2026-07-12,4,函館,複勝,3,280,4,jra
202602011004,2026-07-12,4,函館,複勝,7,1440,13,jra
202602011004,2026-07-12,4,函館,枠連,2-2,2740,9,jra
202602011004,2026-07-12,4,函館,馬連,3-4,2730,8,jra
202602011004,2026-07-12,4,函館,ワイド,3-4,1100,8,jra
202602011004,2026-07-12,4,函館,ワイド,4-7,3970,36,jra
202602011004,2026-07-12,4,函館,ワイド,3-7,12610,74,jra
202602011004,2026-07-12,4,函館,馬単,4-3,4980,16,jra
202602011004,2026-07-12,4,函館,三連複,3-4-7,44620,117,jra
202602011004,2026-07-12,4,函館,三連単,4-3-7,128650,353,jra
202602011005,2026-07-12,5,函館,単勝,4,720,4,jra
202602011005,2026-07-12,5,函館,複勝,4,210,4,jra
202602011005,2026-07-12,5,函館,複勝,5,180,3,jra
202602011005,2026-07-12,5,函館,複勝,6,1180,9,jra
202602011005,2026-07-12,5,函館,枠連,4-5,1590,7,jra
202602011005,2026-07-12,5,函館,馬連,4-5,1880,8,jra
202602011005,2026-07-12,5,函館,ワイド,4-5,710,9,jra
202602011005,2026-07-12,5,函館,ワイド,4-6,3850,34,jra
202602011005,2026-07-12,5,函館,ワイド,5-6,3420,31,jra
202602011005,2026-07-12,5,函館,馬単,4-5,4260,20,jra
202602011005,2026-07-12,5,函館,三連複,4-5-6,17130,59,jra
202602011005,2026-07-12,5,函館,三連単,4-5-6,81420,291,jra
202602011006,2026-07-12,6,函館,単勝,1,1690,5,jra
202602011006,2026-07-12,6,函館,複勝,1,340,5,jra
202602011006,2026-07-12,6,函館,複勝,2,200,2,jra
202602011006,2026-07-12,6,函館,複勝,3,540,7,jra
202602011006,2026-07-12,6,函館,枠連,1-1,2480,10,jra
202602011006,2026-07-12,6,函館,馬連,1-2,2570,8,jra
202602011006,2026-07-12,6,函館,ワイド,1-2,850,8,jra
202602011006,2026-07-12,6,函館,ワイド,1-3,2090,24,jra
202602011006,2026-07-12,6,函館,ワイド,2-3,1140,13,jra
202602011006,2026-07-12,6,函館,馬単,1-2,7010,21,jra
202602011006,2026-07-12,6,函館,三連複,1-2-3,11060,34,jra
202602011006,2026-07-12,6,函館,三連単,1-2-3,57110,164,jra
202602011007,2026-07-12,7,函館,単勝,9,290,1,jra
202602011007,2026-07-12,7,函館,複勝,9,160,1,jra
202602011007,2026-07-12,7,函館,複勝,2,150,2,jra
202602011007,2026-07-12,7,函館,複勝,4,900,8,jra
202602011007,2026-07-12,7,函館,枠連,2-8,360,1,jra
202602011007,2026-07-12,7,函館,馬連,2-9,450,1,jra
202602011007,2026-07-12,7,函館,ワイド,2-9,250,1,jra
202602011007,2026-07-12,7,函館,ワイド,4-9,2720,26,jra
202602011007,2026-07-12,7,函館,ワイド,2-4,2590,24,jra
202602011007,2026-07-12,7,函館,馬単,9-2,880,2,jra
202602011007,2026-07-12,7,函館,三連複,2-4-9,5370,21,jra
202602011007,2026-07-12,7,函館,三連単,9-2-4,18800,80,jra
202602011008,2026-07-12,8,函館,単勝,2,280,1,jra
202602011008,2026-07-12,8,函館,複勝,2,170,3,jra
202602011008,2026-07-12,8,函館,複勝,9,140,1,jra
202602011008,2026-07-12,8,函館,複勝,8,260,5,jra
202602011008,2026-07-12,8,函館,枠連,2-7,430,1,jra
202602011008,2026-07-12,8,函館,馬連,2-9,620,1,jra
202602011008,2026-07-12,8,函館,ワイド,2-9,260,1,jra
202602011008,2026-07-12,8,函館,ワイド,2-8,760,8,jra
202602011008,2026-07-12,8,函館,ワイド,8-9,730,7,jra
202602011008,2026-07-12,8,函館,馬単,2-9,1010,2,jra
202602011008,2026-07-12,8,函館,三連複,2-8-9,2580,5,jra
202602011008,2026-07-12,8,函館,三連単,2-9-8,6930,12,jra
202602011009,2026-07-12,9,函館,単勝,1,1030,4,jra
202602011009,2026-07-12,9,函館,複勝,1,300,5,jra
202602011009,2026-07-12,9,函館,複勝,5,220,2,jra
202602011009,2026-07-12,9,函館,複勝,2,380,7,jra
202602011009,2026-07-12,9,函館,枠連,1-4,2030,8,jra
202602011009,2026-07-12,9,函館,馬連,1-5,2630,8,jra
202602011009,2026-07-12,9,函館,ワイド,1-5,1050,11,jra
202602011009,2026-07-12,9,函館,ワイド,1-2,1370,18,jra
202602011009,2026-07-12,9,函館,ワイド,2-5,1120,12,jra
202602011009,2026-07-12,9,函館,馬単,1-5,7360,29,jra
202602011009,2026-07-12,9,函館,三連複,1-2-5,7750,27,jra
202602011009,2026-07-12,9,函館,三連単,1-5-2,51420,187,jra
202602011010,2026-07-12,10,函館,単勝,6,980,6,jra
202602011010,2026-07-12,10,函館,複勝,6,290,6,jra
202602011010,2026-07-12,10,函館,複勝,5,420,7,jra
202602011010,2026-07-12,10,函館,複勝,8,510,8,jra
202602011010,2026-07-12,10,函館,枠連,5-5,5410,18,jra
202602011010,2026-07-12,10,函館,馬連,5-6,6380,21,jra
202602011010,2026-07-12,10,函館,ワイド,5-6,1890,24,jra
202602011010,2026-07-12,10,函館,ワイド,6-8,2960,30,jra
202602011010,2026-07-12,10,函館,ワイド,5-8,3470,31,jra
202602011010,2026-07-12,10,函館,馬単,6-5,11360,38,jra
202602011010,2026-07-12,10,函館,三連複,5-6-8,33180,75,jra
202602011010,2026-07-12,10,函館,三連単,6-5-8,189330,416,jra
202602011011,2026-07-12,11,函館,単勝,10,1110,8,jra
202602011011,2026-07-12,11,函館,複勝,10,420,9,jra
202602011011,2026-07-12,11,函館,複勝,12,380,8,jra
202602011011,2026-07-12,11,函館,複勝,4,170,1,jra
202602011011,2026-07-12,11,函館,枠連,6-7,2340,12,jra
202602011011,2026-07-12,11,函館,馬連,10-12,10030,43,jra
202602011011,2026-07-12,11,函館,ワイド,10-12,3350,47,jra
202602011011,2026-07-12,11,函館,ワイド,4-10,1180,13,jra
202602011011,2026-07-12,11,函館,ワイド,4-12,1240,16,jra
202602011011,2026-07-12,11,函館,馬単,10-12,17770,84,jra
202602011011,2026-07-12,11,函館,三連複,4-10-12,18150,79,jra
202602011011,2026-07-12,11,函館,三連単,10-12-4,104440,448,jra
202602011012,2026-07-12,12,函館,単勝,5,780,4,jra
202602011012,2026-07-12,12,函館,複勝,5,280,4,jra
202602011012,2026-07-12,12,函館,複勝,4,580,6,jra
202602011012,2026-07-12,12,函館,複勝,2,260,3,jra
202602011012,2026-07-12,12,函館,馬連,4-5,7600,17,jra
202602011012,2026-07-12,12,函館,ワイド,4-5,1620,17,jra
202602011012,2026-07-12,12,函館,ワイド,2-5,550,6,jra
202602011012,2026-07-12,12,函館,ワイド,2-4,1230,15,jra
202602011012,2026-07-12,12,函館,馬単,5-4,17400,33,jra
202602011012,2026-07-12,12,函館,三連複,2-4-5,8790,25,jra
202602011012,2026-07-12,12,函館,三連単,5-4-2,94910,164,jra
202603020601,2026-07-12,1,福島,単勝,3,330,2,jra
202603020601,2026-07-12,1,福島,複勝,3,150,2,jra
202603020601,2026-07-12,1,福島,複勝,13,710,10,jra
202603020601,2026-07-12,1,福島,複勝,6,140,1,jra
202603020601,2026-07-12,1,福島,枠連,3-8,670,2,jra
202603020601,2026-07-12,1,福島,馬連,3-13,8590,26,jra
202603020601,2026-07-12,1,福島,ワイド,3-13,1920,25,jra
202603020601,2026-07-12,1,福島,ワイド,3-6,240,1,jra
202603020601,2026-07-12,1,福島,ワイド,6-13,1830,24,jra
202603020601,2026-07-12,1,福島,馬単,3-13,12600,44,jra
202603020601,2026-07-12,1,福島,三連複,3-6-13,5710,21,jra
202603020601,2026-07-12,1,福島,三連単,3-13-6,48150,169,jra
202603020602,2026-07-12,2,福島,単勝,2,540,3,jra
202603020602,2026-07-12,2,福島,複勝,2,180,4,jra
202603020602,2026-07-12,2,福島,複勝,15,110,1,jra
202603020602,2026-07-12,2,福島,複勝,1,420,6,jra
202603020602,2026-07-12,2,福島,枠連,2-8,320,1,jra
202603020602,2026-07-12,2,福島,馬連,2-15,610,2,jra
202603020602,2026-07-12,2,福島,ワイド,2-15,330,3,jra
202603020602,2026-07-12,2,福島,ワイド,1-2,2250,20,jra
202603020602,2026-07-12,2,福島,ワイド,1-15,830,10,jra
202603020602,2026-07-12,2,福島,馬単,2-15,1390,6,jra
202603020602,2026-07-12,2,福島,三連複,1-2-15,6420,18,jra
202603020602,2026-07-12,2,福島,三連単,2-15-1,23280,67,jra
202603020603,2026-07-12,3,福島,単勝,9,150,1,jra
202603020603,2026-07-12,3,福島,複勝,9,110,1,jra
202603020603,2026-07-12,3,福島,複勝,13,290,6,jra
202603020603,2026-07-12,3,福島,複勝,6,150,2,jra
202603020603,2026-07-12,3,福島,枠連,5-7,880,4,jra
202603020603,2026-07-12,3,福島,馬連,9-13,1030,3,jra
202603020603,2026-07-12,3,福島,ワイド,9-13,430,4,jra
202603020603,2026-07-12,3,福島,ワイド,6-9,220,1,jra
202603020603,2026-07-12,3,福島,ワイド,6-13,1070,10,jra
202603020603,2026-07-12,3,福島,馬単,9-13,1310,4,jra
202603020603,2026-07-12,3,福島,三連複,6-9-13,1370,1,jra
202603020603,2026-07-12,3,福島,三連単,9-13-6,5390,10,jra
202603020604,2026-07-12,4,福島,単勝,6,460,3,jra
202603020604,2026-07-12,4,福島,複勝,6,150,2,jra
202603020604,2026-07-12,4,福島,複勝,8,150,4,jra
202603020604,2026-07-12,4,福島,複勝,5,150,3,jra
202603020604,2026-07-12,4,福島,枠連,6-7,1700,9,jra
202603020604,2026-07-12,4,福島,馬連,6-8,1390,6,jra
202603020604,2026-07-12,4,福島,ワイド,6-8,470,6,jra
202603020604,2026-07-12,4,福島,ワイド,5-6,390,3,jra
202603020604,2026-07-12,4,福島,ワイド,5-8,390,4,jra
202603020604,2026-07-12,4,福島,馬単,6-8,2790,12,jra
202603020604,2026-07-12,4,福島,三連複,5-6-8,1780,4,jra
202603020604,2026-07-12,4,福島,三連単,6-8-5,11420,30,jra
202603020605,2026-07-12,5,福島,単勝,12,210,1,jra
202603020605,2026-07-12,5,福島,複勝,12,120,1,jra
202603020605,2026-07-12,5,福島,複勝,4,160,2,jra
202603020605,2026-07-12,5,福島,複勝,14,580,8,jra
202603020605,2026-07-12,5,福島,枠連,2-6,390,1,jra
202603020605,2026-07-12,5,福島,馬連,4-12,640,2,jra
202603020605,2026-07-12,5,福島,ワイド,4-12,350,2,jra
202603020605,2026-07-12,5,福島,ワイド,12-14,1060,12,jra
202603020605,2026-07-12,5,福島,ワイド,4-14,2160,27,jra
202603020605,2026-07-12,5,福島,馬単,12-4,820,2,jra
202603020605,2026-07-12,5,福島,三連複,4-12-14,4960,14,jra
202603020605,2026-07-12,5,福島,三連単,12-4-14,13120,30,jra
202603020606,2026-07-12,6,福島,単勝,12,1570,7,jra
202603020606,2026-07-12,6,福島,複勝,12,310,5,jra
202603020606,2026-07-12,6,福島,複勝,6,190,2,jra
202603020606,2026-07-12,6,福島,複勝,10,860,9,jra
202603020606,2026-07-12,6,福島,枠連,3-6,390,1,jra
202603020606,2026-07-12,6,福島,馬連,6-12,3500,12,jra
202603020606,2026-07-12,6,福島,ワイド,6-12,1030,10,jra
202603020606,2026-07-12,6,福島,ワイド,10-12,5430,47,jra
202603020606,2026-07-12,6,福島,ワイド,6-10,3480,33,jra
202603020606,2026-07-12,6,福島,馬単,12-6,8400,33,jra
202603020606,2026-07-12,6,福島,三連複,6-10-12,40380,101,jra
202603020606,2026-07-12,6,福島,三連単,12-6-10,314270,688,jra
202603020607,2026-07-12,7,福島,単勝,4,430,2,jra
202603020607,2026-07-12,7,福島,複勝,4,200,2,jra
202603020607,2026-07-12,7,福島,複勝,12,310,5,jra
202603020607,2026-07-12,7,福島,複勝,10,230,3,jra
202603020607,2026-07-12,7,福島,枠連,2-6,710,2,jra
202603020607,2026-07-12,7,福島,馬連,4-12,3050,9,jra
202603020607,2026-07-12,7,福島,ワイド,4-12,990,9,jra
202603020607,2026-07-12,7,福島,ワイド,4-10,550,5,jra
202603020607,2026-07-12,7,福島,ワイド,10-12,1120,12,jra
202603020607,2026-07-12,7,福島,馬単,4-12,5520,18,jra
202603020607,2026-07-12,7,福島,三連複,4-10-12,5100,14,jra
202603020607,2026-07-12,7,福島,三連単,4-12-10,26920,76,jra
202603020608,2026-07-12,8,福島,単勝,12,290,1,jra
202603020608,2026-07-12,8,福島,複勝,12,130,1,jra
202603020608,2026-07-12,8,福島,複勝,6,160,3,jra
202603020608,2026-07-12,8,福島,複勝,9,420,9,jra
202603020608,2026-07-12,8,福島,枠連,5-8,460,1,jra
202603020608,2026-07-12,8,福島,馬連,6-12,500,1,jra
202603020608,2026-07-12,8,福島,ワイド,6-12,260,1,jra
202603020608,2026-07-12,8,福島,ワイド,9-12,1640,23,jra
202603020608,2026-07-12,8,福島,ワイド,6-9,2010,27,jra
202603020608,2026-07-12,8,福島,馬単,12-6,910,1,jra
202603020608,2026-07-12,8,福島,三連複,6-9-12,6990,23,jra
202603020608,2026-07-12,8,福島,三連単,12-6-9,23330,64,jra
202603020609,2026-07-12,9,福島,単勝,7,470,2,jra
202603020609,2026-07-12,9,福島,複勝,7,200,3,jra
202603020609,2026-07-12,9,福島,複勝,4,260,4,jra
202603020609,2026-07-12,9,福島,複勝,11,2730,14,jra
202603020609,2026-07-12,9,福島,枠連,3-5,1450,5,jra
202603020609,2026-07-12,9,福島,馬連,4-7,1730,4,jra
202603020609,2026-07-12,9,福島,ワイド,4-7,670,4,jra
202603020609,2026-07-12,9,福島,ワイド,7-11,7400,62,jra
202603020609,2026-07-12,9,福島,ワイド,4-11,11630,72,jra
202603020609,2026-07-12,9,福島,馬単,7-4,3060,7,jra
202603020609,2026-07-12,9,福島,三連複,4-7-11,46330,134,jra
202603020609,2026-07-12,9,福島,三連単,7-4-11,151120,474,jra
202603020610,2026-07-12,10,福島,単勝,11,430,2,jra
202603020610,2026-07-12,10,福島,複勝,11,140,2,jra
202603020610,2026-07-12,10,福島,複勝,3,130,1,jra
202603020610,2026-07-12,10,福島,複勝,8,450,8,jra
202603020610,2026-07-12,10,福島,枠連,3-8,440,1,jra
202603020610,2026-07-12,10,福島,馬連,3-11,610,1,jra
202603020610,2026-07-12,10,福島,ワイド,3-11,260,1,jra
202603020610,2026-07-12,10,福島,ワイド,8-11,1360,19,jra
202603020610,2026-07-12,10,福島,ワイド,3-8,1380,20,jra
202603020610,2026-07-12,10,福島,馬単,11-3,1360,2,jra
202603020610,2026-07-12,10,福島,三連複,3-8-11,4750,17,jra
202603020610,2026-07-12,10,福島,三連単,11-3-8,17660,67,jra
202603020611,2026-07-12,11,福島,単勝,11,500,2,jra
202603020611,2026-07-12,11,福島,複勝,11,240,2,jra
202603020611,2026-07-12,11,福島,複勝,6,370,6,jra
202603020611,2026-07-12,11,福島,複勝,9,1190,15,jra
202603020611,2026-07-12,11,福島,枠連,3-6,2310,8,jra
202603020611,2026-07-12,11,福島,馬連,6-11,3260,13,jra
202603020611,2026-07-12,11,福島,ワイド,6-11,1080,9,jra
202603020611,2026-07-12,11,福島,ワイド,9-11,6890,77,jra
202603020611,2026-07-12,11,福島,ワイド,6-9,9380,89,jra
202603020611,2026-07-12,11,福島,馬単,11-6,5750,21,jra
202603020611,2026-07-12,11,福島,三連複,6-9-11,68290,228,jra
202603020611,2026-07-12,11,福島,三連単,11-6-9,223050,767,jra
202603020612,2026-07-12,12,福島,単勝,15,840,5,jra
202603020612,2026-07-12,12,福島,複勝,15,310,5,jra
202603020612,2026-07-12,12,福島,複勝,1,180,2,jra
202603020612,2026-07-12,12,福島,複勝,10,1180,12,jra
202603020612,2026-07-12,12,福島,枠連,1-8,1310,5,jra
202603020612,2026-07-12,12,福島,馬連,1-15,2400,9,jra
202603020612,2026-07-12,12,福島,ワイド,1-15,830,8,jra
202603020612,2026-07-12,12,福島,ワイド,10-15,4500,46,jra
202603020612,2026-07-12,12,福島,ワイド,1-10,2900,33,jra
202603020612,2026-07-12,12,福島,馬単,15-1,4670,15,jra
202603020612,2026-07-12,12,福島,三連複,1-10-15,25550,83,jra
202603020612,2026-07-12,12,福島,三連単,15-1-10,99850,321,jra
202610020601,2026-07-12,1,小倉,単勝,10,330,1,jra
202610020601,2026-07-12,1,小倉,複勝,10,180,1,jra
202610020601,2026-07-12,1,小倉,複勝,2,850,10,jra
202610020601,2026-07-12,1,小倉,複勝,11,330,6,jra
202610020601,2026-07-12,1,小倉,枠連,1-5,4800,17,jra
202610020601,2026-07-12,1,小倉,馬連,2-10,8320,27,jra
202610020601,2026-07-12,1,小倉,ワイド,2-10,2950,32,jra
202610020601,2026-07-12,1,小倉,ワイド,10-11,700,6,jra
202610020601,2026-07-12,1,小倉,ワイド,2-11,5960,49,jra
202610020601,2026-07-12,1,小倉,馬単,10-2,13250,46,jra
202610020601,2026-07-12,1,小倉,三連複,2-10-11,23430,74,jra
202610020601,2026-07-12,1,小倉,三連単,10-2-11,93870,298,jra
202610020602,2026-07-12,2,小倉,単勝,9,450,2,jra
202610020602,2026-07-12,2,小倉,複勝,9,180,2,jra
202610020602,2026-07-12,2,小倉,複勝,6,240,4,jra
202610020602,2026-07-12,2,小倉,複勝,10,530,7,jra
202610020602,2026-07-12,2,小倉,枠連,4-6,1350,5,jra
202610020602,2026-07-12,2,小倉,馬連,6-9,1630,4,jra
202610020602,2026-07-12,2,小倉,ワイド,6-9,490,4,jra
202610020602,2026-07-12,2,小倉,ワイド,9-10,1380,16,jra
202610020602,2026-07-12,2,小倉,ワイド,6-10,1590,20,jra
202610020602,2026-07-12,2,小倉,馬単,9-6,2950,9,jra
202610020602,2026-07-12,2,小倉,三連複,6-9-10,8220,24,jra
202610020602,2026-07-12,2,小倉,三連単,9-6-10,29910,91,jra
202610020603,2026-07-12,3,小倉,単勝,2,300,2,jra
202610020603,2026-07-12,3,小倉,複勝,2,140,3,jra
202610020603,2026-07-12,3,小倉,複勝,5,120,1,jra
202610020603,2026-07-12,3,小倉,複勝,7,140,2,jra
202610020603,2026-07-12,3,小倉,枠連,2-3,310,1,jra
202610020603,2026-07-12,3,小倉,馬連,2-5,370,1,jra
202610020603,2026-07-12,3,小倉,ワイド,2-5,180,1,jra
202610020603,2026-07-12,3,小倉,ワイド,2-7,400,3,jra
202610020603,2026-07-12,3,小倉,ワイド,5-7,280,2,jra
202610020603,2026-07-12,3,小倉,馬単,2-5,760,2,jra
202610020603,2026-07-12,3,小倉,三連複,2-5-7,750,1,jra
202610020603,2026-07-12,3,小倉,三連単,2-5-7,2830,2,jra
202610020604,2026-07-12,4,小倉,単勝,7,380,1,jra
202610020604,2026-07-12,4,小倉,複勝,7,150,2,jra
202610020604,2026-07-12,4,小倉,複勝,12,190,5,jra
202610020604,2026-07-12,4,小倉,複勝,6,140,1,jra
202610020604,2026-07-12,4,小倉,枠連,5-8,590,3,jra
202610020604,2026-07-12,4,小倉,馬連,7-12,1450,8,jra
202610020604,2026-07-12,4,小倉,ワイド,7-12,530,7,jra
202610020604,2026-07-12,4,小倉,ワイド,6-7,280,1,jra
202610020604,2026-07-12,4,小倉,ワイド,6-12,590,9,jra
202610020604,2026-07-12,4,小倉,馬単,7-12,2320,11,jra
202610020604,2026-07-12,4,小倉,三連複,6-7-12,1680,4,jra
202610020604,2026-07-12,4,小倉,三連単,7-12-6,9710,33,jra
202610020605,2026-07-12,5,小倉,単勝,7,150,1,jra
202610020605,2026-07-12,5,小倉,複勝,7,110,1,jra
202610020605,2026-07-12,5,小倉,複勝,6,110,2,jra
202610020605,2026-07-12,5,小倉,複勝,1,130,4,jra
202610020605,2026-07-12,5,小倉,馬連,6-7,280,1,jra
202610020605,2026-07-12,5,小倉,ワイド,6-7,150,1,jra
202610020605,2026-07-12,5,小倉,ワイド,1-7,250,3,jra
202610020605,2026-07-12,5,小倉,ワイド,1-6,320,5,jra
202610020605,2026-07-12,5,小倉,馬単,7-6,360,1,jra
202610020605,2026-07-12,5,小倉,三連複,1-6-7,560,2,jra
202610020605,2026-07-12,5,小倉,三連単,7-6-1,1290,3,jra
202610020606,2026-07-12,6,小倉,単勝,4,540,3,jra
202610020606,2026-07-12,6,小倉,複勝,4,150,3,jra
202610020606,2026-07-12,6,小倉,複勝,6,110,1,jra
202610020606,2026-07-12,6,小倉,複勝,5,260,5,jra
202610020606,2026-07-12,6,小倉,枠連,4-6,450,2,jra
202610020606,2026-07-12,6,小倉,馬連,4-6,460,2,jra
202610020606,2026-07-12,6,小倉,ワイド,4-6,210,2,jra
202610020606,2026-07-12,6,小倉,ワイド,4-5,870,13,jra
202610020606,2026-07-12,6,小倉,ワイド,5-6,530,6,jra
202610020606,2026-07-12,6,小倉,馬単,4-6,1250,4,jra
202610020606,2026-07-12,6,小倉,三連複,4-5-6,1890,7,jra
202610020606,2026-07-12,6,小倉,三連単,4-6-5,8900,28,jra
202610020607,2026-07-12,7,小倉,単勝,4,440,2,jra
202610020607,2026-07-12,7,小倉,複勝,4,160,2,jra
202610020607,2026-07-12,7,小倉,複勝,5,150,1,jra
202610020607,2026-07-12,7,小倉,複勝,12,180,4,jra
202610020607,2026-07-12,7,小倉,枠連,3-3,890,4,jra
202610020607,2026-07-12,7,小倉,馬連,4-5,910,1,jra
202610020607,2026-07-12,7,小倉,ワイド,4-5,360,1,jra
202610020607,2026-07-12,7,小倉,ワイド,4-12,560,4,jra
202610020607,2026-07-12,7,小倉,ワイド,5-12,590,5,jra
202610020607,2026-07-12,7,小倉,馬単,4-5,1750,1,jra
202610020607,2026-07-12,7,小倉,三連複,4-5-12,2310,3,jra
202610020607,2026-07-12,7,小倉,三連単,4-5-12,9150,5,jra
202610020608,2026-07-12,8,小倉,単勝,1,310,2,jra
202610020608,2026-07-12,8,小倉,複勝,1,130,3,jra
202610020608,2026-07-12,8,小倉,複勝,2,130,2,jra
202610020608,2026-07-12,8,小倉,複勝,3,230,5,jra
202610020608,2026-07-12,8,小倉,枠連,1-2,450,2,jra
202610020608,2026-07-12,8,小倉,馬連,1-2,460,1,jra
202610020608,2026-07-12,8,小倉,ワイド,1-2,240,1,jra
202610020608,2026-07-12,8,小倉,ワイド,1-3,790,12,jra
202610020608,2026-07-12,8,小倉,ワイド,2-3,670,10,jra
202610020608,2026-07-12,8,小倉,馬単,1-2,940,3,jra
202610020608,2026-07-12,8,小倉,三連複,1-2-3,2200,7,jra
202610020608,2026-07-12,8,小倉,三連単,1-2-3,6080,23,jra
202610020609,2026-07-12,9,小倉,単勝,8,150,1,jra
202610020609,2026-07-12,9,小倉,複勝,8,110,1,jra
202610020609,2026-07-12,9,小倉,複勝,10,120,2,jra
202610020609,2026-07-12,9,小倉,複勝,6,160,3,jra
202610020609,2026-07-12,9,小倉,枠連,7-8,270,1,jra
202610020609,2026-07-12,9,小倉,馬連,8-10,290,1,jra
202610020609,2026-07-12,9,小倉,ワイド,8-10,170,1,jra
202610020609,2026-07-12,9,小倉,ワイド,6-8,260,2,jra
202610020609,2026-07-12,9,小倉,ワイド,6-10,470,5,jra
202610020609,2026-07-12,9,小倉,馬単,8-10,420,1,jra
202610020609,2026-07-12,9,小倉,三連複,6-8-10,810,1,jra
202610020609,2026-07-12,9,小倉,三連単,8-10-6,1730,1,jra
202610020610,2026-07-12,10,小倉,単勝,10,610,3,jra
202610020610,2026-07-12,10,小倉,複勝,10,200,3,jra
202610020610,2026-07-12,10,小倉,複勝,1,200,2,jra
202610020610,2026-07-12,10,小倉,複勝,9,770,10,jra
202610020610,2026-07-12,10,小倉,枠連,1-8,920,2,jra
202610020610,2026-07-12,10,小倉,馬連,1-10,1430,5,jra
202610020610,2026-07-12,10,小倉,ワイド,1-10,590,4,jra
202610020610,2026-07-12,10,小倉,ワイド,9-10,3350,37,jra
202610020610,2026-07-12,10,小倉,ワイド,1-9,3480,38,jra
202610020610,2026-07-12,10,小倉,馬単,10-1,2870,8,jra
202610020610,2026-07-12,10,小倉,三連複,1-9-10,21180,75,jra
202610020610,2026-07-12,10,小倉,三連単,10-1-9,89060,302,jra
202610020611,2026-07-12,11,小倉,単勝,6,1190,6,jra
202610020611,2026-07-12,11,小倉,複勝,6,390,6,jra
202610020611,2026-07-12,11,小倉,複勝,5,360,5,jra
202610020611,2026-07-12,11,小倉,複勝,9,310,4,jra
202610020611,2026-07-12,11,小倉,枠連,5-6,2810,11,jra
202610020611,2026-07-12,11,小倉,馬連,5-6,5340,21,jra
202610020611,2026-07-12,11,小倉,ワイド,5-6,1580,24,jra
202610020611,2026-07-12,11,小倉,ワイド,6-9,1370,20,jra
202610020611,2026-07-12,11,小倉,ワイド,5-9,830,9,jra
202610020611,2026-07-12,11,小倉,馬単,6-5,10850,45,jra
202610020611,2026-07-12,11,小倉,三連複,5-6-9,9670,34,jra
202610020611,2026-07-12,11,小倉,三連単,6-5-9,60920,201,jra
202610020612,2026-07-12,12,小倉,単勝,8,420,2,jra
202610020612,2026-07-12,12,小倉,複勝,8,180,1,jra
202610020612,2026-07-12,12,小倉,複勝,15,240,3,jra
202610020612,2026-07-12,12,小倉,複勝,17,720,10,jra
202610020612,2026-07-12,12,小倉,枠連,4-8,1110,3,jra
202610020612,2026-07-12,12,小倉,馬連,8-15,1530,3,jra
202610020612,2026-07-12,12,小倉,ワイド,8-15,610,3,jra
202610020612,2026-07-12,12,小倉,ワイド,8-17,1970,27,jra
202610020612,2026-07-12,12,小倉,ワイド,15-17,3420,36,jra
202610020612,2026-07-12,12,小倉,馬単,8-15,2830,5,jra
202610020612,2026-07-12,12,小倉,三連複,8-15-17,14870,54,jra
202610020612,2026-07-12,12,小倉,三連単,8-15-17,57510,193,jra
202602010701,2026-07-04,1,函館,単勝,7,700,3,jra
202602010701,2026-07-04,1,函館,複勝,7,160,3,jra
202602010701,2026-07-04,1,函館,複勝,2,110,2,jra
202602010701,2026-07-04,1,函館,複勝,5,200,4,jra
202602010701,2026-07-04,1,函館,枠連,2-7,410,2,jra
202602010701,2026-07-04,1,函館,馬連,2-7,490,2,jra
202602010701,2026-07-04,1,函館,ワイド,2-7,210,2,jra
202602010701,2026-07-04,1,函館,ワイド,5-7,430,6,jra
202602010701,2026-07-04,1,函館,ワイド,2-5,320,4,jra
202602010701,2026-07-04,1,函館,馬単,7-2,1180,5,jra
202602010701,2026-07-04,1,函館,三連複,2-5-7,840,3,jra
202602010701,2026-07-04,1,函館,三連単,7-2-5,4930,16,jra
202602010702,2026-07-04,2,函館,単勝,16,1050,4,jra
202602010702,2026-07-04,2,函館,複勝,16,200,4,jra
202602010702,2026-07-04,2,函館,複勝,3,110,1,jra
202602010702,2026-07-04,2,函館,複勝,5,150,2,jra
202602010702,2026-07-04,2,函館,枠連,2-8,1030,4,jra
202602010702,2026-07-04,2,函館,馬連,3-16,1190,4,jra
202602010702,2026-07-04,2,函館,ワイド,3-16,420,4,jra
202602010702,2026-07-04,2,函館,ワイド,5-16,890,10,jra
202602010702,2026-07-04,2,函館,ワイド,3-5,320,2,jra
202602010702,2026-07-04,2,函館,馬単,16-3,2820,9,jra
202602010702,2026-07-04,2,函館,三連複,3-5-16,2150,6,jra
202602010702,2026-07-04,2,函館,三連単,16-3-5,16210,43,jra
202602010703,2026-07-04,3,函館,単勝,9,250,1,jra
202602010703,2026-07-04,3,函館,複勝,9,140,2,jra
202602010703,2026-07-04,3,函館,複勝,6,590,8,jra
202602010703,2026-07-04,3,函館,複勝,10,250,4,jra
202602010703,2026-07-04,3,函館,枠連,5-7,370,1,jra
202602010703,2026-07-04,3,函館,馬連,6-9,4160,15,jra
202602010703,2026-07-04,3,函館,ワイド,6-9,1200,16,jra
202602010703,2026-07-04,3,函館,ワイド,9-10,540,5,jra
202602010703,2026-07-04,3,函館,ワイド,6-10,2710,24,jra
202602010703,2026-07-04,3,函館,馬単,9-6,6450,22,jra
202602010703,2026-07-04,3,函館,三連複,6-9-10,9000,22,jra
202602010703,2026-07-04,3,函館,三連単,9-6-10,40720,123,jra
202602010704,2026-07-04,4,函館,単勝,14,1720,6,jra
202602010704,2026-07-04,4,函館,複勝,14,460,6,jra
202602010704,2026-07-04,4,函館,複勝,2,290,4,jra
202602010704,2026-07-04,4,函館,複勝,1,430,5,jra
202602010704,2026-07-04,4,函館,枠連,1-7,2790,11,jra
202602010704,2026-07-04,4,函館,馬連,2-14,6250,24,jra
202602010704,2026-07-04,4,函館,ワイド,2-14,2020,23,jra
202602010704,2026-07-04,4,函館,ワイド,1-14,3130,30,jra
202602010704,2026-07-04,4,函館,ワイド,1-2,1150,12,jra
202602010704,2026-07-04,4,函館,馬単,14-2,15810,51,jra
202602010704,2026-07-04,4,函館,三連複,1-2-14,19250,59,jra
202602010704,2026-07-04,4,函館,三連単,14-2-1,161770,489,jra
202602010705,2026-07-04,5,函館,単勝,3,150,1,jra
202602010705,2026-07-04,5,函館,複勝,3,110,1,jra
202602010705,2026-07-04,5,函館,複勝,2,790,5,jra
202602010705,2026-07-04,5,函館,馬連,2-3,2730,7,jra
202602010705,2026-07-04,5,函館,ワイド,2-3,560,7,jra
202602010705,2026-07-04,5,函館,ワイド,3-5,120,1,jra
202602010705,2026-07-04,5,函館,ワイド,2-5,680,8,jra
202602010705,2026-07-04,5,函館,馬単,3-2,3710,13,jra
202602010705,2026-07-04,5,函館,三連複,2-3-5,1100,5,jra
202602010705,2026-07-04,5,函館,三連単,3-2-5,8020,28,jra
202602010706,2026-07-04,6,函館,単勝,5,210,1,jra
202602010706,2026-07-04,6,函館,複勝,5,110,1,jra
202602010706,2026-07-04,6,函館,複勝,11,300,7,jra
202602010706,2026-07-04,6,函館,複勝,2,180,3,jra
202602010706,2026-07-04,6,函館,枠連,4-7,730,2,jra
202602010706,2026-07-04,6,函館,馬連,5-11,2070,7,jra
202602010706,2026-07-04,6,函館,ワイド,5-11,650,8,jra
202602010706,2026-07-04,6,函館,ワイド,2-5,300,1,jra
202602010706,2026-07-04,6,函館,ワイド,2-11,1170,17,jra
202602010706,2026-07-04,6,函館,馬単,5-11,3060,10,jra
202602010706,2026-07-04,6,函館,三連複,2-5-11,3150,10,jra
202602010706,2026-07-04,6,函館,三連単,5-11-2,11870,33,jra
202602010707,2026-07-04,7,函館,単勝,10,1260,4,jra
202602010707,2026-07-04,7,函館,複勝,10,190,4,jra
202602010707,2026-07-04,7,函館,複勝,3,110,1,jra
202602010707,2026-07-04,7,函館,複勝,5,350,6,jra
202602010707,2026-07-04,7,函館,枠連,3-8,570,3,jra
202602010707,2026-07-04,7,函館,馬連,3-10,1160,5,jra
202602010707,2026-07-04,7,函館,ワイド,3-10,380,4,jra
202602010707,2026-07-04,7,函館,ワイド,5-10,2120,16,jra
202602010707,2026-07-04,7,函館,ワイド,3-5,630,8,jra
202602010707,2026-07-04,7,函館,馬単,10-3,2620,10,jra
202602010707,2026-07-04,7,函館,三連複,3-5-10,4540,11,jra
202602010707,2026-07-04,7,函館,三連単,10-3-5,27890,74,jra
202602010708,2026-07-04,8,函館,単勝,3,160,1,jra
202602010708,2026-07-04,8,函館,複勝,3,150,2,jra
202602010708,2026-07-04,8,函館,複勝,4,440,5,jra
202602010708,2026-07-04,8,函館,馬連,3-4,1300,5,jra
202602010708,2026-07-04,8,函館,ワイド,3-4,500,7,jra
202602010708,2026-07-04,8,函館,ワイド,2-3,1160,10,jra
202602010708,2026-07-04,8,函館,ワイド,2-4,4040,19,jra
202602010708,2026-07-04,8,函館,馬単,3-4,1520,6,jra
202602010708,2026-07-04,8,函館,三連複,2-3-4,11550,21,jra
202602010708,2026-07-04,8,函館,三連単,3-4-2,25530,59,jra
202602010709,2026-07-04,9,函館,単勝,6,640,5,jra
202602010709,2026-07-04,9,函館,複勝,6,190,5,jra
202602010709,2026-07-04,9,函館,複勝,7,140,1,jra
202602010709,2026-07-04,9,函館,複勝,1,150,2,jra
202602010709,2026-07-04,9,函館,枠連,6-7,1230,5,jra
202602010709,2026-07-04,9,函館,馬連,6-7,1110,3,jra
202602010709,2026-07-04,9,函館,ワイド,6-7,410,5,jra
202602010709,2026-07-04,9,函館,ワイド,1-6,570,9,jra
202602010709,2026-07-04,9,函館,ワイド,1-7,440,7,jra
202602010709,2026-07-04,9,函館,馬単,6-7,2480,10,jra
202602010709,2026-07-04,9,函館,三連複,1-6-7,1780,5,jra
202602010709,2026-07-04,9,函館,三連単,6-7-1,10840,38,jra
202602010710,2026-07-04,10,函館,単勝,2,190,1,jra
202602010710,2026-07-04,10,函館,複勝,2,120,1,jra
202602010710,2026-07-04,10,函館,複勝,1,220,4,jra
202602010710,2026-07-04,10,函館,複勝,6,2510,13,jra
202602010710,2026-07-04,10,函館,枠連,1-2,800,3,jra
202602010710,2026-07-04,10,函館,馬連,1-2,840,3,jra
202602010710,2026-07-04,10,函館,ワイド,1-2,410,3,jra
202602010710,2026-07-04,10,函館,ワイド,2-6,5410,42,jra
202602010710,2026-07-04,10,函館,ワイド,1-6,12640,60,jra
202602010710,2026-07-04,10,函館,馬単,2-1,1200,3,jra
202602010710,2026-07-04,10,函館,三連複,1-2-6,35500,84,jra
202602010710,2026-07-04,10,函館,三連単,2-1-6,67120,198,jra
202602010711,2026-07-04,11,函館,単勝,8,570,3,jra
202602010711,2026-07-04,11,函館,複勝,8,220,3,jra
202602010711,2026-07-04,11,函館,複勝,12,300,4,jra
202602010711,2026-07-04,11,函館,複勝,14,520,9,jra
202602010711,2026-07-04,11,函館,枠連,4-6,940,3,jra
202602010711,2026-07-04,11,函館,馬連,8-12,4400,14,jra
202602010711,2026-07-04,11,函館,ワイド,8-12,1900,20,jra
202602010711,2026-07-04,11,函館,ワイド,8-14,2370,29,jra
202602010711,2026-07-04,11,函館,ワイド,12-14,3660,41,jra
202602010711,2026-07-04,11,函館,馬単,8-12,7400,25,jra
202602010711,2026-07-04,11,函館,三連複,8-12-14,33170,110,jra
202602010711,2026-07-04,11,函館,三連単,8-12-14,157100,481,jra
202602010712,2026-07-04,12,函館,単勝,6,190,1,jra
202602010712,2026-07-04,12,函館,複勝,6,130,1,jra
202602010712,2026-07-04,12,函館,複勝,4,400,4,jra
202602010712,2026-07-04,12,函館,馬連,4-6,1370,2,jra
202602010712,2026-07-04,12,函館,ワイド,4-6,270,3,jra
202602010712,2026-07-04,12,函館,ワイド,3-6,120,1,jra
202602010712,2026-07-04,12,函館,ワイド,3-4,270,2,jra
202602010712,2026-07-04,12,函館,馬単,6-4,1750,3,jra
202602010712,2026-07-04,12,函館,三連複,3-4-6,440,2,jra
202602010712,2026-07-04,12,函館,三連単,6-4-3,3120,11,jra
202603020301,2026-07-04,1,福島,単勝,1,1780,4,jra
202603020301,2026-07-04,1,福島,複勝,1,130,3,jra
202603020301,2026-07-04,1,福島,複勝,3,100,1,jra
202603020301,2026-07-04,1,福島,複勝,5,100,2,jra
202603020301,2026-07-04,1,福島,馬連,1-3,590,3,jra
202603020301,2026-07-04,1,福島,ワイド,1-3,190,3,jra
202603020301,2026-07-04,1,福島,ワイド,1-5,320,6,jra
202603020301,2026-07-04,1,福島,ワイド,3-5,120,1,jra
202603020301,2026-07-04,1,福島,馬単,1-3,2840,8,jra
202603020301,2026-07-04,1,福島,三連複,1-3-5,470,2,jra
202603020301,2026-07-04,1,福島,三連単,1-3-5,8490,26,jra
202603020302,2026-07-04,2,福島,単勝,2,1570,7,jra
202603020302,2026-07-04,2,福島,複勝,2,400,8,jra
202603020302,2026-07-04,2,福島,複勝,7,210,3,jra
202603020302,2026-07-04,2,福島,複勝,1,190,2,jra
202603020302,2026-07-04,2,福島,枠連,1-4,1000,3,jra
202603020302,2026-07-04,2,福島,馬連,2-7,3820,16,jra
202603020302,2026-07-04,2,福島,ワイド,2-7,1140,13,jra
202603020302,2026-07-04,2,福島,ワイド,1-2,1230,15,jra
202603020302,2026-07-04,2,福島,ワイド,1-7,560,4,jra
202603020302,2026-07-04,2,福島,馬単,2-7,10600,42,jra
202603020302,2026-07-04,2,福島,三連複,1-2-7,4790,12,jra
202603020302,2026-07-04,2,福島,三連単,2-7-1,45790,161,jra
202603020303,2026-07-04,3,福島,単勝,9,25090,14,jra
202603020303,2026-07-04,3,福島,複勝,9,1600,13,jra
202603020303,2026-07-04,3,福島,複勝,8,110,2,jra
202603020303,2026-07-04,3,福島,複勝,12,110,1,jra
202603020303,2026-07-04,3,福島,枠連,5-5,14680,22,jra
202603020303,2026-07-04,3,福島,馬連,8-9,18540,25,jra
202603020303,2026-07-04,3,福島,ワイド,8-9,4080,28,jra
202603020303,2026-07-04,3,福島,ワイド,9-12,5590,34,jra
202603020303,2026-07-04,3,福島,ワイド,8-12,150,1,jra
202603020303,2026-07-04,3,福島,馬単,9-8,71610,62,jra
202603020303,2026-07-04,3,福島,三連複,8-9-12,10530,21,jra
202603020303,2026-07-04,3,福島,三連単,9-8-12,211040,247,jra
202603020304,2026-07-04,4,福島,単勝,9,160,1,jra
202603020304,2026-07-04,4,福島,複勝,9,110,1,jra
202603020304,2026-07-04,4,福島,複勝,16,170,2,jra
202603020304,2026-07-04,4,福島,複勝,12,310,7,jra
202603020304,2026-07-04,4,福島,枠連,5-8,650,3,jra
202603020304,2026-07-04,4,福島,馬連,9-16,660,1,jra
202603020304,2026-07-04,4,福島,ワイド,9-16,270,1,jra
202603020304,2026-07-04,4,福島,ワイド,9-12,610,7,jra
202603020304,2026-07-04,4,福島,ワイド,12-16,1600,17,jra
202603020304,2026-07-04,4,福島,馬単,9-16,800,1,jra
202603020304,2026-07-04,4,福島,三連複,9-12-16,2750,6,jra
202603020304,2026-07-04,4,福島,三連単,9-16-12,6900,7,jra
202603020305,2026-07-04,5,福島,単勝,1,410,2,jra
202603020305,2026-07-04,5,福島,複勝,1,170,2,jra
202603020305,2026-07-04,5,福島,複勝,10,200,3,jra
202603020305,2026-07-04,5,福島,複勝,7,1650,11,jra
202603020305,2026-07-04,5,福島,枠連,1-6,480,2,jra
202603020305,2026-07-04,5,福島,馬連,1-10,1590,6,jra
202603020305,2026-07-04,5,福島,ワイド,1-10,570,5,jra
202603020305,2026-07-04,5,福島,ワイド,1-7,3460,27,jra
202603020305,2026-07-04,5,福島,ワイド,7-10,5500,40,jra
202603020305,2026-07-04,5,福島,馬単,1-10,1900,5,jra
202603020305,2026-07-04,5,福島,三連複,1-7-10,25160,66,jra
202603020305,2026-07-04,5,福島,三連単,1-10-7,88400,271,jra
202603020306,2026-07-04,6,福島,単勝,4,760,4,jra
202603020306,2026-07-04,6,福島,複勝,4,210,3,jra
202603020306,2026-07-04,6,福島,複勝,10,130,1,jra
202603020306,2026-07-04,6,福島,複勝,11,480,7,jra
202603020306,2026-07-04,6,福島,枠連,3-6,760,3,jra
202603020306,2026-07-04,6,福島,馬連,4-10,840,3,jra
202603020306,2026-07-04,6,福島,ワイド,4-10,390,2,jra
202603020306,2026-07-04,6,福島,ワイド,4-11,1850,21,jra
202603020306,2026-07-04,6,福島,ワイド,10-11,1250,13,jra
202603020306,2026-07-04,6,福島,馬単,4-10,2380,8,jra
202603020306,2026-07-04,6,福島,三連複,4-10-11,5580,15,jra
202603020306,2026-07-04,6,福島,三連単,4-10-11,28730,81,jra
202603020307,2026-07-04,7,福島,単勝,7,520,3,jra
202603020307,2026-07-04,7,福島,複勝,7,180,3,jra
202603020307,2026-07-04,7,福島,複勝,9,470,6,jra
202603020307,2026-07-04,7,福島,複勝,14,200,4,jra
202603020307,2026-07-04,7,福島,枠連,4-5,2820,7,jra
202603020307,2026-07-04,7,福島,馬連,7-9,5390,18,jra
202603020307,2026-07-04,7,福島,ワイド,7-9,1740,18,jra
202603020307,2026-07-04,7,福島,ワイド,7-14,490,6,jra
202603020307,2026-07-04,7,福島,ワイド,9-14,2090,23,jra
202603020307,2026-07-04,7,福島,馬単,7-9,7430,23,jra
202603020307,2026-07-04,7,福島,三連複,7-9-14,9490,31,jra
202603020307,2026-07-04,7,福島,三連単,7-9-14,54820,169,jra
202603020308,2026-07-04,8,福島,単勝,3,470,2,jra
202603020308,2026-07-04,8,福島,複勝,3,210,2,jra
202603020308,2026-07-04,8,福島,複勝,4,340,6,jra
202603020308,2026-07-04,8,福島,複勝,8,290,5,jra
202603020308,2026-07-04,8,福島,枠連,2-3,2310,10,jra
202603020308,2026-07-04,8,福島,馬連,3-4,3940,14,jra
202603020308,2026-07-04,8,福島,ワイド,3-4,1150,12,jra
202603020308,2026-07-04,8,福島,ワイド,3-8,880,7,jra
202603020308,2026-07-04,8,福島,ワイド,4-8,2050,26,jra
202603020308,2026-07-04,8,福島,馬単,3-4,6260,22,jra
202603020308,2026-07-04,8,福島,三連複,3-4-8,11350,38,jra
202603020308,2026-07-04,8,福島,三連単,3-4-8,47260,147,jra
202603020309,2026-07-04,9,福島,単勝,5,1590,5,jra
202603020309,2026-07-04,9,福島,複勝,5,720,5,jra
202603020309,2026-07-04,9,福島,複勝,7,650,4,jra
202603020309,2026-07-04,9,福島,複勝,6,540,3,jra
202603020309,2026-07-04,9,福島,枠連,5-7,4630,14,jra
202603020309,2026-07-04,9,福島,馬連,5-7,4630,13,jra
202603020309,2026-07-04,9,福島,ワイド,5-7,1200,14,jra
202603020309,2026-07-04,9,福島,ワイド,5-6,850,11,jra
202603020309,2026-07-04,9,福島,ワイド,6-7,790,9,jra
202603020309,2026-07-04,9,福島,馬単,5-7,9250,27,jra
202603020309,2026-07-04,9,福島,三連複,5-6-7,5260,19,jra
202603020309,2026-07-04,9,福島,三連単,5-7-6,48130,127,jra
202603020310,2026-07-04,10,福島,単勝,4,270,1,jra
202603020310,2026-07-04,10,福島,複勝,4,130,1,jra
202603020310,2026-07-04,10,福島,複勝,10,230,6,jra
202603020310,2026-07-04,10,福島,複勝,3,170,2,jra
202603020310,2026-07-04,10,福島,枠連,4-8,640,2,jra
202603020310,2026-07-04,10,福島,馬連,4-10,1270,5,jra
202603020310,2026-07-04,10,福島,ワイド,4-10,550,6,jra
202603020310,2026-07-04,10,福島,ワイド,3-4,340,2,jra
202603020310,2026-07-04,10,福島,ワイド,3-10,1000,15,jra
202603020310,2026-07-04,10,福島,馬単,4-10,2250,6,jra
202603020310,2026-07-04,10,福島,三連複,3-4-10,2840,11,jra
202603020310,2026-07-04,10,福島,三連単,4-10-3,11870,33,jra
202603020311,2026-07-04,11,福島,単勝,9,160,1,jra
202603020311,2026-07-04,11,福島,複勝,9,110,1,jra
202603020311,2026-07-04,11,福島,複勝,8,160,2,jra
202603020311,2026-07-04,11,福島,複勝,3,310,7,jra
202603020311,2026-07-04,11,福島,枠連,7-8,200,1,jra
202603020311,2026-07-04,11,福島,馬連,8-9,380,1,jra
202603020311,2026-07-04,11,福島,ワイド,8-9,210,1,jra
202603020311,2026-07-04,11,福島,ワイド,3-9,580,7,jra
202603020311,2026-07-04,11,福島,ワイド,3-8,1140,15,jra
202603020311,2026-07-04,11,福島,馬単,9-8,510,1,jra
202603020311,2026-07-04,11,福島,三連複,3-8-9,2220,7,jra
202603020311,2026-07-04,11,福島,三連単,9-8-3,5040,13,jra
202603020312,2026-07-04,12,福島,単勝,13,1230,7,jra
202603020312,2026-07-04,12,福島,複勝,13,370,6,jra
202603020312,2026-07-04,12,福島,複勝,10,400,8,jra
202603020312,2026-07-04,12,福島,複勝,16,490,9,jra
202603020312,2026-07-04,12,福島,枠連,5-7,660,2,jra
202603020312,2026-07-04,12,福島,馬連,10-13,8970,34,jra
202603020312,2026-07-04,12,福島,ワイド,10-13,2800,34,jra
202603020312,2026-07-04,12,福島,ワイド,13-16,3300,39,jra
202603020312,2026-07-04,12,福島,ワイド,10-16,2950,36,jra
202603020312,2026-07-04,12,福島,馬単,13-10,15900,65,jra
202603020312,2026-07-04,12,福島,三連複,10-13-16,45460,118,jra
202603020312,2026-07-04,12,福島,三連単,13-10-16,249070,685,jra
202610020301,2026-07-04,1,小倉,単勝,11,2280,7,jra
202610020301,2026-07-04,1,小倉,複勝,11,550,5,jra
202610020301,2026-07-04,1,小倉,複勝,7,440,4,jra
202610020301,2026-07-04,1,小倉,複勝,6,280,2,jra
202610020301,2026-07-04,1,小倉,枠連,6-8,1680,6,jra
202610020301,2026-07-04,1,小倉,馬連,7-11,6930,18,jra
202610020301,2026-07-04,1,小倉,ワイド,7-11,1440,15,jra
202610020301,2026-07-04,1,小倉,ワイド,6-11,1500,14,jra
202610020301,2026-07-04,1,小倉,ワイド,6-7,970,9,jra
202610020301,2026-07-04,1,小倉,馬単,11-7,14420,40,jra
202610020301,2026-07-04,1,小倉,三連複,6-7-11,15120,40,jra
202610020301,2026-07-04,1,小倉,三連単,11-7-6,153460,308,jra
202610020302,2026-07-04,2,小倉,単勝,4,1620,8,jra
202610020302,2026-07-04,2,小倉,複勝,4,390,6,jra
202610020302,2026-07-04,2,小倉,複勝,8,920,11,jra
202610020302,2026-07-04,2,小倉,複勝,5,1010,12,jra
202610020302,2026-07-04,2,小倉,複勝,12,420,8,jra
202610020302,2026-07-04,2,小倉,枠連,2-4,10190,29,jra
202610020302,2026-07-04,2,小倉,馬連,4-8,32380,74,jra
202610020302,2026-07-04,2,小倉,ワイド,4-8,4420,69,jra
202610020302,2026-07-04,2,小倉,ワイド,4-5,5100,74,jra
202610020302,2026-07-04,2,小倉,ワイド,4-12,1940,34,jra
202610020302,2026-07-04,2,小倉,ワイド,5-8,11990,114,jra
202610020302,2026-07-04,2,小倉,ワイド,8-12,4520,70,jra
202610020302,2026-07-04,2,小倉,馬単,4-8,54080,134,jra
202610020302,2026-07-04,2,小倉,三連複,4-5-8,203420,536,jra
202610020302,2026-07-04,2,小倉,三連単,4-8-5,1565830,3,jra
202610020303,2026-07-04,3,小倉,単勝,8,210,1,jra
202610020303,2026-07-04,3,小倉,複勝,8,110,1,jra
202610020303,2026-07-04,3,小倉,複勝,11,130,2,jra
202610020303,2026-07-04,3,小倉,複勝,13,220,4,jra
202610020303,2026-07-04,3,小倉,枠連,4-6,280,1,jra
202610020303,2026-07-04,3,小倉,馬連,8-11,320,1,jra
202610020303,2026-07-04,3,小倉,ワイド,8-11,170,1,jra
202610020303,2026-07-04,3,小倉,ワイド,8-13,510,4,jra
202610020303,2026-07-04,3,小倉,ワイド,11-13,730,7,jra
202610020303,2026-07-04,3,小倉,馬単,8-11,600,1,jra
202610020303,2026-07-04,3,小倉,三連複,8-11-13,1220,2,jra
202610020303,2026-07-04,3,小倉,三連単,8-11-13,4040,3,jra
202610020304,2026-07-04,4,小倉,単勝,6,370,2,jra
202610020304,2026-07-04,4,小倉,複勝,6,160,2,jra
202610020304,2026-07-04,4,小倉,複勝,1,120,1,jra
202610020304,2026-07-04,4,小倉,複勝,16,470,8,jra
202610020304,2026-07-04,4,小倉,枠連,1-3,410,1,jra
202610020304,2026-07-04,4,小倉,馬連,1-6,500,1,jra
202610020304,2026-07-04,4,小倉,ワイド,1-6,260,2,jra
202610020304,2026-07-04,4,小倉,ワイド,6-16,1890,19,jra
202610020304,2026-07-04,4,小倉,ワイド,1-16,1010,11,jra
202610020304,2026-07-04,4,小倉,馬単,6-1,960,3,jra
202610020304,2026-07-04,4,小倉,三連複,1-6-16,3910,11,jra
202610020304,2026-07-04,4,小倉,三連単,6-1-16,18280,45,jra
202610020305,2026-07-04,5,小倉,単勝,3,1330,5,jra
202610020305,2026-07-04,5,小倉,複勝,3,310,5,jra
202610020305,2026-07-04,5,小倉,複勝,2,260,4,jra
202610020305,2026-07-04,5,小倉,複勝,6,470,6,jra
202610020305,2026-07-04,5,小倉,枠連,2-3,3000,12,jra
202610020305,2026-07-04,5,小倉,馬連,2-3,3560,13,jra
202610020305,2026-07-04,5,小倉,ワイド,2-3,1090,12,jra
202610020305,2026-07-04,5,小倉,ワイド,3-6,1750,18,jra
202610020305,2026-07-04,5,小倉,ワイド,2-6,1650,17,jra
202610020305,2026-07-04,5,小倉,馬単,3-2,8910,28,jra
202610020305,2026-07-04,5,小倉,三連複,2-3-6,13970,42,jra
202610020305,2026-07-04,5,小倉,三連単,3-2-6,86400,233,jra
202610020306,2026-07-04,6,小倉,単勝,9,370,1,jra
202610020306,2026-07-04,6,小倉,複勝,9,170,1,jra
202610020306,2026-07-04,6,小倉,複勝,2,710,8,jra
202610020306,2026-07-04,6,小倉,複勝,15,350,6,jra
202610020306,2026-07-04,6,小倉,枠連,1-5,4030,16,jra
202610020306,2026-07-04,6,小倉,馬連,2-9,8560,24,jra
202610020306,2026-07-04,6,小倉,ワイド,2-9,2150,22,jra
202610020306,2026-07-04,6,小倉,ワイド,9-15,960,10,jra
202610020306,2026-07-04,6,小倉,ワイド,2-15,5910,47,jra
202610020306,2026-07-04,6,小倉,馬単,9-2,14570,44,jra
202610020306,2026-07-04,6,小倉,三連複,2-9-15,25440,69,jra
202610020306,2026-07-04,6,小倉,三連単,9-2-15,166650,410,jra
202610020307,2026-07-04,7,小倉,単勝,10,450,2,jra
202610020307,2026-07-04,7,小倉,複勝,10,210,2,jra
202610020307,2026-07-04,7,小倉,複勝,9,240,5,jra
202610020307,2026-07-04,7,小倉,複勝,13,230,4,jra
202610020307,2026-07-04,7,小倉,枠連,5-5,2460,11,jra
202610020307,2026-07-04,7,小倉,馬連,9-10,1660,5,jra
202610020307,2026-07-04,7,小倉,ワイド,9-10,600,5,jra
202610020307,2026-07-04,7,小倉,ワイド,10-13,750,8,jra
202610020307,2026-07-04,7,小倉,ワイド,9-13,1140,13,jra
202610020307,2026-07-04,7,小倉,馬単,10-9,3200,10,jra
202610020307,2026-07-04,7,小倉,三連複,9-10-13,4890,16,jra
202610020307,2026-07-04,7,小倉,三連単,10-9-13,19600,53,jra
202610020308,2026-07-04,8,小倉,単勝,8,160,1,jra
202610020308,2026-07-04,8,小倉,複勝,8,110,1,jra
202610020308,2026-07-04,8,小倉,複勝,2,170,3,jra
202610020308,2026-07-04,8,小倉,複勝,6,350,8,jra
202610020308,2026-07-04,8,小倉,枠連,2-6,420,1,jra
202610020308,2026-07-04,8,小倉,馬連,2-8,530,1,jra
202610020308,2026-07-04,8,小倉,ワイド,2-8,270,2,jra
202610020308,2026-07-04,8,小倉,ワイド,6-8,720,8,jra
202610020308,2026-07-04,8,小倉,ワイド,2-6,1310,16,jra
202610020308,2026-07-04,8,小倉,馬単,8-2,750,1,jra
202610020308,2026-07-04,8,小倉,三連複,2-6-8,2700,7,jra
202610020308,2026-07-04,8,小倉,三連単,8-2-6,7040,14,jra
202610020309,2026-07-04,9,小倉,単勝,7,230,1,jra
202610020309,2026-07-04,9,小倉,複勝,7,130,1,jra
202610020309,2026-07-04,9,小倉,複勝,11,220,4,jra
202610020309,2026-07-04,9,小倉,複勝,5,310,7,jra
202610020309,2026-07-04,9,小倉,枠連,6-8,670,1,jra
202610020309,2026-07-04,9,小倉,馬連,7-11,1000,3,jra
202610020309,2026-07-04,9,小倉,ワイド,7-11,450,3,jra
202610020309,2026-07-04,9,小倉,ワイド,5-7,790,7,jra
202610020309,2026-07-04,9,小倉,ワイド,5-11,1870,24,jra
202610020309,2026-07-04,9,小倉,馬単,7-11,1500,4,jra
202610020309,2026-07-04,9,小倉,三連複,5-7-11,6120,20,jra
202610020309,2026-07-04,9,小倉,三連単,7-11-5,18460,53,jra
202610020310,2026-07-04,10,小倉,単勝,6,340,2,jra
202610020310,2026-07-04,10,小倉,複勝,6,180,2,jra
202610020310,2026-07-04,10,小倉,複勝,8,200,3,jra
202610020310,2026-07-04,10,小倉,複勝,4,200,4,jra
202610020310,2026-07-04,10,小倉,枠連,5-6,1030,4,jra
202610020310,2026-07-04,10,小倉,馬連,6-8,2110,8,jra
202610020310,2026-07-04,10,小倉,ワイド,6-8,670,7,jra
202610020310,2026-07-04,10,小倉,ワイド,4-6,460,4,jra
202610020310,2026-07-04,10,小倉,ワイド,4-8,660,8,jra
202610020310,2026-07-04,10,小倉,馬単,6-8,3040,11,jra
202610020310,2026-07-04,10,小倉,三連複,4-6-8,3750,10,jra
202610020310,2026-07-04,10,小倉,三連単,6-8-4,16410,42,jra
202610020311,2026-07-04,11,小倉,単勝,3,240,2,jra
202610020311,2026-07-04,11,小倉,複勝,3,120,1,jra
202610020311,2026-07-04,11,小倉,複勝,4,120,2,jra
202610020311,2026-07-04,11,小倉,複勝,1,690,11,jra
202610020311,2026-07-04,11,小倉,枠連,3-3,300,1,jra
202610020311,2026-07-04,11,小倉,馬連,3-4,290,1,jra
202610020311,2026-07-04,11,小倉,ワイド,3-4,170,1,jra
202610020311,2026-07-04,11,小倉,ワイド,1-3,1040,12,jra
202610020311,2026-07-04,11,小倉,ワイド,1-4,1380,15,jra
202610020311,2026-07-04,11,小倉,馬単,3-4,560,2,jra
202610020311,2026-07-04,11,小倉,三連複,1-3-4,2420,6,jra
202610020311,2026-07-04,11,小倉,三連単,3-4-1,7120,15,jra
202610020312,2026-07-04,12,小倉,単勝,6,2130,9,jra
202610020312,2026-07-04,12,小倉,複勝,6,350,9,jra
202610020312,2026-07-04,12,小倉,複勝,1,140,1,jra
202610020312,2026-07-04,12,小倉,複勝,7,250,4,jra
202610020312,2026-07-04,12,小倉,枠連,1-5,2010,10,jra
202610020312,2026-07-04,12,小倉,馬連,1-6,2540,10,jra
202610020312,2026-07-04,12,小倉,ワイド,1-6,800,9,jra
202610020312,2026-07-04,12,小倉,ワイド,6-7,2160,31,jra
202610020312,2026-07-04,12,小倉,ワイド,1-7,560,4,jra
202610020312,2026-07-04,12,小倉,馬単,6-1,6700,25,jra
202610020312,2026-07-04,12,小倉,三連複,1-6-7,6750,27,jra
202610020312,2026-07-04,12,小倉,三連単,6-1-7,57450,236,jra
202602010801,2026-07-05,1,函館,単勝,4,940,5,jra
202602010801,2026-07-05,1,函館,複勝,4,580,5,jra
202602010801,2026-07-05,1,函館,複勝,7,390,3,jra
202602010801,2026-07-05,1,函館,複勝,2,300,2,jra
202602010801,2026-07-05,1,函館,枠連,4-7,3860,12,jra
202602010801,2026-07-05,1,函館,馬連,4-7,3210,10,jra
202602010801,2026-07-05,1,函館,ワイド,4-7,870,11,jra
202602010801,2026-07-05,1,函館,ワイド,2-4,760,9,jra
202602010801,2026-07-05,1,函館,ワイド,2-7,450,4,jra
202602010801,2026-07-05,1,函館,馬単,4-7,7120,24,jra
202602010801,2026-07-05,1,函館,三連複,2-4-7,4270,12,jra
202602010801,2026-07-05,1,函館,三連単,4-7-2,35920,111,jra
202602010802,2026-07-05,2,函館,単勝,10,180,1,jra
202602010802,2026-07-05,2,函館,複勝,10,110,1,jra
202602010802,2026-07-05,2,函館,複勝,3,120,2,jra
202602010802,2026-07-05,2,函館,複勝,7,130,3,jra
202602010802,2026-07-05,2,函館,枠連,3-7,410,1,jra
202602010802,2026-07-05,2,函館,馬連,3-10,460,1,jra
202602010802,2026-07-05,2,函館,ワイド,3-10,200,1,jra
202602010802,2026-07-05,2,函館,ワイド,7-10,210,2,jra
202602010802,2026-07-05,2,函館,ワイド,3-7,290,3,jra
202602010802,2026-07-05,2,函館,馬単,10-3,710,2,jra
202602010802,2026-07-05,2,函館,三連複,3-7-10,530,1,jra
202602010802,2026-07-05,2,函館,三連単,10-3-7,1750,1,jra
202602010803,2026-07-05,3,函館,単勝,11,4460,8,jra
202602010803,2026-07-05,3,函館,複勝,11,420,8,jra
202602010803,2026-07-05,3,函館,複勝,1,130,2,jra
202602010803,2026-07-05,3,函館,複勝,13,110,1,jra
202602010803,2026-07-05,3,函館,枠連,1-7,980,3,jra
202602010803,2026-07-05,3,函館,馬連,1-11,4830,14,jra
202602010803,2026-07-05,3,函館,ワイド,1-11,1230,15,jra
202602010803,2026-07-05,3,函館,ワイド,11-13,960,11,jra
202602010803,2026-07-05,3,函館,ワイド,1-13,190,1,jra
202602010803,2026-07-05,3,函館,馬単,11-1,17300,43,jra
202602010803,2026-07-05,3,函館,三連複,1-11-13,2540,7,jra
202602010803,2026-07-05,3,函館,三連単,11-1-13,44780,129,jra
202602010804,2026-07-05,4,函館,単勝,16,610,3,jra
202602010804,2026-07-05,4,函館,複勝,16,250,4,jra
202602010804,2026-07-05,4,函館,複勝,2,310,6,jra
202602010804,2026-07-05,4,函館,複勝,13,500,9,jra
202602010804,2026-07-05,4,函館,枠連,1-8,2080,9,jra
202602010804,2026-07-05,4,函館,馬連,2-16,2980,14,jra
202602010804,2026-07-05,4,函館,ワイド,2-16,1060,14,jra
202602010804,2026-07-05,4,函館,ワイド,13-16,2020,30,jra
202602010804,2026-07-05,4,函館,ワイド,2-13,2620,37,jra
202602010804,2026-07-05,4,函館,馬単,16-2,5180,25,jra
202602010804,2026-07-05,4,函館,三連複,2-13-16,22300,83,jra
202602010804,2026-07-05,4,函館,三連単,16-2-13,80710,327,jra
202602010805,2026-07-05,5,函館,単勝,1,130,1,jra
202602010805,2026-07-05,5,函館,複勝,1,110,1,jra
202602010805,2026-07-05,5,函館,複勝,2,150,2,jra
202602010805,2026-07-05,5,函館,馬連,1-2,290,1,jra
202602010805,2026-07-05,5,函館,ワイド,1-2,130,1,jra
202602010805,2026-07-05,5,函館,ワイド,1-3,130,2,jra
202602010805,2026-07-05,5,函館,ワイド,2-3,210,4,jra
202602010805,2026-07-05,5,函館,馬単,1-2,370,1,jra
202602010805,2026-07-05,5,函館,三連複,1-2-3,230,1,jra
202602010805,2026-07-05,5,函館,三連単,1-2-3,710,1,jra
202602010806,2026-07-05,6,函館,単勝,6,560,3,jra
202602010806,2026-07-05,6,函館,複勝,6,160,3,jra
202602010806,2026-07-05,6,函館,複勝,16,140,2,jra
202602010806,2026-07-05,6,函館,複勝,12,120,1,jra
202602010806,2026-07-05,6,函館,枠連,3-8,1140,5,jra
202602010806,2026-07-05,6,函館,馬連,6-16,1400,4,jra
202602010806,2026-07-05,6,函館,ワイド,6-16,550,5,jra
202602010806,2026-07-05,6,函館,ワイド,6-12,350,2,jra
202602010806,2026-07-05,6,函館,ワイド,12-16,220,1,jra
202602010806,2026-07-05,6,函館,馬単,6-16,2760,8,jra
202602010806,2026-07-05,6,函館,三連複,6-12-16,1320,1,jra
202602010806,2026-07-05,6,函館,三連単,6-16-12,10860,18,jra
202602010807,2026-07-05,7,函館,単勝,7,330,2,jra
202602010807,2026-07-05,7,函館,複勝,7,150,5,jra
202602010807,2026-07-05,7,函館,複勝,8,150,2,jra
202602010807,2026-07-05,7,函館,複勝,2,150,3,jra
202602010807,2026-07-05,7,函館,枠連,7-8,880,5,jra
202602010807,2026-07-05,7,函館,馬連,7-8,860,5,jra
202602010807,2026-07-05,7,函館,ワイド,7-8,350,5,jra
202602010807,2026-07-05,7,函館,ワイド,2-7,390,6,jra
202602010807,2026-07-05,7,函館,ワイド,2-8,420,8,jra
202602010807,2026-07-05,7,函館,馬単,7-8,1330,6,jra
202602010807,2026-07-05,7,函館,三連複,2-7-8,1340,7,jra
202602010807,2026-07-05,7,函館,三連単,7-8-2,4940,20,jra
202602010808,2026-07-05,8,函館,単勝,4,210,1,jra
202602010808,2026-07-05,8,函館,複勝,4,110,1,jra
202602010808,2026-07-05,8,函館,複勝,2,140,3,jra
202602010808,2026-07-05,8,函館,複勝,1,170,4,jra
202602010808,2026-07-05,8,函館,馬連,2-4,650,2,jra
202602010808,2026-07-05,8,函館,ワイド,2-4,230,2,jra
202602010808,2026-07-05,8,函館,ワイド,1-4,340,5,jra
202602010808,2026-07-05,8,函館,ワイド,1-2,370,6,jra
202602010808,2026-07-05,8,函館,馬単,4-2,1060,3,jra
202602010808,2026-07-05,8,函館,三連複,1-2-4,1030,3,jra
202602010808,2026-07-05,8,函館,三連単,4-2-1,4500,13,jra
202602010809,2026-07-05,9,函館,単勝,16,860,4,jra
202602010809,2026-07-05,9,函館,複勝,16,240,4,jra
202602010809,2026-07-05,9,函館,複勝,3,780,11,jra
202602010809,2026-07-05,9,函館,複勝,6,170,1,jra
202602010809,2026-07-05,9,函館,枠連,2-8,8500,25,jra
202602010809,2026-07-05,9,函館,馬連,3-16,24480,62,jra
202602010809,2026-07-05,9,函館,ワイド,3-16,6670,62,jra
202602010809,2026-07-05,9,函館,ワイド,6-16,460,3,jra
202602010809,2026-07-05,9,函館,ワイド,3-6,2680,31,jra
202602010809,2026-07-05,9,函館,馬単,16-3,36500,100,jra
202602010809,2026-07-05,9,函館,三連複,3-6-16,17830,54,jra
202602010809,2026-07-05,9,函館,三連単,16-3-6,180730,566,jra
202602010810,2026-07-05,10,函館,単勝,1,180,1,jra
202602010810,2026-07-05,10,函館,複勝,1,110,1,jra
202602010810,2026-07-05,10,函館,複勝,7,170,2,jra
202602010810,2026-07-05,10,函館,複勝,11,230,5,jra
202602010810,2026-07-05,10,函館,枠連,1-6,440,1,jra
202602010810,2026-07-05,10,函館,馬連,1-7,670,1,jra
202602010810,2026-07-05,10,函館,ワイド,1-7,300,2,jra
202602010810,2026-07-05,10,函館,ワイド,1-11,450,5,jra
202602010810,2026-07-05,10,函館,ワイド,7-11,700,8,jra
202602010810,2026-07-05,10,函館,馬単,1-7,1060,2,jra
202602010810,2026-07-05,10,函館,三連複,1-7-11,1650,2,jra
202602010810,2026-07-05,10,函館,三連単,1-7-11,5110,3,jra
202602010811,2026-07-05,11,函館,単勝,11,510,4,jra
202602010811,2026-07-05,11,函館,複勝,11,210,4,jra
202602010811,2026-07-05,11,函館,複勝,6,340,6,jra
202602010811,2026-07-05,11,函館,複勝,7,230,5,jra
202602010811,2026-07-05,11,函館,枠連,6-8,660,2,jra
202602010811,2026-07-05,11,函館,馬連,6-11,3870,17,jra
202602010811,2026-07-05,11,函館,ワイド,6-11,1260,16,jra
202602010811,2026-07-05,11,函館,ワイド,7-11,650,10,jra
202602010811,2026-07-05,11,函館,ワイド,6-7,1650,21,jra
202602010811,2026-07-05,11,函館,馬単,11-6,7780,34,jra
202602010811,2026-07-05,11,函館,三連複,6-7-11,7370,29,jra
202602010811,2026-07-05,11,函館,三連単,11-6-7,41770,165,jra
202602010812,2026-07-05,12,函館,単勝,4,230,1,jra
202602010812,2026-07-05,12,函館,複勝,4,110,1,jra
202602010812,2026-07-05,12,函館,複勝,7,190,4,jra
202602010812,2026-07-05,12,函館,複勝,10,190,3,jra
202602010812,2026-07-05,12,函館,枠連,4-7,780,2,jra
202602010812,2026-07-05,12,函館,馬連,4-7,760,2,jra
202602010812,2026-07-05,12,函館,ワイド,4-7,320,2,jra
202602010812,2026-07-05,12,函館,ワイド,4-10,350,4,jra
202602010812,2026-07-05,12,函館,ワイド,7-10,900,12,jra
202602010812,2026-07-05,12,函館,馬単,4-7,1100,3,jra
202602010812,2026-07-05,12,函館,三連複,4-7-10,1920,7,jra
202602010812,2026-07-05,12,函館,三連単,4-7-10,5450,15,jra
202603020401,2026-07-05,1,福島,単勝,10,800,4,jra
202603020401,2026-07-05,1,福島,複勝,10,240,5,jra
202603020401,2026-07-05,1,福島,複勝,11,390,7,jra
202603020401,2026-07-05,1,福島,複勝,5,200,3,jra
202603020401,2026-07-05,1,福島,枠連,6-6,4130,12,jra
202603020401,2026-07-05,1,福島,馬連,10-11,4360,18,jra
202603020401,2026-07-05,1,福島,ワイド,10-11,1310,19,jra
202603020401,2026-07-05,1,福島,ワイド,5-10,690,7,jra
202603020401,2026-07-05,1,福島,ワイド,5-11,740,8,jra
202603020401,2026-07-05,1,福島,馬単,10-11,7780,34,jra
202603020401,2026-07-05,1,福島,三連複,5-10-11,4680,16,jra
202603020401,2026-07-05,1,福島,三連単,10-11-5,36570,136,jra
202603020402,2026-07-05,2,福島,単勝,8,540,3,jra
202603020402,2026-07-05,2,福島,複勝,8,190,3,jra
202603020402,2026-07-05,2,福島,複勝,2,320,4,jra
202603020402,2026-07-05,2,福島,複勝,11,150,1,jra
202603020402,2026-07-05,2,福島,枠連,1-4,1920,8,jra
202603020402,2026-07-05,2,福島,馬連,2-8,3780,16,jra
202603020402,2026-07-05,2,福島,ワイド,2-8,1110,15,jra
202603020402,2026-07-05,2,福島,ワイド,8-11,570,3,jra
202603020402,2026-07-05,2,福島,ワイド,2-11,1150,14,jra
202603020402,2026-07-05,2,福島,馬単,8-2,6680,22,jra
202603020402,2026-07-05,2,福島,三連複,2-8-11,5870,17,jra
202603020402,2026-07-05,2,福島,三連単,8-2-11,43450,125,jra
202603020403,2026-07-05,3,福島,単勝,5,430,3,jra
202603020403,2026-07-05,3,福島,複勝,5,150,3,jra
202603020403,2026-07-05,3,福島,複勝,14,140,1,jra
202603020403,2026-07-05,3,福島,複勝,3,190,4,jra
202603020403,2026-07-05,3,福島,枠連,3-7,690,1,jra
202603020403,2026-07-05,3,福島,馬連,5-14,720,1,jra
202603020403,2026-07-05,3,福島,ワイド,5-14,310,1,jra
202603020403,2026-07-05,3,福島,ワイド,3-5,560,6,jra
202603020403,2026-07-05,3,福島,ワイド,3-14,430,4,jra
202603020403,2026-07-05,3,福島,馬単,5-14,1240,1,jra
202603020403,2026-07-05,3,福島,三連複,3-5-14,1710,2,jra
202603020403,2026-07-05,3,福島,三連単,5-14-3,7700,8,jra
202603020404,2026-07-05,4,福島,単勝,10,290,1,jra
202603020404,2026-07-05,4,福島,複勝,10,150,1,jra
202603020404,2026-07-05,4,福島,複勝,8,420,7,jra
202603020404,2026-07-05,4,福島,複勝,15,190,3,jra
202603020404,2026-07-05,4,福島,枠連,4-5,420,1,jra
202603020404,2026-07-05,4,福島,馬連,8-10,4030,14,jra
202603020404,2026-07-05,4,福島,ワイド,8-10,1250,13,jra
202603020404,2026-07-05,4,福島,ワイド,10-15,480,3,jra
202603020404,2026-07-05,4,福島,ワイド,8-15,2350,26,jra
202603020404,2026-07-05,4,福島,馬単,10-8,5710,21,jra
202603020404,2026-07-05,4,福島,三連複,8-10-15,7270,25,jra
202603020404,2026-07-05,4,福島,三連単,10-8-15,42260,131,jra
202603020405,2026-07-05,5,福島,単勝,5,330,2,jra
202603020405,2026-07-05,5,福島,複勝,5,170,2,jra
202603020405,2026-07-05,5,福島,複勝,12,880,11,jra
202603020405,2026-07-05,5,福島,複勝,14,580,7,jra
202603020405,2026-07-05,5,福島,枠連,3-6,670,2,jra
202603020405,2026-07-05,5,福島,馬連,5-12,5810,19,jra
202603020405,2026-07-05,5,福島,ワイド,5-12,1770,19,jra
202603020405,2026-07-05,5,福島,ワイド,5-14,1410,12,jra
202603020405,2026-07-05,5,福島,ワイド,12-14,7870,58,jra
202603020405,2026-07-05,5,福島,馬単,5-12,6900,23,jra
202603020405,2026-07-05,5,福島,三連複,5-12-14,40720,104,jra
202603020405,2026-07-05,5,福島,三連単,5-12-14,184060,430,jra
202603020406,2026-07-05,6,福島,単勝,10,890,6,jra
202603020406,2026-07-05,6,福島,複勝,10,260,7,jra
202603020406,2026-07-05,6,福島,複勝,8,180,3,jra
202603020406,2026-07-05,6,福島,複勝,9,240,6,jra
202603020406,2026-07-05,6,福島,枠連,6-7,1230,6,jra
202603020406,2026-07-05,6,福島,馬連,8-10,1400,4,jra
202603020406,2026-07-05,6,福島,ワイド,8-10,560,5,jra
202603020406,2026-07-05,6,福島,ワイド,9-10,1140,21,jra
202603020406,2026-07-05,6,福島,ワイド,8-9,680,8,jra
202603020406,2026-07-05,6,福島,馬単,10-8,3430,15,jra
202603020406,2026-07-05,6,福島,三連複,8-9-10,4000,17,jra
202603020406,2026-07-05,6,福島,三連単,10-8-9,25910,119,jra
202603020407,2026-07-05,7,福島,単勝,6,270,1,jra
202603020407,2026-07-05,7,福島,複勝,6,150,2,jra
202603020407,2026-07-05,7,福島,複勝,12,570,8,jra
202603020407,2026-07-05,7,福島,複勝,3,170,3,jra
202603020407,2026-07-05,7,福島,枠連,4-7,2720,10,jra
202603020407,2026-07-05,7,福島,馬連,6-12,3230,14,jra
202603020407,2026-07-05,7,福島,ワイド,6-12,1130,15,jra
202603020407,2026-07-05,7,福島,ワイド,3-6,360,2,jra
202603020407,2026-07-05,7,福島,ワイド,3-12,1820,22,jra
202603020407,2026-07-05,7,福島,馬単,6-12,4750,18,jra
202603020407,2026-07-05,7,福島,三連複,3-6-12,4980,18,jra
202603020407,2026-07-05,7,福島,三連単,6-12-3,21040,62,jra
202603020408,2026-07-05,8,福島,単勝,6,540,3,jra
202603020408,2026-07-05,8,福島,複勝,6,160,3,jra
202603020408,2026-07-05,8,福島,複勝,4,200,5,jra
202603020408,2026-07-05,8,福島,複勝,1,110,1,jra
202603020408,2026-07-05,8,福島,枠連,4-5,2580,12,jra
202603020408,2026-07-05,8,福島,馬連,4-6,2280,8,jra
202603020408,2026-07-05,8,福島,ワイド,4-6,630,9,jra
202603020408,2026-07-05,8,福島,ワイド,1-6,270,2,jra
202603020408,2026-07-05,8,福島,ワイド,1-4,330,3,jra
202603020408,2026-07-05,8,福島,馬単,6-4,4500,17,jra
202603020408,2026-07-05,8,福島,三連複,1-4-6,1380,5,jra
202603020408,2026-07-05,8,福島,三連単,6-4-1,12090,36,jra
202603020409,2026-07-05,9,福島,単勝,13,690,4,jra
202603020409,2026-07-05,9,福島,複勝,13,240,4,jra
202603020409,2026-07-05,9,福島,複勝,11,260,6,jra
202603020409,2026-07-05,9,福島,複勝,9,180,1,jra
202603020409,2026-07-05,9,福島,枠連,6-7,960,3,jra
202603020409,2026-07-05,9,福島,馬連,11-13,3110,13,jra
202603020409,2026-07-05,9,福島,ワイド,11-13,1140,15,jra
202603020409,2026-07-05,9,福島,ワイド,9-13,650,4,jra
202603020409,2026-07-05,9,福島,ワイド,9-11,650,6,jra
202603020409,2026-07-05,9,福島,馬単,13-11,4960,18,jra
202603020409,2026-07-05,9,福島,三連複,9-11-13,3510,6,jra
202603020409,2026-07-05,9,福島,三連単,13-11-9,28580,71,jra
202603020410,2026-07-05,10,福島,単勝,5,130,1,jra
202603020410,2026-07-05,10,福島,複勝,5,110,1,jra
202603020410,2026-07-05,10,福島,複勝,1,210,4,jra
202603020410,2026-07-05,10,福島,複勝,4,290,5,jra
202603020410,2026-07-05,10,福島,枠連,1-5,780,4,jra
202603020410,2026-07-05,10,福島,馬連,1-5,700,3,jra
202603020410,2026-07-05,10,福島,ワイド,1-5,310,3,jra
202603020410,2026-07-05,10,福島,ワイド,4-5,380,4,jra
202603020410,2026-07-05,10,福島,ワイド,1-4,1390,16,jra
202603020410,2026-07-05,10,福島,馬単,5-1,830,3,jra
202603020410,2026-07-05,10,福島,三連複,1-4-5,2200,8,jra
202603020410,2026-07-05,10,福島,三連単,5-1-4,5850,16,jra
202603020411,2026-07-05,11,福島,単勝,7,970,6,jra
202603020411,2026-07-05,11,福島,複勝,7,320,6,jra
202603020411,2026-07-05,11,福島,複勝,8,260,5,jra
202603020411,2026-07-05,11,福島,複勝,1,170,1,jra
202603020411,2026-07-05,11,福島,枠連,4-5,1150,4,jra
202603020411,2026-07-05,11,福島,馬連,7-8,6520,23,jra
202603020411,2026-07-05,11,福島,ワイド,7-8,1890,21,jra
202603020411,2026-07-05,11,福島,ワイド,1-7,1550,16,jra
202603020411,2026-07-05,11,福島,ワイド,1-8,760,6,jra
202603020411,2026-07-05,11,福島,馬単,7-8,11380,44,jra
202603020411,2026-07-05,11,福島,三連複,1-7-8,12340,44,jra
202603020411,2026-07-05,11,福島,三連単,7-8-1,78470,273,jra
202603020412,2026-07-05,12,福島,単勝,8,1290,7,jra
202603020412,2026-07-05,12,福島,複勝,8,350,6,jra
202603020412,2026-07-05,12,福島,複勝,5,210,2,jra
202603020412,2026-07-05,12,福島,複勝,13,410,8,jra
202603020412,2026-07-05,12,福島,枠連,3-5,1190,5,jra
202603020412,2026-07-05,12,福島,馬連,5-8,2570,11,jra
202603020412,2026-07-05,12,福島,ワイド,5-8,1030,12,jra
202603020412,2026-07-05,12,福島,ワイド,8-13,2160,27,jra
202603020412,2026-07-05,12,福島,ワイド,5-13,1490,20,jra
202603020412,2026-07-05,12,福島,馬単,8-5,6030,27,jra
202603020412,2026-07-05,12,福島,三連複,5-8-13,14300,53,jra
202603020412,2026-07-05,12,福島,三連単,8-5-13,79660,289,jra
202610020401,2026-07-05,1,小倉,単勝,12,600,3,jra
202610020401,2026-07-05,1,小倉,複勝,12,180,3,jra
202610020401,2026-07-05,1,小倉,複勝,3,200,4,jra
202610020401,2026-07-05,1,小倉,複勝,2,250,6,jra
202610020401,2026-07-05,1,小倉,枠連,3-8,1160,4,jra
202610020401,2026-07-05,1,小倉,馬連,3-12,1770,7,jra
202610020401,2026-07-05,1,小倉,ワイド,3-12,590,7,jra
202610020401,2026-07-05,1,小倉,ワイド,2-12,750,9,jra
202610020401,2026-07-05,1,小倉,ワイド,2-3,830,12,jra
202610020401,2026-07-05,1,小倉,馬単,12-3,3510,14,jra
202610020401,2026-07-05,1,小倉,三連複,2-3-12,3960,14,jra
202610020401,2026-07-05,1,小倉,三連単,12-3-2,21980,70,jra
202610020402,2026-07-05,2,小倉,単勝,10,180,1,jra
202610020402,2026-07-05,2,小倉,複勝,10,110,1,jra
202610020402,2026-07-05,2,小倉,複勝,7,320,6,jra
202610020402,2026-07-05,2,小倉,複勝,8,450,7,jra
202610020402,2026-07-05,2,小倉,枠連,4-5,680,2,jra
202610020402,2026-07-05,2,小倉,馬連,7-10,1330,4,jra
202610020402,2026-07-05,2,小倉,ワイド,7-10,600,4,jra
202610020402,2026-07-05,2,小倉,ワイド,8-10,640,5,jra
202610020402,2026-07-05,2,小倉,ワイド,7-8,2440,26,jra
202610020402,2026-07-05,2,小倉,馬単,10-7,1850,6,jra
202610020402,2026-07-05,2,小倉,三連複,7-8-10,5940,19,jra
202610020402,2026-07-05,2,小倉,三連単,10-7-8,17860,51,jra
202610020403,2026-07-05,3,小倉,単勝,5,3930,8,jra
202610020403,2026-07-05,3,小倉,複勝,5,1330,10,jra
202610020403,2026-07-05,3,小倉,複勝,12,2190,15,jra
202610020403,2026-07-05,3,小倉,複勝,6,1060,8,jra
202610020403,2026-07-05,3,小倉,枠連,3-6,8260,19,jra
202610020403,2026-07-05,3,小倉,馬連,5-12,232680,126,jra
202610020403,2026-07-05,3,小倉,ワイド,5-12,41540,127,jra
202610020403,2026-07-05,3,小倉,ワイド,5-6,11110,73,jra
202610020403,2026-07-05,3,小倉,ワイド,6-12,30210,114,jra
202610020403,2026-07-05,3,小倉,馬単,5-12,322040,223,jra
202610020403,2026-07-05,3,小倉,三連複,5-6-12,759520,537,jra
202610020403,2026-07-05,3,小倉,三連単,5-12-6,6681340,3,jra
202610020404,2026-07-05,4,小倉,単勝,6,1220,5,jra
202610020404,2026-07-05,4,小倉,複勝,6,350,6,jra
202610020404,2026-07-05,4,小倉,複勝,5,300,4,jra
202610020404,2026-07-05,4,小倉,複勝,4,250,3,jra
202610020404,2026-07-05,4,小倉,枠連,4-4,4930,18,jra
202610020404,2026-07-05,4,小倉,馬連,5-6,4710,18,jra
202610020404,2026-07-05,4,小倉,ワイド,5-6,1220,16,jra
202610020404,2026-07-05,4,小倉,ワイド,4-6,1100,15,jra
202610020404,2026-07-05,4,小倉,ワイド,4-5,800,6,jra
202610020404,2026-07-05,4,小倉,馬単,6-5,10960,36,jra
202610020404,2026-07-05,4,小倉,三連複,4-5-6,6800,25,jra
202610020404,2026-07-05,4,小倉,三連単,6-5-4,47380,161,jra
202610020405,2026-07-05,5,小倉,単勝,1,1410,6,jra
202610020405,2026-07-05,5,小倉,複勝,1,350,6,jra
202610020405,2026-07-05,5,小倉,複勝,11,530,7,jra
202610020405,2026-07-05,5,小倉,複勝,8,320,5,jra
202610020405,2026-07-05,5,小倉,枠連,1-8,7530,17,jra
202610020405,2026-07-05,5,小倉,馬連,1-11,11550,32,jra
202610020405,2026-07-05,5,小倉,ワイド,1-11,2400,29,jra
202610020405,2026-07-05,5,小倉,ワイド,1-8,1330,17,jra
202610020405,2026-07-05,5,小倉,ワイド,8-11,2350,27,jra
202610020405,2026-07-05,5,小倉,馬単,1-11,28040,64,jra
202610020405,2026-07-05,5,小倉,三連複,1-8-11,30760,87,jra
202610020405,2026-07-05,5,小倉,三連単,1-11-8,278230,553,jra
202610020406,2026-07-05,6,小倉,単勝,1,270,1,jra
202610020406,2026-07-05,6,小倉,複勝,1,130,2,jra
202610020406,2026-07-05,6,小倉,複勝,7,150,3,jra
202610020406,2026-07-05,6,小倉,複勝,9,120,1,jra
202610020406,2026-07-05,6,小倉,枠連,1-6,580,2,jra
202610020406,2026-07-05,6,小倉,馬連,1-7,980,3,jra
202610020406,2026-07-05,6,小倉,ワイド,1-7,390,3,jra
202610020406,2026-07-05,6,小倉,ワイド,1-9,260,1,jra
202610020406,2026-07-05,6,小倉,ワイド,7-9,310,2,jra
202610020406,2026-07-05,6,小倉,馬単,1-7,960,2,jra
202610020406,2026-07-05,6,小倉,三連複,1-7-9,970,1,jra
202610020406,2026-07-05,6,小倉,三連単,1-7-9,5120,6,jra
202610020407,2026-07-05,7,小倉,単勝,1,450,2,jra
202610020407,2026-07-05,7,小倉,複勝,1,200,2,jra
202610020407,2026-07-05,7,小倉,複勝,13,680,9,jra
202610020407,2026-07-05,7,小倉,複勝,7,230,3,jra
202610020407,2026-07-05,7,小倉,枠連,1-7,430,1,jra
202610020407,2026-07-05,7,小倉,馬連,1-13,12070,29,jra
202610020407,2026-07-05,7,小倉,ワイド,1-13,3050,29,jra
202610020407,2026-07-05,7,小倉,ワイド,1-7,680,5,jra
202610020407,2026-07-05,7,小倉,ワイド,7-13,2440,25,jra
202610020407,2026-07-05,7,小倉,馬単,1-13,16550,50,jra
202610020407,2026-07-05,7,小倉,三連複,1-7-13,21020,63,jra
202610020407,2026-07-05,7,小倉,三連単,1-13-7,127440,339,jra
202610020408,2026-07-05,8,小倉,単勝,3,630,4,jra
202610020408,2026-07-05,8,小倉,複勝,3,190,4,jra
202610020408,2026-07-05,8,小倉,複勝,9,350,7,jra
202610020408,2026-07-05,8,小倉,複勝,5,150,1,jra
202610020408,2026-07-05,8,小倉,枠連,3-8,1070,6,jra
202610020408,2026-07-05,8,小倉,馬連,3-9,6630,22,jra
202610020408,2026-07-05,8,小倉,ワイド,3-9,1520,21,jra
202610020408,2026-07-05,8,小倉,ワイド,3-5,450,5,jra
202610020408,2026-07-05,8,小倉,ワイド,5-9,1150,16,jra
202610020408,2026-07-05,8,小倉,馬単,3-9,9250,33,jra
202610020408,2026-07-05,8,小倉,三連複,3-5-9,7550,29,jra
202610020408,2026-07-05,8,小倉,三連単,3-9-5,55650,185,jra
202610020409,2026-07-05,9,小倉,単勝,5,170,1,jra
202610020409,2026-07-05,9,小倉,複勝,5,110,1,jra
202610020409,2026-07-05,9,小倉,複勝,2,110,2,jra
202610020409,2026-07-05,9,小倉,複勝,6,120,3,jra
202610020409,2026-07-05,9,小倉,馬連,2-5,190,1,jra
202610020409,2026-07-05,9,小倉,ワイド,2-5,120,1,jra
202610020409,2026-07-05,9,小倉,ワイド,5-6,170,2,jra
202610020409,2026-07-05,9,小倉,ワイド,2-6,180,3,jra
202610020409,2026-07-05,9,小倉,馬単,5-2,290,1,jra
202610020409,2026-07-05,9,小倉,三連複,2-5-6,250,1,jra
202610020409,2026-07-05,9,小倉,三連単,5-2-6,610,1,jra
202610020410,2026-07-05,10,小倉,単勝,9,310,1,jra
202610020410,2026-07-05,10,小倉,複勝,9,170,1,jra
202610020410,2026-07-05,10,小倉,複勝,14,1070,12,jra
202610020410,2026-07-05,10,小倉,複勝,13,590,9,jra
202610020410,2026-07-05,10,小倉,枠連,5-7,3530,16,jra
202610020410,2026-07-05,10,小倉,馬連,9-14,6720,23,jra
202610020410,2026-07-05,10,小倉,ワイド,9-14,2280,24,jra
202610020410,2026-07-05,10,小倉,ワイド,9-13,1890,20,jra
202610020410,2026-07-05,10,小倉,ワイド,13-14,6160,61,jra
202610020410,2026-07-05,10,小倉,馬単,9-14,8360,32,jra
202610020410,2026-07-05,10,小倉,三連複,9-13-14,46990,132,jra
202610020410,2026-07-05,10,小倉,三連単,9-14-13,146370,462,jra
202610020411,2026-07-05,11,小倉,単勝,12,300,1,jra
202610020411,2026-07-05,11,小倉,複勝,12,160,1,jra
202610020411,2026-07-05,11,小倉,複勝,2,410,7,jra
202610020411,2026-07-05,11,小倉,複勝,9,230,3,jra
202610020411,2026-07-05,11,小倉,枠連,2-8,3560,11,jra
202610020411,2026-07-05,11,小倉,馬連,2-12,3930,15,jra
202610020411,2026-07-05,11,小倉,ワイド,2-12,1250,15,jra
202610020411,2026-07-05,11,小倉,ワイド,9-12,530,2,jra
202610020411,2026-07-05,11,小倉,ワイド,2-9,1830,26,jra
202610020411,2026-07-05,11,小倉,馬単,12-2,5560,16,jra
202610020411,2026-07-05,11,小倉,三連複,2-9-12,9440,29,jra
202610020411,2026-07-05,11,小倉,三連単,12-2-9,41430,115,jra
202610020412,2026-07-05,12,小倉,単勝,10,170,1,jra
202610020412,2026-07-05,12,小倉,複勝,10,110,1,jra
202610020412,2026-07-05,12,小倉,複勝,2,420,8,jra
202610020412,2026-07-05,12,小倉,複勝,15,330,6,jra
202610020412,2026-07-05,12,小倉,枠連,1-5,770,3,jra
202610020412,2026-07-05,12,小倉,馬連,2-10,1570,5,jra
202610020412,2026-07-05,12,小倉,ワイド,2-10,620,7,jra
202610020412,2026-07-05,12,小倉,ワイド,10-15,590,4,jra
202610020412,2026-07-05,12,小倉,ワイド,2-15,3800,37,jra
202610020412,2026-07-05,12,小倉,馬単,10-2,2030,7,jra
202610020412,2026-07-05,12,小倉,三連複,2-10-15,8960,24,jra
202610020412,2026-07-05,12,小倉,三連単,10-2-15,24970,74,jra
202602010901,2026-07-11,1,函館,単勝,1,270,2,jra
202602010901,2026-07-11,1,函館,複勝,1,110,1,jra
202602010901,2026-07-11,1,函館,複勝,5,110,2,jra
202602010901,2026-07-11,1,函館,複勝,10,140,3,jra
202602010901,2026-07-11,1,函館,枠連,1-5,230,1,jra
202602010901,2026-07-11,1,函館,馬連,1-5,230,1,jra
202602010901,2026-07-11,1,函館,ワイド,1-5,130,1,jra
202602010901,2026-07-11,1,函館,ワイド,1-10,330,5,jra
202602010901,2026-07-11,1,函館,ワイド,5-10,230,2,jra
202602010901,2026-07-11,1,函館,馬単,1-5,440,1,jra
202602010901,2026-07-11,1,函館,三連複,1-5-10,480,2,jra
202602010901,2026-07-11,1,函館,三連単,1-5-10,1650,4,jra
202602010902,2026-07-11,2,函館,単勝,7,600,4,jra
202602010902,2026-07-11,2,函館,複勝,7,160,1,jra
202602010902,2026-07-11,2,函館,複勝,3,220,4,jra
202602010902,2026-07-11,2,函館,複勝,4,310,6,jra
202602010902,2026-07-11,2,函館,枠連,3-5,780,3,jra
202602010902,2026-07-11,2,函館,馬連,3-7,1810,6,jra
202602010902,2026-07-11,2,函館,ワイド,3-7,670,4,jra
202602010902,2026-07-11,2,函館,ワイド,4-7,1200,15,jra
202602010902,2026-07-11,2,函館,ワイド,3-4,1000,13,jra
202602010902,2026-07-11,2,函館,馬単,7-3,4190,14,jra
202602010902,2026-07-11,2,函館,三連複,3-4-7,5890,20,jra
202602010902,2026-07-11,2,函館,三連単,7-3-4,39650,149,jra
202602010903,2026-07-11,3,函館,単勝,6,290,1,jra
202602010903,2026-07-11,3,函館,複勝,6,150,1,jra
202602010903,2026-07-11,3,函館,複勝,5,440,8,jra
202602010903,2026-07-11,3,函館,複勝,4,860,11,jra
202602010903,2026-07-11,3,函館,枠連,3-3,2730,13,jra
202602010903,2026-07-11,3,函館,馬連,5-6,2630,9,jra
202602010903,2026-07-11,3,函館,ワイド,5-6,810,7,jra
202602010903,2026-07-11,3,函館,ワイド,4-6,1830,20,jra
202602010903,2026-07-11,3,函館,ワイド,4-5,7710,62,jra
202602010903,2026-07-11,3,函館,馬単,6-5,3910,13,jra
202602010903,2026-07-11,3,函館,三連複,4-5-6,20530,65,jra
202602010903,2026-07-11,3,函館,三連単,6-5-4,73420,228,jra
202602010904,2026-07-11,4,函館,単勝,14,350,1,jra
202602010904,2026-07-11,4,函館,複勝,14,140,1,jra
202602010904,2026-07-11,4,函館,複勝,4,210,4,jra
202602010904,2026-07-11,4,函館,複勝,2,190,3,jra
202602010904,2026-07-11,4,函館,枠連,3-8,850,3,jra
202602010904,2026-07-11,4,函館,馬連,4-14,1400,3,jra
202602010904,2026-07-11,4,函館,ワイド,4-14,540,3,jra
202602010904,2026-07-11,4,函館,ワイド,2-14,620,4,jra
202602010904,2026-07-11,4,函館,ワイド,2-4,760,7,jra
202602010904,2026-07-11,4,函館,馬単,14-4,2450,4,jra
202602010904,2026-07-11,4,函館,三連複,2-4-14,3450,6,jra
202602010904,2026-07-11,4,函館,三連単,14-4-2,14450,21,jra
202602010905,2026-07-11,5,函館,単勝,8,130,1,jra
202602010905,2026-07-11,5,函館,複勝,8,110,1,jra
202602010905,2026-07-11,5,函館,複勝,11,130,2,jra
202602010905,2026-07-11,5,函館,複勝,6,410,9,jra
202602010905,2026-07-11,5,函館,枠連,7-8,240,1,jra
202602010905,2026-07-11,5,函館,馬連,8-11,290,1,jra
202602010905,2026-07-11,5,函館,ワイド,8-11,170,1,jra
202602010905,2026-07-11,5,函館,ワイド,6-8,780,10,jra
202602010905,2026-07-11,5,函館,ワイド,6-11,1440,17,jra
202602010905,2026-07-11,5,函館,馬単,8-11,370,1,jra
202602010905,2026-07-11,5,函館,三連複,6-8-11,2830,8,jra
202602010905,2026-07-11,5,函館,三連単,8-11-6,4780,10,jra
202602010906,2026-07-11,6,函館,単勝,9,200,1,jra
202602010906,2026-07-11,6,函館,複勝,9,110,1,jra
202602010906,2026-07-11,6,函館,複勝,4,170,3,jra
202602010906,2026-07-11,6,函館,複勝,3,190,4,jra
202602010906,2026-07-11,6,函館,枠連,4-7,590,2,jra
202602010906,2026-07-11,6,函館,馬連,4-9,690,2,jra
202602010906,2026-07-11,6,函館,ワイド,4-9,330,2,jra
202602010906,2026-07-11,6,函館,ワイド,3-9,400,4,jra
202602010906,2026-07-11,6,函館,ワイド,3-4,490,8,jra
202602010906,2026-07-11,6,函館,馬単,9-4,1110,3,jra
202602010906,2026-07-11,6,函館,三連複,3-4-9,1170,4,jra
202602010906,2026-07-11,6,函館,三連単,9-4-3,4030,7,jra
202602010907,2026-07-11,7,函館,単勝,4,580,3,jra
202602010907,2026-07-11,7,函館,複勝,4,190,2,jra
202602010907,2026-07-11,7,函館,複勝,6,200,4,jra
202602010907,2026-07-11,7,函館,複勝,1,460,7,jra
202602010907,2026-07-11,7,函館,枠連,3-4,660,3,jra
202602010907,2026-07-11,7,函館,馬連,4-6,1820,8,jra
202602010907,2026-07-11,7,函館,ワイド,4-6,440,3,jra
202602010907,2026-07-11,7,函館,ワイド,1-4,1260,16,jra
202602010907,2026-07-11,7,函館,ワイド,1-6,1560,20,jra
202602010907,2026-07-11,7,函館,馬単,4-6,3550,14,jra
202602010907,2026-07-11,7,函館,三連複,1-4-6,7220,25,jra
202602010907,2026-07-11,7,函館,三連単,4-6-1,31600,102,jra
202602010908,2026-07-11,8,函館,単勝,8,1000,5,jra
202602010908,2026-07-11,8,函館,複勝,8,190,4,jra
202602010908,2026-07-11,8,函館,複勝,1,180,3,jra
202602010908,2026-07-11,8,函館,複勝,4,150,1,jra
202602010908,2026-07-11,8,函館,枠連,1-6,1850,10,jra
202602010908,2026-07-11,8,函館,馬連,1-8,1640,7,jra
202602010908,2026-07-11,8,函館,ワイド,1-8,560,7,jra
202602010908,2026-07-11,8,函館,ワイド,4-8,550,6,jra
202602010908,2026-07-11,8,函館,ワイド,1-4,470,4,jra
202602010908,2026-07-11,8,函館,馬単,8-1,3860,17,jra
202602010908,2026-07-11,8,函館,三連複,1-4-8,2760,8,jra
202602010908,2026-07-11,8,函館,三連単,8-1-4,17390,56,jra
202602010909,2026-07-11,9,函館,単勝,4,1870,8,jra
202602010909,2026-07-11,9,函館,複勝,4,490,7,jra
202602010909,2026-07-11,9,函館,複勝,8,320,5,jra
202602010909,2026-07-11,9,函館,複勝,9,410,6,jra
202602010909,2026-07-11,9,函館,枠連,4-7,4730,12,jra
202602010909,2026-07-11,9,函館,馬連,4-8,5980,21,jra
202602010909,2026-07-11,9,函館,ワイド,4-8,1360,18,jra
202602010909,2026-07-11,9,函館,ワイド,4-9,2270,24,jra
202602010909,2026-07-11,9,函館,ワイド,8-9,1430,19,jra
202602010909,2026-07-11,9,函館,馬単,4-8,16690,45,jra
202602010909,2026-07-11,9,函館,三連複,4-8-9,19720,50,jra
202602010909,2026-07-11,9,函館,三連単,4-8-9,164230,324,jra
202602010910,2026-07-11,10,函館,単勝,7,320,2,jra
202602010910,2026-07-11,10,函館,複勝,7,190,2,jra
202602010910,2026-07-11,10,函館,複勝,2,150,1,jra
202602010910,2026-07-11,10,函館,複勝,6,620,10,jra
202602010910,2026-07-11,10,函館,枠連,2-5,540,1,jra
202602010910,2026-07-11,10,函館,馬連,2-7,580,1,jra
202602010910,2026-07-11,10,函館,ワイド,2-7,390,3,jra
202602010910,2026-07-11,10,函館,ワイド,6-7,2100,27,jra
202602010910,2026-07-11,10,函館,ワイド,2-6,1390,17,jra
202602010910,2026-07-11,10,函館,馬単,7-2,890,1,jra
202602010910,2026-07-11,10,函館,三連複,2-6-7,5560,16,jra
202602010910,2026-07-11,10,函館,三連単,7-2-6,15870,37,jra
202602010911,2026-07-11,11,函館,単勝,1,450,2,jra
202602010911,2026-07-11,11,函館,複勝,1,190,3,jra
202602010911,2026-07-11,11,函館,複勝,3,190,4,jra
202602010911,2026-07-11,11,函館,複勝,2,690,8,jra
202602010911,2026-07-11,11,函館,枠連,1-3,1150,5,jra
202602010911,2026-07-11,11,函館,馬連,1-3,1110,5,jra
202602010911,2026-07-11,11,函館,ワイド,1-3,500,4,jra
202602010911,2026-07-11,11,函館,ワイド,1-2,1860,20,jra
202602010911,2026-07-11,11,函館,ワイド,2-3,2520,25,jra
202602010911,2026-07-11,11,函館,馬単,1-3,2200,8,jra
202602010911,2026-07-11,11,函館,三連複,1-2-3,8740,29,jra
202602010911,2026-07-11,11,函館,三連単,1-3-2,32140,110,jra
202602010912,2026-07-11,12,函館,単勝,1,150,1,jra
202602010912,2026-07-11,12,函館,複勝,1,110,1,jra
202602010912,2026-07-11,12,函館,複勝,4,140,2,jra
202602010912,2026-07-11,12,函館,複勝,8,370,7,jra
202602010912,2026-07-11,12,函館,馬連,1-4,360,1,jra
202602010912,2026-07-11,12,函館,ワイド,1-4,190,1,jra
202602010912,2026-07-11,12,函館,ワイド,1-8,830,11,jra
202602010912,2026-07-11,12,函館,ワイド,4-8,930,14,jra
202602010912,2026-07-11,12,函館,馬単,1-4,480,1,jra
202602010912,2026-07-11,12,函館,三連複,1-4-8,2200,9,jra
202602010912,2026-07-11,12,函館,三連単,1-4-8,7470,23,jra
202603020501,2026-07-11,1,福島,単勝,6,740,3,jra
202603020501,2026-07-11,1,福島,複勝,6,190,3,jra
202603020501,2026-07-11,1,福島,複勝,3,120,2,jra
202603020501,2026-07-11,1,福島,複勝,11,920,10,jra
202603020501,2026-07-11,1,福島,枠連,3-6,240,1,jra
202603020501,2026-07-11,1,福島,馬連,3-6,760,2,jra
202603020501,2026-07-11,1,福島,ワイド,3-6,360,2,jra
202603020501,2026-07-11,1,福島,ワイド,6-11,4120,39,jra
202603020501,2026-07-11,1,福島,ワイド,3-11,1460,17,jra
202603020501,2026-07-11,1,福島,馬単,6-3,1830,4,jra
202603020501,2026-07-11,1,福島,三連複,3-6-11,9390,31,jra
202603020501,2026-07-11,1,福島,三連単,6-3-11,50830,157,jra
202603020502,2026-07-11,2,福島,単勝,6,280,1,jra
202603020502,2026-07-11,2,福島,複勝,6,120,1,jra
202603020502,2026-07-11,2,福島,複勝,2,180,3,jra
202603020502,2026-07-11,2,福島,複勝,5,140,2,jra
202603020502,2026-07-11,2,福島,枠連,2-4,530,2,jra
202603020502,2026-07-11,2,福島,馬連,2-6,1160,4,jra
202603020502,2026-07-11,2,福島,ワイド,2-6,440,4,jra
202603020502,2026-07-11,2,福島,ワイド,5-6,220,1,jra
202603020502,2026-07-11,2,福島,ワイド,2-5,440,5,jra
202603020502,2026-07-11,2,福島,馬単,6-2,1570,3,jra
202603020502,2026-07-11,2,福島,三連複,2-5-6,1160,2,jra
202603020502,2026-07-11,2,福島,三連単,6-2-5,5310,7,jra
202603020503,2026-07-11,3,福島,単勝,1,260,1,jra
202603020503,2026-07-11,3,福島,複勝,1,140,1,jra
202603020503,2026-07-11,3,福島,複勝,9,160,3,jra
202603020503,2026-07-11,3,福島,複勝,4,170,4,jra
202603020503,2026-07-11,3,福島,枠連,1-6,830,2,jra
202603020503,2026-07-11,3,福島,馬連,1-9,880,3,jra
202603020503,2026-07-11,3,福島,ワイド,1-9,370,2,jra
202603020503,2026-07-11,3,福島,ワイド,1-4,360,3,jra
202603020503,2026-07-11,3,福島,ワイド,4-9,590,6,jra
202603020503,2026-07-11,3,福島,馬単,1-9,1470,2,jra
202603020503,2026-07-11,3,福島,三連複,1-4-9,1480,2,jra
202603020503,2026-07-11,3,福島,三連単,1-9-4,5410,3,jra
202603020504,2026-07-11,4,福島,単勝,13,510,3,jra
202603020504,2026-07-11,4,福島,複勝,13,150,3,jra
202603020504,2026-07-11,4,福島,複勝,5,140,2,jra
202603020504,2026-07-11,4,福島,複勝,4,140,1,jra
202603020504,2026-07-11,4,福島,枠連,3-7,420,1,jra
202603020504,2026-07-11,4,福島,馬連,5-13,940,3,jra
202603020504,2026-07-11,4,福島,ワイド,5-13,300,2,jra
202603020504,2026-07-11,4,福島,ワイド,4-13,310,3,jra
202603020504,2026-07-11,4,福島,ワイド,4-5,220,1,jra
202603020504,2026-07-11,4,福島,馬単,13-5,1870,7,jra
202603020504,2026-07-11,4,福島,三連複,4-5-13,800,1,jra
202603020504,2026-07-11,4,福島,三連単,13-5-4,5800,7,jra
202603020505,2026-07-11,5,福島,単勝,1,150,1,jra
202603020505,2026-07-11,5,福島,複勝,1,110,1,jra
202603020505,2026-07-11,5,福島,複勝,10,150,2,jra
202603020505,2026-07-11,5,福島,複勝,4,230,7,jra
202603020505,2026-07-11,5,福島,枠連,1-8,350,1,jra
202603020505,2026-07-11,5,福島,馬連,1-10,410,1,jra
202603020505,2026-07-11,5,福島,ワイド,1-10,210,1,jra
202603020505,2026-07-11,5,福島,ワイド,1-4,420,5,jra
202603020505,2026-07-11,5,福島,ワイド,4-10,1020,13,jra
202603020505,2026-07-11,5,福島,馬単,1-10,450,1,jra
202603020505,2026-07-11,5,福島,三連複,1-4-10,1600,4,jra
202603020505,2026-07-11,5,福島,三連単,1-10-4,3440,5,jra
202603020506,2026-07-11,6,福島,単勝,9,1200,4,jra
202603020506,2026-07-11,6,福島,複勝,9,430,7,jra
202603020506,2026-07-11,6,福島,複勝,6,370,5,jra
202603020506,2026-07-11,6,福島,複勝,1,370,6,jra
202603020506,2026-07-11,6,福島,枠連,3-5,3630,15,jra
202603020506,2026-07-11,6,福島,馬連,6-9,7480,21,jra
202603020506,2026-07-11,6,福島,ワイド,6-9,1870,17,jra
202603020506,2026-07-11,6,福島,ワイド,1-9,2020,19,jra
202603020506,2026-07-11,6,福島,ワイド,1-6,2370,22,jra
202603020506,2026-07-11,6,福島,馬単,9-6,13960,40,jra
202603020506,2026-07-11,6,福島,三連複,1-6-9,24850,60,jra
202603020506,2026-07-11,6,福島,三連単,9-6-1,148070,334,jra
202603020507,2026-07-11,7,福島,単勝,6,220,1,jra
202603020507,2026-07-11,7,福島,複勝,6,120,1,jra
202603020507,2026-07-11,7,福島,複勝,9,310,6,jra
202603020507,2026-07-11,7,福島,複勝,4,140,2,jra
202603020507,2026-07-11,7,福島,枠連,6-7,2830,10,jra
202603020507,2026-07-11,7,福島,馬連,6-9,2690,8,jra
202603020507,2026-07-11,7,福島,ワイド,6-9,580,8,jra
202603020507,2026-07-11,7,福島,ワイド,4-6,210,2,jra
202603020507,2026-07-11,7,福島,ワイド,4-9,1050,12,jra
202603020507,2026-07-11,7,福島,馬単,6-9,3390,14,jra
202603020507,2026-07-11,7,福島,三連複,4-6-9,2360,7,jra
202603020507,2026-07-11,7,福島,三連単,6-9-4,12570,43,jra
202603020508,2026-07-11,8,福島,単勝,12,320,1,jra
202603020508,2026-07-11,8,福島,複勝,12,190,2,jra
202603020508,2026-07-11,8,福島,複勝,9,190,3,jra
202603020508,2026-07-11,8,福島,複勝,1,250,5,jra
202603020508,2026-07-11,8,福島,枠連,5-6,800,3,jra
202603020508,2026-07-11,8,福島,馬連,9-12,960,3,jra
202603020508,2026-07-11,8,福島,ワイド,9-12,440,3,jra
202603020508,2026-07-11,8,福島,ワイド,1-12,620,7,jra
202603020508,2026-07-11,8,福島,ワイド,1-9,790,11,jra
202603020508,2026-07-11,8,福島,馬単,12-9,1540,3,jra
202603020508,2026-07-11,8,福島,三連複,1-9-12,2900,8,jra
202603020508,2026-07-11,8,福島,三連単,12-9-1,10050,15,jra
202603020509,2026-07-11,9,福島,単勝,13,600,4,jra
202603020509,2026-07-11,9,福島,複勝,13,190,3,jra
202603020509,2026-07-11,9,福島,複勝,5,200,4,jra
202603020509,2026-07-11,9,福島,複勝,3,460,6,jra
202603020509,2026-07-11,9,福島,枠連,3-7,1840,9,jra
202603020509,2026-07-11,9,福島,馬連,5-13,1500,6,jra
202603020509,2026-07-11,9,福島,ワイド,5-13,640,7,jra
202603020509,2026-07-11,9,福島,ワイド,3-13,1820,16,jra
202603020509,2026-07-11,9,福島,ワイド,3-5,1880,21,jra
202603020509,2026-07-11,9,福島,馬単,13-5,4230,19,jra
202603020509,2026-07-11,9,福島,三連複,3-5-13,10420,33,jra
202603020509,2026-07-11,9,福島,三連単,13-5-3,54670,161,jra
202603020510,2026-07-11,10,福島,単勝,8,200,1,jra
202603020510,2026-07-11,10,福島,複勝,8,110,1,jra
202603020510,2026-07-11,10,福島,複勝,9,230,5,jra
202603020510,2026-07-11,10,福島,複勝,5,260,6,jra
202603020510,2026-07-11,10,福島,枠連,8-8,980,5,jra
202603020510,2026-07-11,10,福島,馬連,8-9,1250,5,jra
202603020510,2026-07-11,10,福島,ワイド,8-9,410,4,jra
202603020510,2026-07-11,10,福島,ワイド,5-8,490,6,jra
202603020510,2026-07-11,10,福島,ワイド,5-9,1220,15,jra
202603020510,2026-07-11,10,福島,馬単,8-9,1610,6,jra
202603020510,2026-07-11,10,福島,三連複,5-8-9,3850,16,jra
202603020510,2026-07-11,10,福島,三連単,8-9-5,11620,34,jra
202603020511,2026-07-11,11,福島,単勝,5,590,5,jra
202603020511,2026-07-11,11,福島,複勝,5,210,5,jra
202603020511,2026-07-11,11,福島,複勝,7,740,9,jra
202603020511,2026-07-11,11,福島,複勝,9,200,3,jra
202603020511,2026-07-11,11,福島,枠連,5-7,11010,26,jra
202603020511,2026-07-11,11,福島,馬連,5-7,10050,30,jra
202603020511,2026-07-11,11,福島,ワイド,5-7,2580,31,jra
202603020511,2026-07-11,11,福島,ワイド,5-9,660,10,jra
202603020511,2026-07-11,11,福島,ワイド,7-9,2140,25,jra
202603020511,2026-07-11,11,福島,馬単,5-7,13940,48,jra
202603020511,2026-07-11,11,福島,三連複,5-7-9,15050,56,jra
202603020511,2026-07-11,11,福島,三連単,5-7-9,128500,353,jra
202603020512,2026-07-11,12,福島,単勝,6,1050,5,jra
202603020512,2026-07-11,12,福島,複勝,6,280,6,jra
202603020512,2026-07-11,12,福島,複勝,13,220,3,jra
202603020512,2026-07-11,12,福島,複勝,15,170,1,jra
202603020512,2026-07-11,12,福島,枠連,4-7,980,6,jra
202603020512,2026-07-11,12,福島,馬連,6-13,2470,10,jra
202603020512,2026-07-11,12,福島,ワイド,6-13,910,9,jra
202603020512,2026-07-11,12,福島,ワイド,6-15,790,8,jra
202603020512,2026-07-11,12,福島,ワイド,13-15,530,2,jra
202603020512,2026-07-11,12,福島,馬単,6-13,5640,21,jra
202603020512,2026-07-11,12,福島,三連複,6-13-15,4080,5,jra
202603020512,2026-07-11,12,福島,三連単,6-13-15,42040,126,jra
202610020501,2026-07-11,1,小倉,単勝,10,180,1,jra
202610020501,2026-07-11,1,小倉,複勝,10,110,1,jra
202610020501,2026-07-11,1,小倉,複勝,12,250,4,jra
202610020501,2026-07-11,1,小倉,複勝,2,410,8,jra
202610020501,2026-07-11,1,小倉,枠連,7-8,560,2,jra
202610020501,2026-07-11,1,小倉,馬連,10-12,1090,2,jra
202610020501,2026-07-11,1,小倉,ワイド,10-12,480,2,jra
202610020501,2026-07-11,1,小倉,ワイド,2-10,610,6,jra
202610020501,2026-07-11,1,小倉,ワイド,2-12,2540,29,jra
202610020501,2026-07-11,1,小倉,馬単,10-12,1520,3,jra
202610020501,2026-07-11,1,小倉,三連複,2-10-12,4160,9,jra
202610020501,2026-07-11,1,小倉,三連単,10-12-2,9170,29,jra
202610020502,2026-07-11,2,小倉,単勝,8,440,1,jra
202610020502,2026-07-11,2,小倉,複勝,8,130,1,jra
202610020502,2026-07-11,2,小倉,複勝,9,250,6,jra
202610020502,2026-07-11,2,小倉,複勝,6,170,2,jra
202610020502,2026-07-11,2,小倉,枠連,4-5,1450,6,jra
202610020502,2026-07-11,2,小倉,馬連,8-9,1790,5,jra
202610020502,2026-07-11,2,小倉,ワイド,8-9,740,9,jra
202610020502,2026-07-11,2,小倉,ワイド,6-8,430,2,jra
202610020502,2026-07-11,2,小倉,ワイド,6-9,710,8,jra
202610020502,2026-07-11,2,小倉,馬単,8-9,3530,11,jra
202610020502,2026-07-11,2,小倉,三連複,6-8-9,2960,5,jra
202610020502,2026-07-11,2,小倉,三連単,8-9-6,18010,38,jra
202610020503,2026-07-11,3,小倉,単勝,10,1100,6,jra
202610020503,2026-07-11,3,小倉,複勝,10,370,7,jra
202610020503,2026-07-11,3,小倉,複勝,14,320,4,jra
202610020503,2026-07-11,3,小倉,複勝,7,280,3,jra
202610020503,2026-07-11,3,小倉,枠連,5-7,1120,4,jra
202610020503,2026-07-11,3,小倉,馬連,10-14,7310,30,jra
202610020503,2026-07-11,3,小倉,ワイド,10-14,2530,33,jra
202610020503,2026-07-11,3,小倉,ワイド,7-10,1810,25,jra
202610020503,2026-07-11,3,小倉,ワイド,7-14,1580,20,jra
202610020503,2026-07-11,3,小倉,馬単,10-14,13770,56,jra
202610020503,2026-07-11,3,小倉,三連複,7-10-14,18690,68,jra
202610020503,2026-07-11,3,小倉,三連単,10-14-7,111830,406,jra
202610020504,2026-07-11,4,小倉,単勝,1,560,3,jra
202610020504,2026-07-11,4,小倉,複勝,1,190,3,jra
202610020504,2026-07-11,4,小倉,複勝,3,390,6,jra
202610020504,2026-07-11,4,小倉,複勝,2,110,1,jra
202610020504,2026-07-11,4,小倉,枠連,1-2,1290,5,jra
202610020504,2026-07-11,4,小倉,馬連,1-3,8110,23,jra
202610020504,2026-07-11,4,小倉,ワイド,1-3,2400,25,jra
202610020504,2026-07-11,4,小倉,ワイド,1-2,340,2,jra
202610020504,2026-07-11,4,小倉,ワイド,2-3,780,8,jra
202610020504,2026-07-11,4,小倉,馬単,1-3,16090,41,jra
202610020504,2026-07-11,4,小倉,三連複,1-2-3,3180,9,jra
202610020504,2026-07-11,4,小倉,三連単,1-3-2,31490,91,jra
202610020505,2026-07-11,5,小倉,単勝,1,200,1,jra
202610020505,2026-07-11,5,小倉,複勝,1,140,1,jra
202610020505,2026-07-11,5,小倉,複勝,5,760,10,jra
202610020505,2026-07-11,5,小倉,複勝,9,1020,11,jra
202610020505,2026-07-11,5,小倉,枠連,1-5,1830,8,jra
202610020505,2026-07-11,5,小倉,馬連,1-5,3780,13,jra
202610020505,2026-07-11,5,小倉,ワイド,1-5,1540,17,jra
202610020505,2026-07-11,5,小倉,ワイド,1-9,2160,20,jra
202610020505,2026-07-11,5,小倉,ワイド,5-9,8940,62,jra
202610020505,2026-07-11,5,小倉,馬単,1-5,6220,19,jra
202610020505,2026-07-11,5,小倉,三連複,1-5-9,26340,79,jra
202610020505,2026-07-11,5,小倉,三連単,1-5-9,90160,245,jra
202610020506,2026-07-11,6,小倉,単勝,16,470,2,jra
202610020506,2026-07-11,6,小倉,複勝,16,130,2,jra
202610020506,2026-07-11,6,小倉,複勝,17,110,1,jra
202610020506,2026-07-11,6,小倉,複勝,1,150,3,jra
202610020506,2026-07-11,6,小倉,複勝,7,180,4,jra
202610020506,2026-07-11,6,小倉,枠連,8-8,380,1,jra
202610020506,2026-07-11,6,小倉,馬連,16-17,630,1,jra
202610020506,2026-07-11,6,小倉,ワイド,16-17,190,1,jra
202610020506,2026-07-11,6,小倉,ワイド,1-16,530,9,jra
202610020506,2026-07-11,6,小倉,ワイド,7-16,710,13,jra
202610020506,2026-07-11,6,小倉,ワイド,1-17,230,2,jra
202610020506,2026-07-11,6,小倉,ワイド,7-17,280,3,jra
202610020506,2026-07-11,6,小倉,馬単,16-17,1340,3,jra
202610020506,2026-07-11,6,小倉,三連複,1-16-17,900,1,jra
202610020506,2026-07-11,6,小倉,三連単,16-17-1,4370,11,jra
202610020507,2026-07-11,7,小倉,単勝,6,400,2,jra
202610020507,2026-07-11,7,小倉,複勝,6,190,2,jra
202610020507,2026-07-11,7,小倉,複勝,5,240,5,jra
202610020507,2026-07-11,7,小倉,複勝,1,770,8,jra
202610020507,2026-07-11,7,小倉,枠連,5-5,1790,7,jra
202610020507,2026-07-11,7,小倉,馬連,5-6,1690,7,jra
202610020507,2026-07-11,7,小倉,ワイド,5-6,620,7,jra
202610020507,2026-07-11,7,小倉,ワイド,1-6,1890,21,jra
202610020507,2026-07-11,7,小倉,ワイド,1-5,2960,26,jra
202610020507,2026-07-11,7,小倉,馬単,6-5,2850,12,jra
202610020507,2026-07-11,7,小倉,三連複,1-5-6,14590,41,jra
202610020507,2026-07-11,7,小倉,三連単,6-5-1,44650,136,jra
202610020508,2026-07-11,8,小倉,単勝,10,790,6,jra
202610020508,2026-07-11,8,小倉,複勝,10,320,6,jra
202610020508,2026-07-11,8,小倉,複勝,8,200,3,jra
202610020508,2026-07-11,8,小倉,複勝,4,200,2,jra
202610020508,2026-07-11,8,小倉,枠連,7-8,880,4,jra
202610020508,2026-07-11,8,小倉,馬連,8-10,4390,17,jra
202610020508,2026-07-11,8,小倉,ワイド,8-10,1490,20,jra
202610020508,2026-07-11,8,小倉,ワイド,4-10,1740,23,jra
202610020508,2026-07-11,8,小倉,ワイド,4-8,530,5,jra
202610020508,2026-07-11,8,小倉,馬単,10-8,6110,28,jra
202610020508,2026-07-11,8,小倉,三連複,4-8-10,8730,36,jra
202610020508,2026-07-11,8,小倉,三連単,10-8-4,53050,203,jra
202610020509,2026-07-11,9,小倉,単勝,4,1810,6,jra
202610020509,2026-07-11,9,小倉,複勝,4,430,6,jra
202610020509,2026-07-11,9,小倉,複勝,3,180,3,jra
202610020509,2026-07-11,9,小倉,複勝,10,260,4,jra
202610020509,2026-07-11,9,小倉,枠連,3-4,3070,13,jra
202610020509,2026-07-11,9,小倉,馬連,3-4,2770,10,jra
202610020509,2026-07-11,9,小倉,ワイド,3-4,870,10,jra
202610020509,2026-07-11,9,小倉,ワイド,4-10,1500,20,jra
202610020509,2026-07-11,9,小倉,ワイド,3-10,480,5,jra
202610020509,2026-07-11,9,小倉,馬単,4-3,6530,25,jra
202610020509,2026-07-11,9,小倉,三連複,3-4-10,4730,20,jra
202610020509,2026-07-11,9,小倉,三連単,4-3-10,37670,127,jra
202610020510,2026-07-11,10,小倉,単勝,14,650,3,jra
202610020510,2026-07-11,10,小倉,複勝,14,250,3,jra
202610020510,2026-07-11,10,小倉,複勝,3,3710,18,jra
202610020510,2026-07-11,10,小倉,複勝,16,200,2,jra
202610020510,2026-07-11,10,小倉,枠連,2-7,7390,21,jra
202610020510,2026-07-11,10,小倉,馬連,3-14,69900,116,jra
202610020510,2026-07-11,10,小倉,ワイド,3-14,18260,120,jra
202610020510,2026-07-11,10,小倉,ワイド,14-16,580,2,jra
202610020510,2026-07-11,10,小倉,ワイド,3-16,14380,105,jra
202610020510,2026-07-11,10,小倉,馬単,14-3,99330,199,jra
202610020510,2026-07-11,10,小倉,三連複,3-14-16,67200,199,jra
202610020510,2026-07-11,10,小倉,三連単,14-3-16,715920,1,jra
202610020511,2026-07-11,11,小倉,単勝,5,570,3,jra
202610020511,2026-07-11,11,小倉,複勝,5,210,3,jra
202610020511,2026-07-11,11,小倉,複勝,1,370,7,jra
202610020511,2026-07-11,11,小倉,複勝,7,250,4,jra
202610020511,2026-07-11,11,小倉,枠連,1-5,3380,13,jra
202610020511,2026-07-11,11,小倉,馬連,1-5,2850,12,jra
202610020511,2026-07-11,11,小倉,ワイド,1-5,800,12,jra
202610020511,2026-07-11,11,小倉,ワイド,5-7,540,4,jra
202610020511,2026-07-11,11,小倉,ワイド,1-7,1050,14,jra
202610020511,2026-07-11,11,小倉,馬単,5-1,4800,19,jra
202610020511,2026-07-11,11,小倉,三連複,1-5-7,4360,12,jra
202610020511,2026-07-11,11,小倉,三連単,5-1-7,23590,79,jra
202610020512,2026-07-11,12,小倉,単勝,11,940,4,jra
202610020512,2026-07-11,12,小倉,複勝,11,350,5,jra
202610020512,2026-07-11,12,小倉,複勝,2,440,7,jra
202610020512,2026-07-11,12,小倉,複勝,16,370,6,jra
202610020512,2026-07-11,12,小倉,枠連,1-6,3030,13,jra
202610020512,2026-07-11,12,小倉,馬連,2-11,5920,22,jra
202610020512,2026-07-11,12,小倉,ワイド,2-11,2030,25,jra
202610020512,2026-07-11,12,小倉,ワイド,11-16,1470,19,jra
202610020512,2026-07-11,12,小倉,ワイド,2-16,1920,24,jra
202610020512,2026-07-11,12,小倉,馬単,11-2,11090,43,jra
202610020512,2026-07-11,12,小倉,三連複,2-11-16,16990,58,jra
202610020512,2026-07-11,12,小倉,三連単,11-2-16,92030,304,jra
