race_id,date,レース,開催地,馬名,馬番,着順,人気,確定オッズ,source
202602011001,2026-07-12,1,函館,ビタミンドロップ,4,1,2,4.3,jra
202602011001,2026-07-12,1,函館,スイーヴル,6,2,1,2.0,jra
202602011001,2026-07-12,1,函館,サンライズロイ,12,3,4,9.3,jra
202602011001,2026-07-12,1,函館,マーゴットオネイロ,7,4,3,5.2,jra
202602011001,2026-07-12,1,函館,ヒューザー,5,5,9,68.4,jra
202602011001,2026-07-12,1,函館,ニシノギャルズ,1,6,10,96.4,jra
202602011001,2026-07-12,1,函館,クリコイーコ,2,7,8,61.6,jra
202602011001,2026-07-12,1,函館,トリアングルレディ,3,8,12,206.6,jra
202602011001,2026-07-12,1,函館,ホワイトラバーズ,9,9,7,47.6,jra
202602011001,2026-07-12,1,函館,アジーザム,8,10,11,179.4,jra
202602011001,2026-07-12,1,函館,ホウオウワイズ,11,11,6,13.6,jra
202602011001,2026-07-12,1,函館,スプリングドリーム,10,12,5,10.9,jra
202602011002,2026-07-12,2,函館,ベネディクション,7,1,2,3.9,jra
202602011002,2026-07-12,2,函館,サウンドファミリエ,11,2,9,24.4,jra
202602011002,2026-07-12,2,函館,プリュイドール,6,3,7,17.7,jra
202602011002,2026-07-12,2,函館,スリールーディカ,4,4,8,21.0,jra
202602011002,2026-07-12,2,函館,エアヴァイブス,9,5,1,2.9,jra
202602011002,2026-07-12,2,函館,アルケミラモリス,8,6,4,7.0,jra
202602011002,2026-07-12,2,函館,フィエスタ,1,7,6,16.7,jra
202602011002,2026-07-12,2,函館,ダンツアラーム,3,8,5,10.6,jra
202602011002,2026-07-12,2,函館,ヴィンテール,13,9,12,155.0,jra
202602011002,2026-07-12,2,函館,ワンダージェム,12,10,10,72.2,jra
202602011002,2026-07-12,2,函館,ビアーレ,5,11,13,161.3,jra
202602011002,2026-07-12,2,函館,ボーントゥラブユー,2,12,3,5.2,jra
202602011002,2026-07-12,2,函館,アーミル,10,13,11,115.3,jra
202602011003,2026-07-12,3,函館,ビンバラ,12,1,1,1.5,jra
202602011003,2026-07-12,3,函館,ハイテイラオユエ,8,2,5,13.2,jra
202602011003,2026-07-12,3,函館,セラサイト,5,3,9,28.6,jra
202602011003,2026-07-12,3,函館,エクラドット,9,4,6,20.9,jra
202602011003,2026-07-12,3,函館,サクセスゴールド,2,5,4,13.2,jra
202602011003,2026-07-12,3,函館,スリーケイ,14,6,8,27.3,jra
202602011003,2026-07-12,3,函館,コーリンクレア,3,7,3,11.0,jra
202602011003,2026-07-12,3,函館,ロスニーニョス,7,8,13,220.5,jra
202602011003,2026-07-12,3,函館,アドバンスジェンヌ,13,9,11,132.4,jra
202602011003,2026-07-12,3,函館,ジャストアダッシュ,4,10,7,23.0,jra
202602011003,2026-07-12,3,函館,ファントムグレース,1,11,14,238.8,jra
202602011003,2026-07-12,3,函館,ホウオウロレンシア,10,12,2,6.4,jra
202602011003,2026-07-12,3,函館,ゴーントゥファー,6,13,12,132.7,jra
202602011003,2026-07-12,3,函館,コサージュ,11,14,10,45.4,jra
202602011004,2026-07-12,4,函館,タケルフォーカス,4,1,2,4.9,jra
202602011004,2026-07-12,4,函館,ラッキーシグネチャ,3,2,6,14.4,jra
202602011004,2026-07-12,4,函館,ブリックアブラック,7,3,14,126.7,jra
202602011004,2026-07-12,4,函館,ダイナソーコー,2,4,10,41.3,jra
202602011004,2026-07-12,4,函館,ミカレオス,1,5,16,360.5,jra
202602011004,2026-07-12,4,函館,アグアフレスカ,11,6,7,26.6,jra
202602011004,2026-07-12,4,函館,ウインブリザード,5,7,8,31.4,jra
202602011004,2026-07-12,4,函館,デイズインザサン,12,8,12,93.2,jra
202602011004,2026-07-12,4,函館,ハルノアメ,15,9,3,6.2,jra
202602011004,2026-07-12,4,函館,レジーナレガリア,8,10,9,37.2,jra
202602011004,2026-07-12,4,函館,マジックファイヤー,6,11,5,9.5,jra
202602011004,2026-07-12,4,函館,テンバコウクウ,16,12,13,103.2,jra
202602011004,2026-07-12,4,函館,レフィノス,9,13,15,274.9,jra
202602011004,2026-07-12,4,函館,ヴィラジョヴィス,13,14,1,2.4,jra
202602011004,2026-07-12,4,函館,モヴシエラ,10,15,11,60.6,jra
202602011004,2026-07-12,4,函館,ダディーズソード,14,16,4,7.9,jra
202602011005,2026-07-12,5,函館,デアグランツ,4,1,4,7.2,jra
202602011005,2026-07-12,5,函館,イッペイ,5,2,1,3.2,jra
202602011005,2026-07-12,5,函館,アオイノリプー,6,3,9,80.8,jra
202602011005,2026-07-12,5,函館,ニーナラルゴ,8,4,7,17.7,jra
202602011005,2026-07-12,5,函館,トルネードサンダー,2,5,8,26.8,jra
202602011005,2026-07-12,5,函館,ブラッグス,10,6,3,4.5,jra
202602011005,2026-07-12,5,函館,ジオ,1,7,6,13.2,jra
202602011005,2026-07-12,5,函館,トムクリオーザ,9,8,5,8.2,jra
202602011005,2026-07-12,5,函館,アルデシンザン,7,9,2,3.6,jra
202602011005,2026-07-12,5,函館,リラカリス,3,10,10,152.0,jra
202602011006,2026-07-12,6,函館,ミルトメロディー,1,1,5,16.9,jra
202602011006,2026-07-12,6,函館,サトノフレイ,2,2,2,3.5,jra
202602011006,2026-07-12,6,函館,ミレニアルピンク,3,3,7,32.6,jra
202602011006,2026-07-12,6,函館,ルージュフィーリア,14,4,1,1.9,jra
202602011006,2026-07-12,6,函館,ビップジョワ,4,5,12,113.8,jra
202602011006,2026-07-12,6,函館,ソルトバーン,11,6,15,390.1,jra
202602011006,2026-07-12,6,函館,ドラリズム,5,7,4,10.1,jra
202602011006,2026-07-12,6,函館,ルーチェコメット,16,8,8,65.2,jra
202602011006,2026-07-12,6,函館,マティンデ,12,9,3,7.3,jra
202602011006,2026-07-12,6,函館,フォークスアップ,7,10,9,68.2,jra
202602011006,2026-07-12,6,函館,ネオシューマン,10,11,13,135.2,jra
202602011006,2026-07-12,6,函館,ワイドアルバ,9,12,14,290.7,jra
202602011006,2026-07-12,6,函館,フォルストランキル,8,13,6,20.1,jra
202602011006,2026-07-12,6,函館,ノーブルマドンナ,15,14,16,440.9,jra
202602011006,2026-07-12,6,函館,ハネマン,13,15,11,74.8,jra
202602011006,2026-07-12,6,函館,ハナイロマヒナ,6,16,10,72.6,jra
202602011007,2026-07-12,7,函館,ヒミノエトワール,9,1,1,2.9,jra
202602011007,2026-07-12,7,函館,デルマサクラサク,2,2,2,3.5,jra
202602011007,2026-07-12,7,函館,リピース,4,3,8,54.2,jra
202602011007,2026-07-12,7,函館,ウィンターガーデン,3,4,9,111.1,jra
202602011007,2026-07-12,7,函館,サウンドルーチェ,6,5,7,34.7,jra
202602011007,2026-07-12,7,函館,マリブサーフ,5,6,4,6.0,jra
202602011007,2026-07-12,7,函館,アリストクラシア,7,7,6,11.1,jra
202602011007,2026-07-12,7,函館,バシリス,1,8,5,8.6,jra
202602011007,2026-07-12,7,函館,コイタマチャン,8,9,3,4.9,jra
202602011008,2026-07-12,8,函館,シャローファースト,2,1,1,2.8,jra
202602011008,2026-07-12,8,函館,ダイシンレアレア,9,2,2,3.7,jra
202602011008,2026-07-12,8,函館,ミスターエメラルド,8,3,5,11.3,jra
202602011008,2026-07-12,8,函館,ステイアンビシャス,7,4,7,17.5,jra
202602011008,2026-07-12,8,函館,サトノリアン,11,5,6,15.3,jra
202602011008,2026-07-12,8,函館,シーリュウシー,5,6,4,11.1,jra
202602011008,2026-07-12,8,函館,ブレイクザアイス,1,7,8,20.0,jra
202602011008,2026-07-12,8,函館,カージオイド,6,8,11,47.9,jra
202602011008,2026-07-12,8,函館,シドニーホバート,3,9,9,28.1,jra
202602011008,2026-07-12,8,函館,ディースプレマシー,4,10,10,35.4,jra
202602011008,2026-07-12,8,函館,ハイドパーク,10,11,3,5.2,jra
202602011009,2026-07-12,9,函館,マイネルフーガ,1,1,4,10.3,jra
202602011009,2026-07-12,9,函館,テルヒコウ,5,2,2,3.7,jra
202602011009,2026-07-12,9,函館,ジャズ,2,3,5,10.5,jra
202602011009,2026-07-12,9,函館,サタデーサンライズ,8,4,3,5.7,jra
202602011009,2026-07-12,9,函館,フォルテフィオーレ,12,5,6,11.5,jra
202602011009,2026-07-12,9,函館,フナデ,13,6,11,77.8,jra
202602011009,2026-07-12,9,函館,エーデル,9,7,13,156.4,jra
202602011009,2026-07-12,9,函館,レイヤードレッド,11,8,12,97.8,jra
202602011009,2026-07-12,9,函館,バルティカ,3,9,8,19.5,jra
202602011009,2026-07-12,9,函館,エリム,7,10,14,193.5,jra
202602011009,2026-07-12,9,函館,ラブリーリディア,14,11,9,19.6,jra
202602011009,2026-07-12,9,函館,ウィルサヴァイブ,4,12,7,11.9,jra
202602011009,2026-07-12,9,函館,ロードマンハイム,6,13,10,41.6,jra
202602011009,2026-07-12,9,函館,コッツォリーノ,10,14,1,3.4,jra
202602011010,2026-07-12,10,函館,クロナ,6,1,6,9.8,jra
202602011010,2026-07-12,10,函館,ヒットミー,5,2,7,18.4,jra
202602011010,2026-07-12,10,函館,ビーマックス,8,3,8,25.9,jra
202602011010,2026-07-12,10,函館,デアプリームス,3,4,3,6.2,jra
202602011010,2026-07-12,10,函館,マメタンク,9,5,1,2.8,jra
202602011010,2026-07-12,10,函館,カネコメブライト,1,6,4,7.9,jra
202602011010,2026-07-12,10,函館,ルイステソーロ,11,7,5,8.3,jra
202602011010,2026-07-12,10,函館,ストロングボンド,12,8,12,231.6,jra
202602011010,2026-07-12,10,函館,ストリンジェンド,10,9,9,69.2,jra
202602011010,2026-07-12,10,函館,サベージラヴ,7,10,10,73.8,jra
202602011010,2026-07-12,10,函館,サンディブロンド,2,11,11,139.5,jra
202602011010,2026-07-12,10,函館,エコロレバン,4,12,2,3.8,jra
202602011011,2026-07-12,11,函館,ヴーレヴー,10,1,8,11.1,jra
202602011011,2026-07-12,11,函館,レディーヴァリュー,12,2,7,10.0,jra
202602011011,2026-07-12,11,函館,シルトホルン,4,3,1,4.6,jra
202602011011,2026-07-12,11,函館,エラトー,1,4,6,9.5,jra
202602011011,2026-07-12,11,函館,キョウエイブリッサ,5,5,3,5.9,jra
202602011011,2026-07-12,11,函館,リラボニート,14,6,9,13.8,jra
202602011011,2026-07-12,11,函館,タシット,3,7,10,24.4,jra
202602011011,2026-07-12,11,函館,パレハ,2,8,2,5.7,jra
202602011011,2026-07-12,11,函館,パトリックハンサム,11,9,12,84.9,jra
202602011011,2026-07-12,11,函館,レディネス,9,10,4,7.5,jra
202602011011,2026-07-12,11,函館,レディントン,6,11,11,48.5,jra
202602011011,2026-07-12,11,函館,エエヤン,7,12,14,157.1,jra
202602011011,2026-07-12,11,函館,ウインシュクラン,13,13,13,106.9,jra
202602011011,2026-07-12,11,函館,ストレイトトーカー,8,14,5,9.3,jra
202602011012,2026-07-12,12,函館,サンポーニャ,5,1,4,7.8,jra
202602011012,2026-07-12,12,函館,ココソラーレ,4,2,6,31.0,jra
202602011012,2026-07-12,12,函館,ダブルチャレンジ,2,3,3,6.3,jra
202602011012,2026-07-12,12,函館,ナンナンプー,1,4,7,35.1,jra
202602011012,2026-07-12,12,函館,ペイシャアーサー,8,5,5,16.4,jra
202602011012,2026-07-12,12,函館,ハッピーラッキー,7,6,1,1.8,jra
202602011012,2026-07-12,12,函館,シャルトル,3,7,2,3.5,jra
202602011012,2026-07-12,12,函館,マインセーラ,6,8,8,145.1,jra
202603020601,2026-07-12,1,福島,トーアマリシテン,3,1,2,3.3,jra
202603020601,2026-07-12,1,福島,ノブダブルホワイト,13,2,10,53.7,jra
202603020601,2026-07-12,1,福島,モスクロッサー,6,3,1,2.9,jra
202603020601,2026-07-12,1,福島,サラフィエル,10,4,6,14.8,jra
202603020601,2026-07-12,1,福島,トモジャシャトー,12,5,12,155.4,jra
202603020601,2026-07-12,1,福島,エポカスピーガ,11,6,3,7.0,jra
202603020601,2026-07-12,1,福島,アウルムレガリア,4,7,13,207.3,jra
202603020601,2026-07-12,1,福島,ジャスパーグレイト,1,8,9,29.7,jra
202603020601,2026-07-12,1,福島,ゲレル,14,9,4,7.2,jra
202603020601,2026-07-12,1,福島,スノーリン,7,10,14,214.1,jra
202603020601,2026-07-12,1,福島,ブライテストドーン,8,11,7,17.5,jra
202603020601,2026-07-12,1,福島,クラウンウルル,9,12,11,143.6,jra
202603020601,2026-07-12,1,福島,フェイトライン,5,13,5,12.2,jra
202603020601,2026-07-12,1,福島,シグムンド,2,14,8,18.5,jra
202603020602,2026-07-12,2,福島,ヒロイックヴァース,2,1,3,5.4,jra
202603020602,2026-07-12,2,福島,クリムゾンリーフ,15,2,1,1.7,jra
202603020602,2026-07-12,2,福島,フィーユレアル,1,3,7,39.9,jra
202603020602,2026-07-12,2,福島,ゴットタレント,3,4,5,18.1,jra
202603020602,2026-07-12,2,福島,サングラント,14,5,2,5.2,jra
202603020602,2026-07-12,2,福島,アーティキュレート,6,6,4,9.7,jra
202603020602,2026-07-12,2,福島,トランセンコ,4,7,11,97.3,jra
202603020602,2026-07-12,2,福島,ペイシャオーヴァル,10,8,15,236.7,jra
202603020602,2026-07-12,2,福島,レアリゼソンレーヴ,13,9,6,18.2,jra
202603020602,2026-07-12,2,福島,レヴェンドール,8,10,13,155.8,jra
202603020602,2026-07-12,2,福島,ディメンシア,9,11,14,178.7,jra
202603020602,2026-07-12,2,福島,グラスフェザー,5,12,12,108.3,jra
202603020602,2026-07-12,2,福島,ジュンヴィヴァン,12,13,10,92.8,jra
202603020602,2026-07-12,2,福島,ニシノトマラナイ,7,14,8,40.9,jra
202603020602,2026-07-12,2,福島,ルストラーレ,11,15,9,77.8,jra
202603020603,2026-07-12,3,福島,ヴァルカンテソーロ,9,1,1,1.5,jra
202603020603,2026-07-12,3,福島,ブライスフェアリー,13,2,7,19.5,jra
202603020603,2026-07-12,3,福島,ミナヅキ,6,3,2,6.1,jra
202603020603,2026-07-12,3,福島,オーブレーヌ,7,4,8,29.9,jra
202603020603,2026-07-12,3,福島,チャンピオンホープ,15,5,3,10.6,jra
202603020603,2026-07-12,3,福島,エコロゼット,2,6,5,15.8,jra
202603020603,2026-07-12,3,福島,ギリーカラム,11,7,6,19.1,jra
202603020603,2026-07-12,3,福島,ソアサージュ,8,8,16,300.9,jra
202603020603,2026-07-12,3,福島,ウインベルチェーロ,3,9,10,72.1,jra
202603020603,2026-07-12,3,福島,ヴォンサクレ,16,10,9,48.1,jra
202603020603,2026-07-12,3,福島,ヤマニンリンキング,4,11,4,15.5,jra
202603020603,2026-07-12,3,福島,レイナエヴィータ,12,12,11,75.7,jra
202603020603,2026-07-12,3,福島,シュタットパーク,5,13,15,123.2,jra
202603020603,2026-07-12,3,福島,スティールシップ,14,14,13,94.1,jra
202603020603,2026-07-12,3,福島,ホウオウショパン,10,15,14,108.4,jra
202603020603,2026-07-12,3,福島,ウッケン,1,16,12,80.3,jra
202603020604,2026-07-12,4,福島,ラヴィサンエール,6,1,3,4.6,jra
202603020604,2026-07-12,4,福島,サンヴァンガード,8,2,4,4.7,jra
202603020604,2026-07-12,4,福島,ワレモコウ,5,3,1,3.3,jra
202603020604,2026-07-12,4,福島,エコロテラ,2,4,2,3.7,jra
202603020604,2026-07-12,4,福島,ヴェールネージュ,4,5,9,25.6,jra
202603020604,2026-07-12,4,福島,ハルガスミ,9,6,6,17.5,jra
202603020604,2026-07-12,4,福島,ジェントルアイズ,1,7,7,18.3,jra
202603020604,2026-07-12,4,福島,トム,10,8,5,17.0,jra
202603020604,2026-07-12,4,福島,サクセスボーイ,7,9,8,24.9,jra
202603020604,2026-07-12,4,福島,ウカテンセイ,3,10,10,120.4,jra
202603020605,2026-07-12,5,福島,リサナウト,12,1,1,2.1,jra
202603020605,2026-07-12,5,福島,ウィクフォード,4,2,2,5.2,jra
202603020605,2026-07-12,5,福島,エクスマキナ,14,3,8,39.8,jra
202603020605,2026-07-12,5,福島,ソラニワラエバ,8,4,4,7.4,jra
202603020605,2026-07-12,5,福島,エイシンウルクンデ,16,5,11,100.4,jra
202603020605,2026-07-12,5,福島,シーズアウルフ,11,6,3,5.3,jra
202603020605,2026-07-12,5,福島,イキフン,2,7,13,131.1,jra
202603020605,2026-07-12,5,福島,セレスタイト,7,8,5,11.7,jra
202603020605,2026-07-12,5,福島,ブルーリボン,1,9,12,108.2,jra
202603020605,2026-07-12,5,福島,ワンコール,6,10,7,28.0,jra
202603020605,2026-07-12,5,福島,ドーンレーサー,9,11,9,43.0,jra
202603020605,2026-07-12,5,福島,ローグアン,5,12,10,46.1,jra
202603020605,2026-07-12,5,福島,インザダーク,15,13,16,237.7,jra
202603020605,2026-07-12,5,福島,タクミオジュウ,3,14,6,24.7,jra
202603020605,2026-07-12,5,福島,クラウントリオンフ,10,15,15,236.2,jra
202603020605,2026-07-12,5,福島,ハクタカ,13,16,14,188.5,jra
202603020606,2026-07-12,6,福島,ミラビリオン,12,1,7,15.7,jra
202603020606,2026-07-12,6,福島,ミスタートントン,6,2,2,4.6,jra
202603020606,2026-07-12,6,福島,ジェムシリカ,10,3,9,36.0,jra
202603020606,2026-07-12,6,福島,ニンジャトットリ,5,4,6,15.0,jra
202603020606,2026-07-12,6,福島,イイクニパッション,7,5,5,9.7,jra
202603020606,2026-07-12,6,福島,ツクバヴァンガード,11,6,1,2.4,jra
202603020606,2026-07-12,6,福島,アドミ,2,7,8,24.6,jra
202603020606,2026-07-12,6,福島,トリエンナーレ,13,8,14,272.4,jra
202603020606,2026-07-12,6,福島,ジャメビュ,3,9,11,62.7,jra
202603020606,2026-07-12,6,福島,マッシブショット,16,10,13,160.5,jra
202603020606,2026-07-12,6,福島,グラスアロー,15,11,16,442.5,jra
202603020606,2026-07-12,6,福島,ユニオンジャック,14,12,10,43.8,jra
202603020606,2026-07-12,6,福島,ピコランド,1,13,3,6.6,jra
202603020606,2026-07-12,6,福島,フォワードシャッセ,8,14,4,8.8,jra
202603020606,2026-07-12,6,福島,オスロクィーン,9,15,12,69.1,jra
202603020606,2026-07-12,6,福島,パストゥザスターズ,4,16,15,425.3,jra
202603020607,2026-07-12,7,福島,シャインフォーミー,4,1,2,4.3,jra
202603020607,2026-07-12,7,福島,ラルルジェンヌ,12,2,5,9.3,jra
202603020607,2026-07-12,7,福島,ノーブルクロンヌ,10,3,3,5.4,jra
202603020607,2026-07-12,7,福島,フライスカイハイ,8,4,11,64.7,jra
202603020607,2026-07-12,7,福島,スイートハイデン,13,5,10,39.4,jra
202603020607,2026-07-12,7,福島,インザライムライト,6,6,8,33.5,jra
202603020607,2026-07-12,7,福島,リナシタ,7,7,9,35.8,jra
202603020607,2026-07-12,7,福島,ウインディナナコ,9,8,4,8.8,jra
202603020607,2026-07-12,7,福島,マリノマーベラス,3,9,13,95.0,jra
202603020607,2026-07-12,7,福島,ベルオーシャン,14,10,6,19.5,jra
202603020607,2026-07-12,7,福島,キッショウダラニ,11,11,1,2.6,jra
202603020607,2026-07-12,7,福島,コスモシグルン,1,12,7,20.2,jra
202603020607,2026-07-12,7,福島,モーニングダリア,5,13,15,289.7,jra
202603020607,2026-07-12,7,福島,サクラモンストール,15,14,14,105.2,jra
202603020607,2026-07-12,7,福島,ダノンクラウディア,16,15,12,71.8,jra
202603020607,2026-07-12,7,福島,イマジェリーナ,2,16,16,382.0,jra
202603020608,2026-07-12,8,福島,デンプシー,12,1,1,2.9,jra
202603020608,2026-07-12,8,福島,アイアンパイク,6,2,2,3.6,jra
202603020608,2026-07-12,8,福島,ホウオウショコラ,9,3,9,20.3,jra
202603020608,2026-07-12,8,福島,ミスターマーボー,8,4,3,4.9,jra
202603020608,2026-07-12,8,福島,レッドカメリア,2,5,11,73.0,jra
202603020608,2026-07-12,8,福島,ビッグフラワー,7,6,8,18.2,jra
202603020608,2026-07-12,8,福島,ザバルガド,11,7,7,17.4,jra
202603020608,2026-07-12,8,福島,ラブリーガール,3,8,4,9.2,jra
202603020608,2026-07-12,8,福島,マイネルステラート,10,9,6,16.5,jra
202603020608,2026-07-12,8,福島,テルケンレンスキー,5,10,10,42.7,jra
202603020608,2026-07-12,8,福島,アイスブレイカー,4,11,12,261.6,jra
202603020608,2026-07-12,8,福島,プリティーミズホ,1,12,5,16.5,jra
202603020609,2026-07-12,9,福島,ブルスカメンテ,7,1,2,4.7,jra
202603020609,2026-07-12,9,福島,ジェルブロア,4,2,4,7.9,jra
202603020609,2026-07-12,9,福島,ニシノコマチムスメ,11,3,14,176.3,jra
202603020609,2026-07-12,9,福島,キューティリップ,6,4,5,11.3,jra
202603020609,2026-07-12,9,福島,ロゼフェリシア,5,5,7,16.3,jra
202603020609,2026-07-12,9,福島,サフランルージュ,3,6,9,21.8,jra
202603020609,2026-07-12,9,福島,クイーンズワーフ,1,7,6,12.5,jra
202603020609,2026-07-12,9,福島,ノーブルクラウド,9,8,11,49.9,jra
202603020609,2026-07-12,9,福島,ルージュリリック,12,9,1,3.2,jra
202603020609,2026-07-12,9,福島,サルワールカミーズ,10,10,3,5.0,jra
202603020609,2026-07-12,9,福島,ユメシルベ,13,11,8,18.1,jra
202603020609,2026-07-12,9,福島,ペプロス,2,12,10,35.2,jra
202603020609,2026-07-12,9,福島,テンドリームガール,8,13,13,119.5,jra
202603020609,2026-07-12,9,福島,ヒサエノオモカゲ,14,14,12,53.2,jra
202603020610,2026-07-12,10,福島,ドバイブルース,11,1,2,4.3,jra
202603020610,2026-07-12,10,福島,リフレックス,3,2,1,3.0,jra
202603020610,2026-07-12,10,福島,オンザライン,8,3,8,32.7,jra
202603020610,2026-07-12,10,福島,ゲキザル,5,4,9,56.4,jra
202603020610,2026-07-12,10,福島,サトミノエンジェル,6,5,6,12.2,jra
202603020610,2026-07-12,10,福島,ジェイエルマスター,2,6,3,4.5,jra
202603020610,2026-07-12,10,福島,ダカラフェスティヴ,1,7,7,21.0,jra
202603020610,2026-07-12,10,福島,スマートケープ,10,8,5,7.6,jra
202603020610,2026-07-12,10,福島,ハッスルダンク,4,9,10,87.4,jra
202603020610,2026-07-12,10,福島,チギリ,9,10,4,7.0,jra
202603020610,2026-07-12,10,福島,ティンティンデオ,7,11,11,97.5,jra
202603020611,2026-07-12,11,福島,アスクナイスショー,11,1,2,5.0,jra
202603020611,2026-07-12,11,福島,マイネルモーント,6,2,6,13.2,jra
202603020611,2026-07-12,11,福島,オニャンコポン,9,3,15,73.5,jra
202603020611,2026-07-12,11,福島,センツブラッド,10,4,7,14.8,jra
202603020611,2026-07-12,11,福島,ボーンディスウェイ,1,5,14,45.6,jra
202603020611,2026-07-12,11,福島,ヤマニンブークリエ,15,6,5,8.7,jra
202603020611,2026-07-12,11,福島,カラマティアノス,4,7,1,4.7,jra
202603020611,2026-07-12,11,福島,オーロラエックス,5,8,11,31.1,jra
202603020611,2026-07-12,11,福島,コントラポスト,2,9,8,15.1,jra
202603020611,2026-07-12,11,福島,サヴォーナ,16,10,3,6.4,jra
202603020611,2026-07-12,11,福島,クリスマスパレード,8,11,13,37.3,jra
202603020611,2026-07-12,11,福島,バトルボーン,13,12,4,6.9,jra
202603020611,2026-07-12,11,福島,リカンカブール,12,13,10,23.1,jra
202603020611,2026-07-12,11,福島,ショウナンマグマ,3,14,16,169.8,jra
202603020611,2026-07-12,11,福島,オールナット,14,15,12,32.2,jra
202603020611,2026-07-12,11,福島,メリオーレム,7,16,9,22.9,jra
202603020612,2026-07-12,12,福島,クリノオリーブ,15,1,5,8.4,jra
202603020612,2026-07-12,12,福島,ピコテンダー,1,2,2,4.0,jra
202603020612,2026-07-12,12,福島,レイワサンサン,10,3,13,85.5,jra
202603020612,2026-07-12,12,福島,サンマルノヴェル,8,4,1,3.0,jra
202603020612,2026-07-12,12,福島,ホウオウプレミア,16,5,9,26.1,jra
202603020612,2026-07-12,12,福島,フェンダー,13,6,3,6.8,jra
202603020612,2026-07-12,12,福島,スーパーバイザー,9,7,11,38.0,jra
202603020612,2026-07-12,12,福島,ラヴァグロウ,5,8,15,311.9,jra
202603020612,2026-07-12,12,福島,サヨノジャンボリー,6,9,7,17.3,jra
202603020612,2026-07-12,12,福島,ローマンレイク,2,10,10,34.5,jra
202603020612,2026-07-12,12,福島,ラーナローザ,7,11,6,16.8,jra
202603020612,2026-07-12,12,福島,マフィン,11,12,16,340.6,jra
202603020612,2026-07-12,12,福島,ショウナンラリー,3,13,8,25.5,jra
202603020612,2026-07-12,12,福島,ホーリーブライト,14,14,12,80.8,jra
202603020612,2026-07-12,12,福島,ペプチドクレマチス,4,15,14,145.1,jra
202610020601,2026-07-12,1,小倉,ホーリーステップ,10,1,1,3.3,jra
202610020601,2026-07-12,1,小倉,コースタルロード,2,2,10,31.7,jra
202610020601,2026-07-12,1,小倉,ハクサンテドリガワ,11,3,5,12.6,jra
202610020601,2026-07-12,1,小倉,ドゥボヌール,4,4,9,17.2,jra
202610020601,2026-07-12,1,小倉,ティグリス,16,5,2,4.4,jra
202610020601,2026-07-12,1,小倉,テンタイムトップ,9,6,16,219.3,jra
202610020601,2026-07-12,1,小倉,ベルセクレト,15,7,3,5.7,jra
202610020601,2026-07-12,1,小倉,アリディプラチノ,3,8,13,99.4,jra
202610020601,2026-07-12,1,小倉,ロージーキャンドル,14,9,12,76.8,jra
202610020601,2026-07-12,1,小倉,シャンデリュイーズ,6,10,6,14.7,jra
202610020601,2026-07-12,1,小倉,フルフィルメント,13,11,8,16.9,jra
202610020601,2026-07-12,1,小倉,ブライトエンジェル,8,12,4,7.1,jra
202610020601,2026-07-12,1,小倉,リザレクティア,1,13,11,62.9,jra
202610020601,2026-07-12,1,小倉,ピンクパンサー,7,14,7,16.4,jra
202610020601,2026-07-12,1,小倉,マルモズイルバア,17,15,17,249.9,jra
202610020601,2026-07-12,1,小倉,ヨウリンケイジュ,12,16,14,125.9,jra
202610020601,2026-07-12,1,小倉,ビケイムフリー,5,17,15,199.5,jra
202610020602,2026-07-12,2,小倉,キャッチアシーフ,9,1,2,4.5,jra
202610020602,2026-07-12,2,小倉,クロカミジョウ,6,2,4,7.5,jra
202610020602,2026-07-12,2,小倉,ナブッコ,10,3,7,27.9,jra
202610020602,2026-07-12,2,小倉,タガノプディング,3,4,1,2.1,jra
202610020602,2026-07-12,2,小倉,シュタルク,4,5,8,34.0,jra
202610020602,2026-07-12,2,小倉,ペコリズム,2,6,9,37.0,jra
202610020602,2026-07-12,2,小倉,トーアウィリアム,12,7,10,113.8,jra
202610020602,2026-07-12,2,小倉,キタノプレミアム,13,8,3,4.8,jra
202610020602,2026-07-12,2,小倉,ゼンノトヨタマヒメ,1,9,6,19.8,jra
202610020602,2026-07-12,2,小倉,ラインメテオラ,8,10,5,17.2,jra
202610020602,2026-07-12,2,小倉,ハクサンリング,14,11,12,184.2,jra
202610020602,2026-07-12,2,小倉,フチサンチャチャ,7,12,13,420.0,jra
202610020602,2026-07-12,2,小倉,ジョーヴェスタ,11,13,11,169.7,jra
202610020602,2026-07-12,2,小倉,メイショウアヤカ,5,14,14,442.2,jra
202610020603,2026-07-12,3,小倉,ラルヴァンダード,2,1,2,3.0,jra
202610020603,2026-07-12,3,小倉,チェファルー,5,2,1,2.5,jra
202610020603,2026-07-12,3,小倉,ブルーザー,7,3,4,7.9,jra
202610020603,2026-07-12,3,小倉,アージュドール,9,4,7,36.3,jra
202610020603,2026-07-12,3,小倉,ロイドウェバー,3,5,3,6.3,jra
202610020603,2026-07-12,3,小倉,ヴィスメンティス,15,6,5,16.8,jra
202610020603,2026-07-12,3,小倉,スーパービジー,4,7,8,37.1,jra
202610020603,2026-07-12,3,小倉,ワンダーシャッフル,13,8,9,38.5,jra
202610020603,2026-07-12,3,小倉,ジュンヴァッテッド,11,9,12,87.1,jra
202610020603,2026-07-12,3,小倉,ルクスユアン,12,10,13,103.4,jra
202610020603,2026-07-12,3,小倉,ウインビスタ,10,11,14,239.1,jra
202610020603,2026-07-12,3,小倉,キービート,6,12,11,77.2,jra
202610020603,2026-07-12,3,小倉,レヴロード,8,13,15,468.1,jra
202610020603,2026-07-12,3,小倉,ダノンワンダー,14,14,6,19.0,jra
202610020603,2026-07-12,3,小倉,グレイイメル,1,15,10,47.1,jra
202610020604,2026-07-12,4,小倉,レッドパラジウム,7,1,1,3.8,jra
202610020604,2026-07-12,4,小倉,セルヴァジオ,12,2,5,7.2,jra
202610020604,2026-07-12,4,小倉,ブランチアウト,6,3,2,4.1,jra
202610020604,2026-07-12,4,小倉,ラミエルノムスコ,8,4,3,4.3,jra
202610020604,2026-07-12,4,小倉,ゴリョウセイ,13,5,7,41.9,jra
202610020604,2026-07-12,4,小倉,スリーロンドン,4,6,8,59.0,jra
202610020604,2026-07-12,4,小倉,タイムレスフレアー,11,7,4,4.3,jra
202610020604,2026-07-12,4,小倉,フェブリノ,9,8,6,12.8,jra
202610020604,2026-07-12,4,小倉,エイシンニケ,3,9,12,196.3,jra
202610020604,2026-07-12,4,小倉,ウインラブソング,5,10,9,65.7,jra
202610020604,2026-07-12,4,小倉,グランスプリント,2,11,13,256.3,jra
202610020604,2026-07-12,4,小倉,シャドウクライ,10,12,10,155.7,jra
202610020604,2026-07-12,4,小倉,サンタカリス,1,13,11,168.4,jra
202610020605,2026-07-12,5,小倉,エルドボルグ,7,1,1,1.5,jra
202610020605,2026-07-12,5,小倉,シックパラソル,6,2,2,4.3,jra
202610020605,2026-07-12,5,小倉,サイモンレガシー,1,3,4,8.5,jra
202610020605,2026-07-12,5,小倉,シュプレヒコール,3,4,3,6.0,jra
202610020605,2026-07-12,5,小倉,ロクメイカン,4,5,7,85.3,jra
202610020605,2026-07-12,5,小倉,フェーエンハフト,5,5,6,37.2,jra
202610020605,2026-07-12,5,小倉,パーセンタイル,8,7,8,159.4,jra
202610020605,2026-07-12,5,小倉,シュガーハウス,2,8,5,24.9,jra
202610020606,2026-07-12,6,小倉,マルモリムソウ,4,1,3,5.4,jra
202610020606,2026-07-12,6,小倉,アームズラムレイ,6,2,1,1.9,jra
202610020606,2026-07-12,6,小倉,ビバームス,5,3,5,26.1,jra
202610020606,2026-07-12,6,小倉,コパノキャンペーン,9,4,9,87.3,jra
202610020606,2026-07-12,6,小倉,アンドヴェローナ,1,5,7,41.9,jra
202610020606,2026-07-12,6,小倉,アトランタ,2,6,2,2.6,jra
202610020606,2026-07-12,6,小倉,ジョン,3,7,4,17.3,jra
202610020606,2026-07-12,6,小倉,ララララブソング,7,8,8,56.3,jra
202610020606,2026-07-12,6,小倉,ブラックブレット,8,9,6,26.5,jra
202610020607,2026-07-12,7,小倉,オオツカ,4,1,2,4.4,jra
202610020607,2026-07-12,7,小倉,ラブインアクション,5,2,1,3.6,jra
202610020607,2026-07-12,7,小倉,コルヴァス,12,3,3,4.9,jra
202610020607,2026-07-12,7,小倉,メイショウオグマ,3,4,9,25.7,jra
202610020607,2026-07-12,7,小倉,キリオス,7,5,5,9.1,jra
202610020607,2026-07-12,7,小倉,タマモスカイ,2,6,6,14.5,jra
202610020607,2026-07-12,7,小倉,テーオーノーベル,13,7,11,69.2,jra
202610020607,2026-07-12,7,小倉,ジュンプリメーロ,10,8,8,22.4,jra
202610020607,2026-07-12,7,小倉,ヴィエントデコラ,11,9,4,5.5,jra
202610020607,2026-07-12,7,小倉,エアフォースワン,15,10,7,21.2,jra
202610020607,2026-07-12,7,小倉,リアルペガサス,6,11,14,131.6,jra
202610020607,2026-07-12,7,小倉,ニシノミチアキ,14,12,13,98.6,jra
202610020607,2026-07-12,7,小倉,セルジュバローズ,8,13,10,61.2,jra
202610020607,2026-07-12,7,小倉,ジェバーダ,1,14,12,97.9,jra
202610020608,2026-07-12,8,小倉,ミリタリータトゥー,1,1,2,3.1,jra
202610020608,2026-07-12,8,小倉,ペイシャシス,2,2,1,2.7,jra
202610020608,2026-07-12,8,小倉,コンバットペスカ,3,3,5,18.7,jra
202610020608,2026-07-12,8,小倉,メイショウピリカ,5,4,4,6.3,jra
202610020608,2026-07-12,8,小倉,ミッキーマーメイド,9,5,3,3.4,jra
202610020608,2026-07-12,8,小倉,エレガンシア,4,6,6,22.7,jra
202610020608,2026-07-12,8,小倉,ヴィーナスバブル,7,7,7,111.4,jra
202610020608,2026-07-12,8,小倉,レザンクレール,6,8,8,139.5,jra
202610020608,2026-07-12,8,小倉,タマモヒロイン,8,9,9,184.6,jra
202610020609,2026-07-12,9,小倉,ショウナンバンライ,8,1,1,1.5,jra
202610020609,2026-07-12,9,小倉,サンライズケヴィン,10,2,2,3.8,jra
202610020609,2026-07-12,9,小倉,ホウショウルクス,6,3,4,13.3,jra
202610020609,2026-07-12,9,小倉,トモジャザーン,7,4,7,41.9,jra
202610020609,2026-07-12,9,小倉,テンエースワン,1,5,8,50.6,jra
202610020609,2026-07-12,9,小倉,ブルックリンダンス,5,6,5,14.0,jra
202610020609,2026-07-12,9,小倉,タガノアニマシオン,2,7,6,35.6,jra
202610020609,2026-07-12,9,小倉,エンマ,4,8,9,62.4,jra
202610020609,2026-07-12,9,小倉,プウスカンドゥール,9,9,10,75.2,jra
202610020609,2026-07-12,9,小倉,ケイアイアルタイル,3,10,3,8.6,jra
202610020610,2026-07-12,10,小倉,ジャスティンガルフ,10,1,3,6.1,jra
202610020610,2026-07-12,10,小倉,ダノンカゼルタ,1,2,4,6.4,jra
202610020610,2026-07-12,10,小倉,オデット,9,3,8,37.4,jra
202610020610,2026-07-12,10,小倉,コリカンチャ,8,4,6,14.1,jra
202610020610,2026-07-12,10,小倉,プリズマジコ,3,5,2,4.8,jra
202610020610,2026-07-12,10,小倉,ハッピーダンチャン,4,6,11,64.5,jra
202610020610,2026-07-12,10,小倉,アスクエピソード,6,7,10,45.7,jra
202610020610,2026-07-12,10,小倉,フォーチュンライド,5,8,1,2.5,jra
202610020610,2026-07-12,10,小倉,オウケンボルト,11,9,7,16.7,jra
202610020610,2026-07-12,10,小倉,レイピカケ,7,10,5,8.6,jra
202610020610,2026-07-12,10,小倉,ショウナンハウル,2,11,9,42.8,jra
202610020611,2026-07-12,11,小倉,レイナデアルシーラ,6,1,6,11.9,jra
202610020611,2026-07-12,11,小倉,スナークラファエロ,5,2,5,10.7,jra
202610020611,2026-07-12,11,小倉,シュラザック,9,3,2,6.6,jra
202610020611,2026-07-12,11,小倉,ジンセイ,3,4,4,8.2,jra
202610020611,2026-07-12,11,小倉,ゴッドブルービー,2,5,7,14.1,jra
202610020611,2026-07-12,11,小倉,メイショウズイウン,8,6,8,16.2,jra
202610020611,2026-07-12,11,小倉,フェルヴェンテ,10,7,11,132.5,jra
202610020611,2026-07-12,11,小倉,モックモック,11,8,1,2.0,jra
202610020611,2026-07-12,11,小倉,モンブランミノル,7,9,3,7.1,jra
202610020611,2026-07-12,11,小倉,サンライズアリオン,4,10,10,87.2,jra
202610020611,2026-07-12,11,小倉,メルキオル,1,11,9,31.4,jra
202610020612,2026-07-12,12,小倉,ノボリリア,8,1,2,4.2,jra
202610020612,2026-07-12,12,小倉,ベルファスト,15,2,3,7.4,jra
202610020612,2026-07-12,12,小倉,モルティフレーバー,17,3,10,32.9,jra
202610020612,2026-07-12,12,小倉,ジューンオアシス,16,4,9,29.7,jra
202610020612,2026-07-12,12,小倉,フィラーエ,4,5,6,11.8,jra
202610020612,2026-07-12,12,小倉,ウォーターデライト,11,6,7,12.0,jra
202610020612,2026-07-12,12,小倉,テルヴィセクス,9,7,4,7.7,jra
202610020612,2026-07-12,12,小倉,ラブカムーン,7,8,14,101.4,jra
202610020612,2026-07-12,12,小倉,シャインベック,13,9,12,83.6,jra
202610020612,2026-07-12,12,小倉,ウインマスカレード,5,10,1,3.5,jra
202610020612,2026-07-12,12,小倉,ジュエルハウス,6,11,13,88.7,jra
202610020612,2026-07-12,12,小倉,ギザキズラヴ,10,12,15,180.7,jra
202610020612,2026-07-12,12,小倉,セレブトーチ,3,13,5,10.8,jra
202610020612,2026-07-12,12,小倉,ベネメレンティ,12,14,11,57.3,jra
202610020612,2026-07-12,12,小倉,ドルチェミスト,1,15,8,12.1,jra
202610020612,2026-07-12,12,小倉,リアルアルバ,2,16,16,196.4,jra
202610020612,2026-07-12,12,小倉,アットザラヴアスク,14,17,17,307.8,jra
202602010701,2026-07-04,1,函館,ショウナンカノア,7,1,3,7.0,jra
202602010701,2026-07-04,1,函館,アルテクィーン,2,2,1,1.8,jra
202602010701,2026-07-04,1,函館,トーセンルルド,5,3,4,10.0,jra
202602010701,2026-07-04,1,函館,ヌーンベルク,3,4,2,2.8,jra
202602010701,2026-07-04,1,函館,テイクケア,1,5,7,46.2,jra
202602010701,2026-07-04,1,函館,ゴートゥービッツン,8,6,9,124.1,jra
202602010701,2026-07-04,1,函館,アズライトティアラ,6,7,6,33.5,jra
202602010701,2026-07-04,1,函館,イチゴワタアメ,4,8,5,30.3,jra
202602010701,2026-07-04,1,函館,アイシテルヨナオミ,9,9,8,107.9,jra
202602010702,2026-07-04,2,函館,ニシノマルガリート,16,1,4,10.5,jra
202602010702,2026-07-04,2,函館,トリニタリオ,3,2,1,2.1,jra
202602010702,2026-07-04,2,函館,コワンニシタガウ,5,3,2,4.8,jra
202602010702,2026-07-04,2,函館,ヒメヒオウギ,1,4,5,10.6,jra
202602010702,2026-07-04,2,函館,エイシンリーガル,15,5,12,86.9,jra
202602010702,2026-07-04,2,函館,ボーントゥラブユー,10,6,7,17.2,jra
202602010702,2026-07-04,2,函館,ユマハム,13,7,6,13.0,jra
202602010702,2026-07-04,2,函館,タイセイルビー,11,8,13,110.4,jra
202602010702,2026-07-04,2,函館,ワダツミ,14,9,8,54.3,jra
202602010702,2026-07-04,2,函館,ホウショウリュウ,4,10,15,195.7,jra
202602010702,2026-07-04,2,函館,スワトウ,7,11,9,66.4,jra
202602010702,2026-07-04,2,函館,メイショウローゼ,12,12,3,6.1,jra
202602010702,2026-07-04,2,函館,デイズインザサン,2,13,11,82.3,jra
202602010702,2026-07-04,2,函館,アウェイクネス,6,14,16,238.9,jra
202602010702,2026-07-04,2,函館,マイネルディザイア,8,15,14,170.9,jra
202602010702,2026-07-04,2,函館,ヴァールザーゲン,9,16,10,80.1,jra
202602010703,2026-07-04,3,函館,ギンケイ,9,1,1,2.5,jra
202602010703,2026-07-04,3,函館,ルージュリヴィエラ,6,2,8,31.1,jra
202602010703,2026-07-04,3,函館,ウォータースパウト,10,3,4,12.8,jra
202602010703,2026-07-04,3,函館,テリオスリコ,3,4,11,302.1,jra
202602010703,2026-07-04,3,函館,ルージュボニート,8,5,5,20.5,jra
202602010703,2026-07-04,3,函館,ラショナルポイント,5,6,3,3.6,jra
202602010703,2026-07-04,3,函館,ハスカップジャム,1,7,9,67.4,jra
202602010703,2026-07-04,3,函館,マスカルポーネ,2,8,6,25.3,jra
202602010703,2026-07-04,3,函館,ペガサスウィンド,4,9,2,3.1,jra
202602010703,2026-07-04,3,函館,ブリスフルイヤー,11,10,7,25.7,jra
202602010703,2026-07-04,3,函館,ハヤブサブロー,12,11,10,89.1,jra
202602010704,2026-07-04,4,函館,ロードクラシコ,14,1,6,17.2,jra
202602010704,2026-07-04,4,函館,ルージュフィーリア,2,2,4,7.1,jra
202602010704,2026-07-04,4,函館,ホウオウザロイヤル,1,3,5,12.1,jra
202602010704,2026-07-04,4,函館,スッサンエア,15,4,3,5.8,jra
202602010704,2026-07-04,4,函館,ディサイドオンミー,5,5,7,18.4,jra
202602010704,2026-07-04,4,函館,ゲレイロ,9,6,13,119.9,jra
202602010704,2026-07-04,4,函館,ヤジロベエバランス,16,7,10,72.3,jra
202602010704,2026-07-04,4,函館,オリヒメボシ,12,8,8,24.9,jra
202602010704,2026-07-04,4,函館,ブラックジャック,4,9,2,4.6,jra
202602010704,2026-07-04,4,函館,チェリーブルーム,10,10,14,230.6,jra
202602010704,2026-07-04,4,函館,カテドラルクォーツ,7,11,16,347.1,jra
202602010704,2026-07-04,4,函館,グローリアスダンス,3,12,15,283.4,jra
202602010704,2026-07-04,4,函館,ソチミルコ,8,13,9,25.8,jra
202602010704,2026-07-04,4,函館,フクノアンタレス,6,14,11,102.4,jra
202602010704,2026-07-04,4,函館,スカイプレリュード,13,15,12,103.8,jra
202602010704,2026-07-04,4,函館,フルムーン,11,16,1,2.5,jra
202602010705,2026-07-04,5,函館,ダマスク,3,1,1,1.5,jra
202602010705,2026-07-04,5,函館,リアルクウカイ,2,2,5,33.7,jra
202602010705,2026-07-04,5,函館,ヴァイタリズム,5,3,2,3.8,jra
202602010705,2026-07-04,5,函館,リキサンステラ,1,4,3,4.6,jra
202602010705,2026-07-04,5,函館,ロゼハイスクール,4,5,4,10.2,jra
202602010706,2026-07-04,6,函館,レッドフロイデ,5,1,1,2.1,jra
202602010706,2026-07-04,6,函館,ストリートクイーン,11,2,7,20.0,jra
202602010706,2026-07-04,6,函館,ブレイズランナー,2,3,3,7.8,jra
202602010706,2026-07-04,6,函館,メイショウセンドウ,1,4,5,11.3,jra
202602010706,2026-07-04,6,函館,チャーチルデュース,13,5,4,8.1,jra
202602010706,2026-07-04,6,函館,トルークマクト,14,6,9,29.7,jra
202602010706,2026-07-04,6,函館,フェンリル,6,7,10,63.7,jra
202602010706,2026-07-04,6,函館,クラン,8,8,6,12.1,jra
202602010706,2026-07-04,6,函館,ライヴマルガリータ,9,9,13,291.2,jra
202602010706,2026-07-04,6,函館,ブリリアンス,7,10,11,175.7,jra
202602010706,2026-07-04,6,函館,シュヴェスター,10,11,8,25.7,jra
202602010706,2026-07-04,6,函館,ステキサプライズ,4,12,12,211.5,jra
202602010706,2026-07-04,6,函館,ララニューディー,12,13,2,4.7,jra
202602010707,2026-07-04,7,函館,ストレイトアスク,10,1,4,12.6,jra
202602010707,2026-07-04,7,函館,デルマリシリ,3,2,1,1.9,jra
202602010707,2026-07-04,7,函館,ライトニングロッド,5,3,6,24.6,jra
202602010707,2026-07-04,7,函館,ツルノマイハシ,1,4,2,3.7,jra
202602010707,2026-07-04,7,函館,ルージュナリッシュ,9,5,5,19.3,jra
202602010707,2026-07-04,7,函館,アルバニー,6,6,7,87.8,jra
202602010707,2026-07-04,7,函館,ココソラーレ,4,7,10,230.3,jra
202602010707,2026-07-04,7,函館,メイショウハッケイ,7,8,3,3.8,jra
202602010707,2026-07-04,7,函館,キミノナハオリョウ,2,9,8,112.0,jra
202602010707,2026-07-04,7,函館,ジュジュドール,8,10,9,200.3,jra
202602010708,2026-07-04,8,函館,ダノンヒストリー,3,1,1,1.6,jra
202602010708,2026-07-04,8,函館,アスクファイアモア,4,2,5,17.8,jra
202602010708,2026-07-04,8,函館,サイモンイロハニー,2,3,6,94.9,jra
202602010708,2026-07-04,8,函館,グランアルト,1,4,4,16.2,jra
202602010708,2026-07-04,8,函館,ペリプルス,7,5,3,8.4,jra
202602010708,2026-07-04,8,函館,ニューアライブ,5,6,7,106.4,jra
202602010708,2026-07-04,8,函館,バズアップビート,6,7,2,2.4,jra
202602010709,2026-07-04,9,函館,ウインベラーノ,6,1,5,6.4,jra
202602010709,2026-07-04,9,函館,グレーヌドジョワ,7,2,1,3.6,jra
202602010709,2026-07-04,9,函館,グランセゾン,1,3,3,4.8,jra
202602010709,2026-07-04,9,函館,アルディスティーノ,5,4,6,11.4,jra
202602010709,2026-07-04,9,函館,ゴーゴータカシ,3,5,2,4.0,jra
202602010709,2026-07-04,9,函館,マイバラード,2,6,7,12.9,jra
202602010709,2026-07-04,9,函館,キセキノエンジェル,8,7,8,92.6,jra
202602010709,2026-07-04,9,函館,タイキルッジェーロ,4,8,4,5.2,jra
202602010709,2026-07-04,9,函館,スタードメイソン,9,9,9,119.0,jra
202602010710,2026-07-04,10,函館,ケイアイアギト,2,1,1,1.9,jra
202602010710,2026-07-04,10,函館,セボンサデッセ,1,2,4,7.5,jra
202602010710,2026-07-04,10,函館,オセアバトルプラン,6,3,12,228.9,jra
202602010710,2026-07-04,10,函館,メイショウタイピン,11,4,9,57.9,jra
202602010710,2026-07-04,10,函館,エアニゲラ,9,5,7,34.6,jra
202602010710,2026-07-04,10,函館,ディアウス,14,6,2,5.2,jra
202602010710,2026-07-04,10,函館,エンプレスフレーム,12,7,14,289.3,jra
202602010710,2026-07-04,10,函館,マッスルバック,4,8,13,235.8,jra
202602010710,2026-07-04,10,函館,ライフゲート,5,9,3,5.8,jra
202602010710,2026-07-04,10,函館,ギマール,13,10,11,84.1,jra
202602010710,2026-07-04,10,函館,レッドライトニング,3,11,8,42.0,jra
202602010710,2026-07-04,10,函館,バタール,8,12,5,13.9,jra
202602010710,2026-07-04,10,函館,モレポブラーノ,7,13,10,76.1,jra
202602010710,2026-07-04,10,函館,ストラーダ,10,14,6,17.4,jra
202602010711,2026-07-04,11,函館,マーブルパレス,8,1,3,5.7,jra
202602010711,2026-07-04,11,函館,メルトユアハート,12,2,5,11.3,jra
202602010711,2026-07-04,11,函館,ルーフ,14,3,10,25.0,jra
202602010711,2026-07-04,11,函館,シカゴスティング,6,4,4,10.3,jra
202602010711,2026-07-04,11,函館,サムハンター,3,5,13,55.3,jra
202602010711,2026-07-04,11,函館,パクスロマーナ,9,6,6,16.0,jra
202602010711,2026-07-04,11,函館,エヴァンスウィート,11,7,8,17.0,jra
202602010711,2026-07-04,11,函館,アンジュプロミス,7,8,2,5.5,jra
202602010711,2026-07-04,11,函館,ポエットリー,13,9,7,16.5,jra
202602010711,2026-07-04,11,函館,サウスバンク,5,10,1,2.8,jra
202602010711,2026-07-04,11,函館,ハッピーロンドン,10,11,14,71.5,jra
202602010711,2026-07-04,11,函館,ウィルオレオール,2,12,16,197.6,jra
202602010711,2026-07-04,11,函館,ロードマイライフ,15,13,12,43.4,jra
202602010711,2026-07-04,11,函館,エコロジーク,4,14,11,35.4,jra
202602010711,2026-07-04,11,函館,ゴールドサーベル,16,15,15,122.6,jra
202602010711,2026-07-04,11,函館,ドゥアムール,1,16,9,21.0,jra
202602010712,2026-07-04,12,函館,シーズザスローン,6,1,1,1.9,jra
202602010712,2026-07-04,12,函館,アチーヴァー,4,2,4,17.2,jra
202602010712,2026-07-04,12,函館,ゴールドブレイズ,3,3,2,2.1,jra
202602010712,2026-07-04,12,函館,ブレイジングスター,1,4,6,23.0,jra
202602010712,2026-07-04,12,函館,イサギ,2,5,7,27.3,jra
202602010712,2026-07-04,12,函館,カーフキック,7,6,3,12.5,jra
202602010712,2026-07-04,12,函館,シュヴァルノワール,5,7,5,21.7,jra
202603020301,2026-07-04,1,福島,コスモハナミズキ,1,1,4,17.8,jra
202603020301,2026-07-04,1,福島,ウィンターブリーズ,3,2,1,1.1,jra
202603020301,2026-07-04,1,福島,レゾルーティオ,5,3,2,5.6,jra
202603020301,2026-07-04,1,福島,ニューロファイター,4,4,3,9.7,jra
202603020301,2026-07-04,1,福島,エムアイブレイズ,8,5,5,24.7,jra
202603020301,2026-07-04,1,福島,シーズザチャンス,6,6,6,50.3,jra
202603020301,2026-07-04,1,福島,ユイノヘラクレス,7,7,7,139.5,jra
202603020301,2026-07-04,1,福島,ウスズミザクラ,2,8,8,235.4,jra
202603020302,2026-07-04,2,福島,ボンボンベイビー,2,1,7,15.7,jra
202603020302,2026-07-04,2,福島,クイーンズレイン,7,2,3,5.2,jra
202603020302,2026-07-04,2,福島,ファランギーナ,1,3,1,3.7,jra
202603020302,2026-07-04,2,福島,オープンザパンドラ,4,4,4,8.5,jra
202603020302,2026-07-04,2,福島,ベルトラッキ,3,5,2,3.9,jra
202603020302,2026-07-04,2,福島,クライングナウ,15,6,9,17.4,jra
202603020302,2026-07-04,2,福島,ミサダメキメル,12,7,10,52.3,jra
202603020302,2026-07-04,2,福島,ヨーゼフ,10,8,15,163.4,jra
202603020302,2026-07-04,2,福島,アイスアイスベイビ,16,9,8,16.4,jra
202603020302,2026-07-04,2,福島,シンショク,13,10,6,14.3,jra
202603020302,2026-07-04,2,福島,レディホークダイヤ,9,11,13,134.3,jra
202603020302,2026-07-04,2,福島,オーケーグリット,11,12,11,58.1,jra
202603020302,2026-07-04,2,福島,ホグホグナナハン,5,13,12,120.7,jra
202603020302,2026-07-04,2,福島,トップオブザキング,14,14,14,142.3,jra
202603020302,2026-07-04,2,福島,ドナディクオーレ,6,15,5,9.9,jra
202603020302,2026-07-04,2,福島,リバーブレーション,8,16,16,255.1,jra
202603020303,2026-07-04,3,福島,オリジナルアポジー,9,1,14,250.9,jra
202603020303,2026-07-04,3,福島,ワンダーブリッツ,8,2,1,2.1,jra
202603020303,2026-07-04,3,福島,イントゥザウインド,12,3,2,2.2,jra
202603020303,2026-07-04,3,福島,キタノドンカルロ,15,4,3,7.9,jra
202603020303,2026-07-04,3,福島,ザンシュトーム,7,5,5,18.0,jra
202603020303,2026-07-04,3,福島,ショウナンタヅナ,14,6,4,15.3,jra
202603020303,2026-07-04,3,福島,アンコンケラブル,6,7,8,86.2,jra
202603020303,2026-07-04,3,福島,パワポケグッド,1,8,10,137.9,jra
202603020303,2026-07-04,3,福島,レインボーワールド,11,9,15,318.3,jra
202603020303,2026-07-04,3,福島,モータリゼーション,3,10,9,133.8,jra
202603020303,2026-07-04,3,福島,セイクリッドシチー,10,11,6,50.0,jra
202603020303,2026-07-04,3,福島,ワイルドカイザー,4,12,11,179.6,jra
202603020303,2026-07-04,3,福島,ナックキャンドル,5,13,12,197.5,jra
202603020303,2026-07-04,3,福島,ハッピーカーン,2,14,13,203.7,jra
202603020303,2026-07-04,3,福島,マンモスホームラン,13,15,7,72.7,jra
202603020304,2026-07-04,4,福島,グレイシエーション,9,1,1,1.6,jra
202603020304,2026-07-04,4,福島,リーデレクオーレ,16,2,2,7.8,jra
202603020304,2026-07-04,4,福島,ラウンドヒル,12,3,8,19.7,jra
202603020304,2026-07-04,4,福島,ロジスカヤ,3,4,6,16.8,jra
202603020304,2026-07-04,4,福島,シエラモレーナ,15,5,15,199.2,jra
202603020304,2026-07-04,4,福島,フレンドリーエール,5,6,11,96.1,jra
202603020304,2026-07-04,4,福島,タイセイスタナー,1,7,4,12.1,jra
202603020304,2026-07-04,4,福島,カラーオブサクセス,6,8,9,21.6,jra
202603020304,2026-07-04,4,福島,ミスティユニバンス,2,9,5,15.5,jra
202603020304,2026-07-04,4,福島,ハーティーチアーズ,10,10,12,135.1,jra
202603020304,2026-07-04,4,福島,アーリマックス,4,11,3,8.3,jra
202603020304,2026-07-04,4,福島,ナディア,8,12,7,19.3,jra
202603020304,2026-07-04,4,福島,ホウオウミステリー,14,13,13,146.3,jra
202603020304,2026-07-04,4,福島,アルファリラエ,13,14,14,149.4,jra
202603020304,2026-07-04,4,福島,トゥレイス,11,15,10,63.4,jra
202603020304,2026-07-04,4,福島,ロッタリーランド,7,16,16,333.2,jra
202603020305,2026-07-04,5,福島,スタースポット,1,1,2,4.1,jra
202603020305,2026-07-04,5,福島,グルドロッティン,10,2,3,6.7,jra
202603020305,2026-07-04,5,福島,フェリスセンダ,7,3,10,89.5,jra
202603020305,2026-07-04,5,福島,ブックオブケルズ,9,4,1,2.5,jra
202603020305,2026-07-04,5,福島,コルサロ,5,5,8,55.3,jra
202603020305,2026-07-04,5,福島,ハンデンブレイズ,6,6,11,103.5,jra
202603020305,2026-07-04,5,福島,コスモバルムンク,2,7,6,12.7,jra
202603020305,2026-07-04,5,福島,ロードムーブオン,14,8,4,7.4,jra
202603020305,2026-07-04,5,福島,ノーブルグランツ,13,9,7,13.6,jra
202603020305,2026-07-04,5,福島,レディレックス,12,10,12,146.5,jra
202603020305,2026-07-04,5,福島,リベラリズモ,8,11,9,57.3,jra
202603020305,2026-07-04,5,福島,サノノファイター,3,12,5,8.8,jra
202603020305,2026-07-04,5,福島,グラスクラージュ,11,13,13,160.2,jra
202603020305,2026-07-04,5,福島,マジックファイト,4,14,14,228.6,jra
202603020306,2026-07-04,6,福島,コンテミュール,4,1,4,7.6,jra
202603020306,2026-07-04,6,福島,クロダテ,10,2,1,2.0,jra
202603020306,2026-07-04,6,福島,ユイノリュウギ,11,3,7,28.4,jra
202603020306,2026-07-04,6,福島,オーケーエース,15,4,3,6.6,jra
202603020306,2026-07-04,6,福島,メジャーシンガー,6,5,2,5.1,jra
202603020306,2026-07-04,6,福島,ポッドレーヴ,8,6,10,62.0,jra
202603020306,2026-07-04,6,福島,ベルグラース,7,7,6,20.0,jra
202603020306,2026-07-04,6,福島,ファルコシニョーラ,13,8,5,10.3,jra
202603020306,2026-07-04,6,福島,ダブルブロッサム,12,9,12,103.2,jra
202603020306,2026-07-04,6,福島,キタノバトゥーキ,1,10,13,110.6,jra
202603020306,2026-07-04,6,福島,モーモーワン,9,11,14,120.3,jra
202603020306,2026-07-04,6,福島,メイクアマーク,3,12,8,34.2,jra
202603020306,2026-07-04,6,福島,スードランダム,14,13,9,39.1,jra
202603020306,2026-07-04,6,福島,ヤマタケゲンジ,5,14,15,261.2,jra
202603020306,2026-07-04,6,福島,ミュークゼウス,2,15,11,78.2,jra
202603020307,2026-07-04,7,福島,フレキシブル,7,1,3,5.2,jra
202603020307,2026-07-04,7,福島,アルティマローネ,9,2,8,29.6,jra
202603020307,2026-07-04,7,福島,ピースフルマインド,14,3,4,6.6,jra
202603020307,2026-07-04,7,福島,アンヴデット,13,4,6,16.9,jra
202603020307,2026-07-04,7,福島,アールグレイ,6,5,2,3.3,jra
202603020307,2026-07-04,7,福島,フロンテアムーン,3,6,10,49.8,jra
202603020307,2026-07-04,7,福島,ダイヤモンドパレス,2,7,1,3.1,jra
202603020307,2026-07-04,7,福島,ミセスジョーンズ,4,8,9,34.9,jra
202603020307,2026-07-04,7,福島,アドマイヤフク,11,9,12,97.6,jra
202603020307,2026-07-04,7,福島,ホウオウライラック,10,10,11,62.1,jra
202603020307,2026-07-04,7,福島,ギャニミード,8,11,5,15.1,jra
202603020307,2026-07-04,7,福島,ジーナグレイス,1,12,14,140.3,jra
202603020307,2026-07-04,7,福島,キタノアヤカ,15,13,13,128.4,jra
202603020307,2026-07-04,7,福島,ノーブルスアーク,12,14,16,269.7,jra
202603020307,2026-07-04,7,福島,アズサ,5,15,15,221.2,jra
202603020307,2026-07-04,7,福島,スターリットフレア,16,16,7,24.9,jra
202603020308,2026-07-04,8,福島,シューティングガイ,3,1,2,4.7,jra
202603020308,2026-07-04,8,福島,エアトベーレ,4,2,7,17.3,jra
202603020308,2026-07-04,8,福島,ヤングアメリカンズ,8,3,5,8.9,jra
202603020308,2026-07-04,8,福島,ルシャルムール,6,4,1,3.0,jra
202603020308,2026-07-04,8,福島,エウテルペ,7,5,12,77.4,jra
202603020308,2026-07-04,8,福島,コスモシェルベット,12,6,6,15.2,jra
202603020308,2026-07-04,8,福島,レッドルイナール,11,7,14,123.2,jra
202603020308,2026-07-04,8,福島,ユキノグラス,5,8,8,19.4,jra
202603020308,2026-07-04,8,福島,ベルチュガダン,14,9,4,7.0,jra
202603020308,2026-07-04,8,福島,ゴーゴーパンチ,1,10,3,6.2,jra
202603020308,2026-07-04,8,福島,エスシーレイジュ,9,11,13,86.2,jra
202603020308,2026-07-04,8,福島,パッカパッカブー,2,12,15,239.6,jra
202603020308,2026-07-04,8,福島,エコロストーム,15,13,10,37.2,jra
202603020308,2026-07-04,8,福島,ブリスキー,13,14,9,23.0,jra
202603020308,2026-07-04,8,福島,カフェロワドール,10,15,11,50.6,jra
202603020309,2026-07-04,9,福島,ムーンストラック,5,1,5,15.9,jra
202603020309,2026-07-04,9,福島,ミッドセンチュリー,7,2,4,11.2,jra
202603020309,2026-07-04,9,福島,トレベルオール,6,3,3,6.0,jra
202603020309,2026-07-04,9,福島,コスモアチーブ,4,4,2,5.5,jra
202603020309,2026-07-04,9,福島,アレクレア,3,5,9,92.8,jra
202603020309,2026-07-04,9,福島,アローメタル,9,6,1,1.5,jra
202603020309,2026-07-04,9,福島,マイネルボス,8,7,10,109.6,jra
202603020309,2026-07-04,9,福島,コスモエルヴァル,10,8,6,28.4,jra
202603020309,2026-07-04,9,福島,メアヴィア,2,9,8,35.0,jra
202603020309,2026-07-04,9,福島,ニシノイストワール,1,10,7,29.3,jra
202603020310,2026-07-04,10,福島,ディーズゴールド,4,1,1,2.7,jra
202603020310,2026-07-04,10,福島,ユイノマチブセ,10,2,3,7.3,jra
202603020310,2026-07-04,10,福島,レッドベルダンス,3,3,4,7.6,jra
202603020310,2026-07-04,10,福島,マンダリンボレロ,1,4,7,16.0,jra
202603020310,2026-07-04,10,福島,トゥーザムーン,8,5,5,7.9,jra
202603020310,2026-07-04,10,福島,ダディーズトリップ,5,6,9,37.7,jra
202603020310,2026-07-04,10,福島,キングツェッペリン,9,7,6,9.4,jra
202603020310,2026-07-04,10,福島,ウインアルドーレ,2,8,10,57.7,jra
202603020310,2026-07-04,10,福島,クロドラバール,7,9,8,31.6,jra
202603020310,2026-07-04,10,福島,エリーナストーム,6,10,2,4.0,jra
202603020311,2026-07-04,11,福島,ゲイルライダー,9,1,1,1.6,jra
202603020311,2026-07-04,11,福島,イリフィ,8,2,2,6.3,jra
202603020311,2026-07-04,11,福島,ラストシャリナ,3,3,7,26.4,jra
202603020311,2026-07-04,11,福島,テセラリアン,7,4,3,6.9,jra
202603020311,2026-07-04,11,福島,カネショウレジェン,10,5,4,9.2,jra
202603020311,2026-07-04,11,福島,ボディブロー,1,6,6,22.0,jra
202603020311,2026-07-04,11,福島,メイショウコバト,4,7,10,95.3,jra
202603020311,2026-07-04,11,福島,ゲキザル,2,8,8,27.8,jra
202603020311,2026-07-04,11,福島,アイアムユウシュン,6,9,5,13.4,jra
202603020311,2026-07-04,11,福島,ピックアップライン,5,10,9,45.5,jra
202603020312,2026-07-04,12,福島,ルージュブリッツ,13,1,7,12.3,jra
202603020312,2026-07-04,12,福島,プリュノワール,10,2,9,16.3,jra
202603020312,2026-07-04,12,福島,ロンドンアームズ,16,3,8,15.0,jra
202603020312,2026-07-04,12,福島,トワニ,14,4,1,3.3,jra
202603020312,2026-07-04,12,福島,リラベガ,11,5,3,6.5,jra
202603020312,2026-07-04,12,福島,カガラプンツェル,15,6,5,10.4,jra
202603020312,2026-07-04,12,福島,レッドカメリア,7,7,13,110.4,jra
202603020312,2026-07-04,12,福島,アルマロクザン,3,8,10,59.6,jra
202603020312,2026-07-04,12,福島,ルパヴィヨン,5,9,6,12.1,jra
202603020312,2026-07-04,12,福島,ラヴノー,6,10,2,4.4,jra
202603020312,2026-07-04,12,福島,ミセスリリー,4,11,11,88.1,jra
202603020312,2026-07-04,12,福島,パッションディーバ,8,12,15,138.1,jra
202603020312,2026-07-04,12,福島,アテンスマイル,2,13,14,122.6,jra
202603020312,2026-07-04,12,福島,カシノリアーナ,12,14,12,89.6,jra
202603020312,2026-07-04,12,福島,ブラックティンカー,9,15,4,8.7,jra
202603020312,2026-07-04,12,福島,ピクラリーダ,1,16,16,223.5,jra
202610020301,2026-07-04,1,小倉,アクロスザリバー,11,1,7,22.8,jra
202610020301,2026-07-04,1,小倉,ゴールデンルーキー,7,2,4,15.7,jra
202610020301,2026-07-04,1,小倉,メイショウソウセキ,6,3,2,6.5,jra
202610020301,2026-07-04,1,小倉,テイエムリステット,12,4,5,17.6,jra
202610020301,2026-07-04,1,小倉,アバットゥータ,4,5,1,1.4,jra
202610020301,2026-07-04,1,小倉,ゴーツウキリシマ,2,6,3,12.4,jra
202610020301,2026-07-04,1,小倉,アドアプローズ,3,7,10,80.8,jra
202610020301,2026-07-04,1,小倉,シークレットキー,10,8,8,25.3,jra
202610020301,2026-07-04,1,小倉,パーセルペーパー,5,9,9,26.7,jra
202610020301,2026-07-04,1,小倉,アニージョ,8,10,6,19.9,jra
202610020301,2026-07-04,1,小倉,キムタックフェイス,1,11,12,142.1,jra
202610020301,2026-07-04,1,小倉,シュエットアムール,9,12,11,102.4,jra
202610020302,2026-07-04,2,小倉,ニシノトリビュート,4,1,8,16.2,jra
202610020302,2026-07-04,2,小倉,ナデシコザクラ,8,2,12,52.4,jra
202610020302,2026-07-04,2,小倉,ヒャクギマル,5,3,13,61.3,jra
202610020302,2026-07-04,2,小倉,シャンデリュイーズ,12,3,7,16.0,jra
202610020302,2026-07-04,2,小倉,マルモリキャスター,9,5,4,7.4,jra
202610020302,2026-07-04,2,小倉,ランスオブラヴ,15,6,3,6.4,jra
202610020302,2026-07-04,2,小倉,アイルトン,6,7,1,3.0,jra
202610020302,2026-07-04,2,小倉,パープルウインド,16,8,17,134.2,jra
202610020302,2026-07-04,2,小倉,ルージュルガーノ,13,9,2,5.1,jra
202610020302,2026-07-04,2,小倉,ロングジーニアス,2,10,10,31.2,jra
202610020302,2026-07-04,2,小倉,サラサキングスター,7,11,11,42.8,jra
202610020302,2026-07-04,2,小倉,レイノルズナンバー,10,12,18,153.8,jra
202610020302,2026-07-04,2,小倉,ミヤノラングリー,14,13,16,114.4,jra
202610020302,2026-07-04,2,小倉,デュードロップ,11,14,9,24.2,jra
202610020302,2026-07-04,2,小倉,リフルフォース,1,15,6,15.0,jra
202610020302,2026-07-04,2,小倉,アンコ,18,16,14,71.2,jra
202610020302,2026-07-04,2,小倉,マリノムーンリーフ,17,17,5,13.6,jra
202610020302,2026-07-04,2,小倉,メドウセージ,3,18,15,93.2,jra
202610020303,2026-07-04,3,小倉,ドリームプレミア,8,1,1,2.1,jra
202610020303,2026-07-04,3,小倉,シャンドラファール,11,2,2,3.4,jra
202610020303,2026-07-04,3,小倉,テイエムプレミラン,13,3,5,14.7,jra
202610020303,2026-07-04,3,小倉,シャリキモン,15,4,3,11.8,jra
202610020303,2026-07-04,3,小倉,リアライズパリオ,5,5,4,13.6,jra
202610020303,2026-07-04,3,小倉,レットミーテイク,1,6,10,44.4,jra
202610020303,2026-07-04,3,小倉,レイワノキセキ,9,7,11,54.2,jra
202610020303,2026-07-04,3,小倉,ブライトココナッツ,12,8,13,74.5,jra
202610020303,2026-07-04,3,小倉,メイショウシュハリ,10,9,14,127.5,jra
202610020303,2026-07-04,3,小倉,サトノトリニティ,7,10,7,20.2,jra
202610020303,2026-07-04,3,小倉,カパルア,14,11,8,25.7,jra
202610020303,2026-07-04,3,小倉,ベルドゥニュイ,2,12,16,241.0,jra
202610020303,2026-07-04,3,小倉,マイネルホウセン,16,13,6,18.8,jra
202610020303,2026-07-04,3,小倉,ビースペシフィック,3,14,15,155.2,jra
202610020303,2026-07-04,3,小倉,ミスティックレイン,6,15,12,66.6,jra
202610020303,2026-07-04,3,小倉,スピーチバルーン,4,16,9,32.4,jra
202610020304,2026-07-04,4,小倉,アンティスマ,6,1,2,3.7,jra
202610020304,2026-07-04,4,小倉,マーゴットガイア,1,2,1,2.0,jra
202610020304,2026-07-04,4,小倉,エンジェルグラース,16,3,9,38.4,jra
202610020304,2026-07-04,4,小倉,ヴォメロ,11,4,6,24.2,jra
202610020304,2026-07-04,4,小倉,ヒデガミティアラ,2,5,16,282.0,jra
202610020304,2026-07-04,4,小倉,カワキタベレッタ,4,6,13,194.3,jra
202610020304,2026-07-04,4,小倉,アキノビューティー,3,7,3,5.8,jra
202610020304,2026-07-04,4,小倉,ダンツカレン,9,8,12,92.7,jra
202610020304,2026-07-04,4,小倉,ショルタメンテ,7,9,10,63.1,jra
202610020304,2026-07-04,4,小倉,セントピュアベース,14,10,7,27.2,jra
202610020304,2026-07-04,4,小倉,オーケーキュート,5,11,4,14.3,jra
202610020304,2026-07-04,4,小倉,ヴェロシオン,15,12,14,215.4,jra
202610020304,2026-07-04,4,小倉,モンテパステル,8,13,8,31.4,jra
202610020304,2026-07-04,4,小倉,ダノンロワール,12,14,5,18.8,jra
202610020304,2026-07-04,4,小倉,デルマトカチ,13,15,15,273.2,jra
202610020304,2026-07-04,4,小倉,イットガール,10,16,11,64.5,jra
202610020305,2026-07-04,5,小倉,ブルーチップ,3,1,5,13.3,jra
202610020305,2026-07-04,5,小倉,プリンキピッサ,2,2,4,8.8,jra
202610020305,2026-07-04,5,小倉,シャローフォレスト,6,3,6,20.2,jra
202610020305,2026-07-04,5,小倉,ココモフィーバー,1,4,3,8.5,jra
202610020305,2026-07-04,5,小倉,マルモリマイベスト,11,5,11,137.1,jra
202610020305,2026-07-04,5,小倉,ナミオトノヒビキ,7,6,9,50.9,jra
202610020305,2026-07-04,5,小倉,ワイドアイリー,4,7,10,57.6,jra
202610020305,2026-07-04,5,小倉,ルマンサルト,12,8,2,8.2,jra
202610020305,2026-07-04,5,小倉,ディーエスシン,10,9,1,1.4,jra
202610020305,2026-07-04,5,小倉,テーオージャスミン,9,10,8,47.0,jra
202610020305,2026-07-04,5,小倉,ゴールドショーマン,13,11,7,33.1,jra
202610020305,2026-07-04,5,小倉,チョウチャンピオン,5,12,13,281.3,jra
202610020305,2026-07-04,5,小倉,カシノスワッグ,8,13,12,180.2,jra
202610020306,2026-07-04,6,小倉,ピエナオルカ,9,1,1,3.7,jra
202610020306,2026-07-04,6,小倉,ベルアズーロ,2,2,9,30.5,jra
202610020306,2026-07-04,6,小倉,キングズテイル,15,3,6,15.1,jra
202610020306,2026-07-04,6,小倉,キープシャイニング,14,4,4,5.7,jra
202610020306,2026-07-04,6,小倉,マーチンゲール,6,5,3,5.1,jra
202610020306,2026-07-04,6,小倉,ブクブクー,1,6,12,61.5,jra
202610020306,2026-07-04,6,小倉,カミノトップワン,8,7,15,163.5,jra
202610020306,2026-07-04,6,小倉,エクスマウス,3,8,14,160.4,jra
202610020306,2026-07-04,6,小倉,バチラ,13,9,10,45.0,jra
202610020306,2026-07-04,6,小倉,フルドフォルク,12,10,13,82.1,jra
202610020306,2026-07-04,6,小倉,ハギノクリーガー,16,11,16,271.3,jra
202610020306,2026-07-04,6,小倉,ラッキーストーン,10,12,7,21.7,jra
202610020306,2026-07-04,6,小倉,ピコオーバル,5,13,2,4.7,jra
202610020306,2026-07-04,6,小倉,ロンバルドシチー,11,14,8,29.8,jra
202610020306,2026-07-04,6,小倉,ジャスティンゴッホ,4,15,5,7.2,jra
202610020306,2026-07-04,6,小倉,クロワール,7,16,11,49.3,jra
202610020307,2026-07-04,7,小倉,ベンティガオルサ,10,1,2,4.5,jra
202610020307,2026-07-04,7,小倉,シュプリームレルム,9,2,4,7.8,jra
202610020307,2026-07-04,7,小倉,ララディアーブル,13,3,5,8.3,jra
202610020307,2026-07-04,7,小倉,フェブリノ,7,4,8,22.8,jra
202610020307,2026-07-04,7,小倉,ワンダーリュクス,6,5,14,285.0,jra
202610020307,2026-07-04,7,小倉,プロスト,14,6,10,58.6,jra
202610020307,2026-07-04,7,小倉,バックドラフト,11,7,7,19.5,jra
202610020307,2026-07-04,7,小倉,シンゼンイセ,5,8,16,319.3,jra
202610020307,2026-07-04,7,小倉,ホワイトフレイムス,16,9,3,5.7,jra
202610020307,2026-07-04,7,小倉,ジージージェット,12,10,6,18.5,jra
202610020307,2026-07-04,7,小倉,プリティウーマン,15,11,11,79.8,jra
202610020307,2026-07-04,7,小倉,ホウオウモチーヴ,4,12,1,2.6,jra
202610020307,2026-07-04,7,小倉,ワルツプリンセス,8,13,13,171.5,jra
202610020307,2026-07-04,7,小倉,サンライズレマ,1,14,12,91.0,jra
202610020307,2026-07-04,7,小倉,ステラネージュ,3,15,9,44.3,jra
202610020307,2026-07-04,7,小倉,テイエムローズダン,2,16,15,309.0,jra
202610020308,2026-07-04,8,小倉,ブルーマッキンジー,8,1,1,1.6,jra
202610020308,2026-07-04,8,小倉,カネコメファミリー,2,2,3,6.7,jra
202610020308,2026-07-04,8,小倉,プルミエールパス,6,3,8,33.2,jra
202610020308,2026-07-04,8,小倉,ベラジオリン,4,4,4,12.0,jra
202610020308,2026-07-04,8,小倉,アメリカンビヨンド,1,5,6,13.7,jra
202610020308,2026-07-04,8,小倉,アイファーモービル,11,6,7,33.1,jra
202610020308,2026-07-04,8,小倉,ミヤフロント,9,7,2,6.3,jra
202610020308,2026-07-04,8,小倉,ミヤラティーニ,13,8,9,38.9,jra
202610020308,2026-07-04,8,小倉,アスコットアイ,10,9,11,76.1,jra
202610020308,2026-07-04,8,小倉,エルル,3,10,5,13.1,jra
202610020308,2026-07-04,8,小倉,イチトゼロノアイダ,5,11,10,48.4,jra
202610020308,2026-07-04,8,小倉,ピオニエーレ,7,12,12,302.3,jra
202610020308,2026-07-04,8,小倉,ナムラトロム,12,13,13,403.3,jra
202610020309,2026-07-04,9,小倉,グッドピース,7,1,1,2.3,jra
202610020309,2026-07-04,9,小倉,ミライハーモニー,11,2,4,7.1,jra
202610020309,2026-07-04,9,小倉,ケイアイクビラ,5,3,7,16.9,jra
202610020309,2026-07-04,9,小倉,ラブアイミー,12,4,9,45.8,jra
202610020309,2026-07-04,9,小倉,キョラムン,4,5,2,5.2,jra
202610020309,2026-07-04,9,小倉,マウンテンバローズ,9,6,5,9.4,jra
202610020309,2026-07-04,9,小倉,ギザキズラヴ,8,7,10,58.4,jra
202610020309,2026-07-04,9,小倉,スピリットライズ,3,8,6,14.0,jra
202610020309,2026-07-04,9,小倉,ソリスディエス,6,9,8,20.2,jra
202610020309,2026-07-04,9,小倉,リアルアルバ,10,10,11,59.3,jra
202610020309,2026-07-04,9,小倉,フィオラーノ,1,11,3,6.9,jra
202610020309,2026-07-04,9,小倉,ネフェルアスティ,2,12,12,113.6,jra
202610020310,2026-07-04,10,小倉,ローズカリス,6,1,2,3.4,jra
202610020310,2026-07-04,10,小倉,パールフロント,8,2,4,9.8,jra
202610020310,2026-07-04,10,小倉,ザウリ,4,3,3,7.0,jra
202610020310,2026-07-04,10,小倉,ゴールデンバランス,12,4,1,2.7,jra
202610020310,2026-07-04,10,小倉,ペイシャヴァルツー,1,5,8,27.0,jra
202610020310,2026-07-04,10,小倉,リクエイ,5,6,11,43.5,jra
202610020310,2026-07-04,10,小倉,ディーエスショウマ,3,7,7,21.2,jra
202610020310,2026-07-04,10,小倉,セールヴォラン,10,8,5,9.9,jra
202610020310,2026-07-04,10,小倉,パルプフィクション,2,9,9,30.2,jra
202610020310,2026-07-04,10,小倉,ブルーノート,11,10,12,119.6,jra
202610020310,2026-07-04,10,小倉,アストラカ,9,11,10,34.2,jra
202610020310,2026-07-04,10,小倉,ジャスパーソレイユ,7,12,6,13.0,jra
202610020311,2026-07-04,11,小倉,ネブラディスク,3,1,2,2.4,jra
202610020311,2026-07-04,11,小倉,サウンドムーブ,4,2,1,2.2,jra
202610020311,2026-07-04,11,小倉,ハギノアルデバラン,1,3,10,65.0,jra
202610020311,2026-07-04,11,小倉,マトラコーニッシュ,14,4,7,23.3,jra
202610020311,2026-07-04,11,小倉,ドットクルー,8,5,13,93.2,jra
202610020311,2026-07-04,11,小倉,レディーミコノス,11,6,3,12.9,jra
202610020311,2026-07-04,11,小倉,アラタマフェーヴル,5,7,4,14.6,jra
202610020311,2026-07-04,11,小倉,アルトゥーム,9,8,14,118.0,jra
202610020311,2026-07-04,11,小倉,トーアライデン,7,9,8,35.8,jra
202610020311,2026-07-04,11,小倉,ナヴォーナ,6,10,12,75.3,jra
202610020311,2026-07-04,11,小倉,ウォーターガーベラ,12,11,6,22.5,jra
202610020311,2026-07-04,11,小倉,ヴィスマール,2,12,5,16.2,jra
202610020311,2026-07-04,11,小倉,モアリジット,13,13,9,37.5,jra
202610020311,2026-07-04,11,小倉,スリリングチェイス,10,14,11,74.0,jra
202610020312,2026-07-04,12,小倉,ユメシバイ,6,1,9,21.3,jra
202610020312,2026-07-04,12,小倉,ムーンリットアイル,1,2,1,2.6,jra
202610020312,2026-07-04,12,小倉,アカウフリューゲル,7,3,2,6.2,jra
202610020312,2026-07-04,12,小倉,ペガサスノース,4,4,6,10.4,jra
202610020312,2026-07-04,12,小倉,ジャンヌローサ,10,5,4,7.8,jra
202610020312,2026-07-04,12,小倉,ヒットザグラウンド,8,6,7,11.4,jra
202610020312,2026-07-04,12,小倉,ピリカサンライズ,11,7,11,165.3,jra
202610020312,2026-07-04,12,小倉,ラブカムーン,5,8,10,96.4,jra
202610020312,2026-07-04,12,小倉,ペンテリコン,3,9,5,9.7,jra
202610020312,2026-07-04,12,小倉,ミトノリン,12,10,3,6.8,jra
202610020312,2026-07-04,12,小倉,エピッククイーン,9,11,8,11.7,jra
202610020312,2026-07-04,12,小倉,コヒロ,2,12,12,257.4,jra
202602010801,2026-07-05,1,函館,ライーリーアース,4,1,5,9.4,jra
202602010801,2026-07-05,1,函館,チカバリエンテ,7,2,3,5.9,jra
202602010801,2026-07-05,1,函館,キチロクタワー,2,3,4,6.8,jra
202602010801,2026-07-05,1,函館,リアルジャパン,8,4,8,62.8,jra
202602010801,2026-07-05,1,函館,レインボースター,9,5,7,37.0,jra
202602010801,2026-07-05,1,函館,マナベラ,3,6,6,21.7,jra
202602010801,2026-07-05,1,函館,アイルドフルール,1,7,9,66.9,jra
202602010801,2026-07-05,1,函館,コックニー,6,8,1,1.8,jra
202602010801,2026-07-05,1,函館,クリアストライク,5,9,2,5.8,jra
202602010802,2026-07-05,2,函館,グレイトソン,10,1,1,1.8,jra
202602010802,2026-07-05,2,函館,カッサンドラ,3,2,2,4.9,jra
202602010802,2026-07-05,2,函館,マーマレードスカイ,7,3,3,6.0,jra
202602010802,2026-07-05,2,函館,カプリースカラー,5,4,8,51.3,jra
202602010802,2026-07-05,2,函館,ミスマラッカ,6,5,10,67.6,jra
202602010802,2026-07-05,2,函館,ジェッディンデデン,12,6,4,8.4,jra
202602010802,2026-07-05,2,函館,ロードベルファスト,11,7,11,89.0,jra
202602010802,2026-07-05,2,函館,ペイシャクロス,2,8,6,27.5,jra
202602010802,2026-07-05,2,函館,デルマハルナ,8,9,12,146.6,jra
202602010802,2026-07-05,2,函館,アクロスメモリア,1,10,5,10.3,jra
202602010802,2026-07-05,2,函館,ジャストキュート,9,11,7,32.1,jra
202602010802,2026-07-05,2,函館,カフェオドヴィー,4,12,9,56.2,jra
202602010803,2026-07-05,3,函館,クッカユフラ,11,1,8,44.6,jra
202602010803,2026-07-05,3,函館,ニシノモリミチ,1,2,2,3.1,jra
202602010803,2026-07-05,3,函館,ゴンフィンガー,13,3,1,2.3,jra
202602010803,2026-07-05,3,函館,レースクイーン,4,4,10,78.1,jra
202602010803,2026-07-05,3,函館,ジャストグレース,9,5,5,17.1,jra
202602010803,2026-07-05,3,函館,ヘイマー,7,6,11,105.2,jra
202602010803,2026-07-05,3,函館,ミリオングローリー,8,7,6,18.4,jra
202602010803,2026-07-05,3,函館,キャピタル,2,8,4,7.6,jra
202602010803,2026-07-05,3,函館,マツリダシリウス,10,9,9,60.7,jra
202602010803,2026-07-05,3,函館,ルナノーヴァ,14,10,12,115.4,jra
202602010803,2026-07-05,3,函館,ガダニーニ,6,11,7,28.3,jra
202602010803,2026-07-05,3,函館,ガーディアンテイル,12,12,3,7.1,jra
202602010803,2026-07-05,3,函館,オーキーベルセルク,5,13,13,129.9,jra
202602010803,2026-07-05,3,函館,カンフージョン,3,14,14,206.7,jra
202602010804,2026-07-05,4,函館,バレンタインビスタ,16,1,3,6.1,jra
202602010804,2026-07-05,4,函館,マメーアップル,2,2,6,9.8,jra
202602010804,2026-07-05,4,函館,ルージュフローラ,13,3,9,19.8,jra
202602010804,2026-07-05,4,函館,コスモファーブロス,12,4,2,4.9,jra
202602010804,2026-07-05,4,函館,ハルヒメ,6,5,5,7.1,jra
202602010804,2026-07-05,4,函館,ブルーエ,5,6,4,6.8,jra
202602010804,2026-07-05,4,函館,ルーチェコメット,7,7,8,18.2,jra
202602010804,2026-07-05,4,函館,プリュスエクラ,9,8,7,14.2,jra
202602010804,2026-07-05,4,函館,ジュディーイメル,10,9,1,4.1,jra
202602010804,2026-07-05,4,函館,ブライティアロード,4,10,16,392.2,jra
202602010804,2026-07-05,4,函館,パトリシア,3,11,13,171.1,jra
202602010804,2026-07-05,4,函館,ヘリオドール,8,12,15,364.4,jra
202602010804,2026-07-05,4,函館,アルマフレイヤ,11,13,14,219.8,jra
202602010804,2026-07-05,4,函館,ラストシャイニー,1,14,11,78.7,jra
202602010804,2026-07-05,4,函館,チャーミングアイ,15,15,10,19.9,jra
202602010804,2026-07-05,4,函館,レオダーム,14,16,12,168.3,jra
202602010805,2026-07-05,5,函館,ショウナンガレオン,1,1,1,1.3,jra
202602010805,2026-07-05,5,函館,ダノンキューブ,2,2,2,6.0,jra
202602010805,2026-07-05,5,函館,スーパーユタカ,3,3,3,6.1,jra
202602010805,2026-07-05,5,函館,アートオブブライト,5,4,4,9.7,jra
202602010805,2026-07-05,5,函館,サトノパラディ,4,5,5,13.0,jra
202602010806,2026-07-05,6,函館,エイシンインアウト,6,1,3,5.6,jra
202602010806,2026-07-05,6,函館,ギオンバヤシ,16,2,2,4.5,jra
202602010806,2026-07-05,6,函館,ショウナンマルチ,12,3,1,2.3,jra
202602010806,2026-07-05,6,函館,ウインカトリーヌ,7,4,10,32.4,jra
202602010806,2026-07-05,6,函館,マコトアディントン,3,5,4,11.1,jra
202602010806,2026-07-05,6,函館,ルナティックブルー,10,6,9,29.6,jra
202602010806,2026-07-05,6,函館,テンレディーゴー,13,7,11,91.0,jra
202602010806,2026-07-05,6,函館,ゴコウコイコイ,8,8,6,11.5,jra
202602010806,2026-07-05,6,函館,パンキー,1,9,5,11.5,jra
202602010806,2026-07-05,6,函館,ティラユール,5,10,14,369.8,jra
202602010806,2026-07-05,6,函館,ヤクジョ,4,11,7,21.7,jra
202602010806,2026-07-05,6,函館,タイセイネクサス,2,12,15,423.7,jra
202602010806,2026-07-05,6,函館,ファーザーアウェイ,15,13,8,26.9,jra
202602010806,2026-07-05,6,函館,アルタティール,11,14,13,301.2,jra
202602010806,2026-07-05,6,函館,デルマノリクラ,14,15,16,642.4,jra
202602010806,2026-07-05,6,函館,リトルコリンズ,9,16,12,213.8,jra
202602010807,2026-07-05,7,函館,キャリーグレイス,7,1,2,3.3,jra
202602010807,2026-07-05,7,函館,キャンドルマス,8,2,3,5.3,jra
202602010807,2026-07-05,7,函館,アルヘンティニータ,2,3,4,5.7,jra
202602010807,2026-07-05,7,函館,クイーンレグナント,4,4,5,6.4,jra
202602010807,2026-07-05,7,函館,ムーンブランシュ,3,5,1,2.6,jra
202602010807,2026-07-05,7,函館,パーティーガール,6,6,9,165.0,jra
202602010807,2026-07-05,7,函館,カップッチョ,9,7,8,100.0,jra
202602010807,2026-07-05,7,函館,マインセーラ,5,8,7,86.2,jra
202602010807,2026-07-05,7,函館,ジェイエルライナー,1,9,6,44.9,jra
202602010808,2026-07-05,8,函館,アオハルブルース,4,1,1,2.1,jra
202602010808,2026-07-05,8,函館,ポンピエ,2,2,3,5.5,jra
202602010808,2026-07-05,8,函館,ファンタイムギフト,1,3,5,8.5,jra
202602010808,2026-07-05,8,函館,ゴールドドレッサ,6,4,4,6.8,jra
202602010808,2026-07-05,8,函館,ナクライト,8,5,2,3.6,jra
202602010808,2026-07-05,8,函館,ブリスフル,5,6,7,35.9,jra
202602010808,2026-07-05,8,函館,マジカルシャイン,7,7,6,35.5,jra
202602010808,2026-07-05,8,函館,スタンピー,3,8,8,58.0,jra
202602010809,2026-07-05,9,函館,サンタアニタ,16,1,4,8.6,jra
202602010809,2026-07-05,9,函館,マジカルフェアリー,3,2,13,65.4,jra
202602010809,2026-07-05,9,函館,マナボニート,6,3,1,2.9,jra
202602010809,2026-07-05,9,函館,ハリウッドメモリー,2,4,3,5.1,jra
202602010809,2026-07-05,9,函館,ショウナンカリス,13,5,2,4.5,jra
202602010809,2026-07-05,9,函館,ベビーズブレス,11,6,5,11.9,jra
202602010809,2026-07-05,9,函館,スイミーユニバンス,1,7,14,121.3,jra
202602010809,2026-07-05,9,函館,セイプリーズ,14,8,12,50.4,jra
202602010809,2026-07-05,9,函館,ベルビースタローン,10,9,8,25.2,jra
202602010809,2026-07-05,9,函館,ヒラボクミニー,12,10,11,40.7,jra
202602010809,2026-07-05,9,函館,ラスティングスノー,8,11,9,26.3,jra
202602010809,2026-07-05,9,函館,ミニョンマルーン,9,12,10,29.0,jra
202602010809,2026-07-05,9,函館,リリーフィールド,7,13,6,16.8,jra
202602010809,2026-07-05,9,函館,マルプリ,4,14,15,169.9,jra
202602010809,2026-07-05,9,函館,ゴキゲンサン,5,15,16,184.2,jra
202602010809,2026-07-05,9,函館,モズアンタレス,15,16,7,21.6,jra
202602010810,2026-07-05,10,函館,アルマデオロ,1,1,1,1.8,jra
202602010810,2026-07-05,10,函館,アスクデッドヒート,7,2,3,7.7,jra
202602010810,2026-07-05,10,函館,バースライト,11,3,2,7.4,jra
202602010810,2026-07-05,10,函館,ラーシャローム,8,4,4,8.4,jra
202602010810,2026-07-05,10,函館,ジュンツバメガエシ,6,5,7,17.3,jra
202602010810,2026-07-05,10,函館,リアルファインド,3,6,8,22.8,jra
202602010810,2026-07-05,10,函館,ライフセービング,10,7,9,38.0,jra
202602010810,2026-07-05,10,函館,ブリヤディアマンテ,9,8,10,55.5,jra
202602010810,2026-07-05,10,函館,リギーロ,5,9,6,12.5,jra
202602010810,2026-07-05,10,函館,アメジストブラック,2,10,11,70.2,jra
202602010810,2026-07-05,10,函館,ゴールデンパゴーダ,4,11,5,12.3,jra
202602010811,2026-07-05,11,函館,ワイドブリザード,11,1,4,5.1,jra
202602010811,2026-07-05,11,函館,レヴォントゥレット,6,2,7,13.6,jra
202602010811,2026-07-05,11,函館,ヒルノハンブルク,7,3,5,6.3,jra
202602010811,2026-07-05,11,函館,オウギノカナメ,1,4,8,31.6,jra
202602010811,2026-07-05,11,函館,プロミストジーン,4,5,1,4.2,jra
202602010811,2026-07-05,11,函館,ホールシバン,5,6,11,106.9,jra
202602010811,2026-07-05,11,函館,ラタフォレスト,2,7,2,4.5,jra
202602010811,2026-07-05,11,函館,テーオードレフォン,3,8,9,37.7,jra
202602010811,2026-07-05,11,函館,アスクデビューモア,8,9,10,62.3,jra
202602010811,2026-07-05,11,函館,カナルビーグル,9,10,6,10.8,jra
202602010811,2026-07-05,11,函館,コトホドサヨウニ,10,11,3,5.0,jra
202602010812,2026-07-05,12,函館,ララバニュルス,4,1,1,2.3,jra
202602010812,2026-07-05,12,函館,ハーモニーソング,7,2,3,7.6,jra
202602010812,2026-07-05,12,函館,コモンスナイプ,10,3,4,8.5,jra
202602010812,2026-07-05,12,函館,ソードマスター,1,4,6,14.6,jra
202602010812,2026-07-05,12,函館,ブライトアゲイン,6,5,5,10.4,jra
202602010812,2026-07-05,12,函館,ユーベルジーク,3,6,10,144.0,jra
202602010812,2026-07-05,12,函館,フレンドモナコ,5,7,7,63.1,jra
202602010812,2026-07-05,12,函館,グランフィエルテ,9,8,2,2.6,jra
202602010812,2026-07-05,12,函館,ブラヴィーノ,8,9,9,120.7,jra
202602010812,2026-07-05,12,函館,マイオウンウェイ,2,10,8,85.6,jra
202603020401,2026-07-05,1,福島,オウケンハニー,10,1,4,8.0,jra
202603020401,2026-07-05,1,福島,デルマザオウ,11,2,7,12.3,jra
202603020401,2026-07-05,1,福島,ペールデュクラン,5,3,2,4.3,jra
202603020401,2026-07-05,1,福島,ドナソラーレ,2,4,5,8.0,jra
202603020401,2026-07-05,1,福島,バーヴァンシー,13,5,1,4.0,jra
202603020401,2026-07-05,1,福島,マイトリックスター,12,6,10,54.9,jra
202603020401,2026-07-05,1,福島,オリエンタルガール,8,7,13,112.8,jra
202603020401,2026-07-05,1,福島,オーシャンミューズ,4,8,15,173.6,jra
202603020401,2026-07-05,1,福島,ミュージックレイン,14,9,6,10.9,jra
202603020401,2026-07-05,1,福島,バイアブランカ,15,10,3,4.9,jra
202603020401,2026-07-05,1,福島,ナックレジーナ,3,11,8,19.9,jra
202603020401,2026-07-05,1,福島,マネーマネー,1,12,12,79.2,jra
202603020401,2026-07-05,1,福島,デルマツルギ,9,13,11,68.5,jra
202603020401,2026-07-05,1,福島,リトルベルタ,6,14,9,32.9,jra
202603020401,2026-07-05,1,福島,アンジュリオ,7,15,14,137.0,jra
202603020402,2026-07-05,2,福島,ゴールドパレード,8,1,3,5.4,jra
202603020402,2026-07-05,2,福島,ダイユウルミナス,2,2,5,14.6,jra
202603020402,2026-07-05,2,福島,シルバーアックス,11,3,1,3.3,jra
202603020402,2026-07-05,2,福島,エンジェルサン,10,4,13,70.0,jra
202603020402,2026-07-05,2,福島,ニシノタチアナ,3,5,7,16.5,jra
202603020402,2026-07-05,2,福島,ハルカオル,1,6,9,19.2,jra
202603020402,2026-07-05,2,福島,ドリーマーズ,13,7,14,92.5,jra
202603020402,2026-07-05,2,福島,ハッピースーニャ,14,8,4,14.3,jra
202603020402,2026-07-05,2,福島,ブロークンハート,9,9,2,3.5,jra
202603020402,2026-07-05,2,福島,ネオアンボウ,6,10,12,63.9,jra
202603020402,2026-07-05,2,福島,セイウンプーパ,4,11,6,15.1,jra
202603020402,2026-07-05,2,福島,ケイベエ,12,12,11,53.5,jra
202603020402,2026-07-05,2,福島,トウシンラヴ,7,13,8,16.7,jra
202603020402,2026-07-05,2,福島,ローズバラード,15,14,15,268.4,jra
202603020402,2026-07-05,2,福島,ホカミテダメ,5,15,10,20.6,jra
202603020403,2026-07-05,3,福島,マーゴットドライ,5,1,3,4.3,jra
202603020403,2026-07-05,3,福島,ヤマメホープ,14,2,1,3.2,jra
202603020403,2026-07-05,3,福島,ベルランコントル,3,3,5,8.9,jra
202603020403,2026-07-05,3,福島,プラネタリーアワー,9,4,12,130.3,jra
202603020403,2026-07-05,3,福島,ソロンゴ,10,4,9,28.6,jra
202603020403,2026-07-05,3,福島,ワインダークシー,11,6,2,4.3,jra
202603020403,2026-07-05,3,福島,ヘルヴィッツ,16,7,6,18.4,jra
202603020403,2026-07-05,3,福島,ダイシンパルス,6,8,13,139.1,jra
202603020403,2026-07-05,3,福島,ラスタリア,2,9,11,71.5,jra
202603020403,2026-07-05,3,福島,シュガーシャック,7,10,10,43.0,jra
202603020403,2026-07-05,3,福島,クラックミーアップ,12,11,14,175.6,jra
202603020403,2026-07-05,3,福島,ロマンス,1,12,7,19.9,jra
202603020403,2026-07-05,3,福島,セシルブリュネ,4,13,4,8.2,jra
202603020403,2026-07-05,3,福島,スカイプライド,15,14,15,210.0,jra
202603020403,2026-07-05,3,福島,ブラッククラウズ,8,15,8,23.1,jra
202603020403,2026-07-05,3,福島,ウキヨノサンシロウ,13,16,16,276.9,jra
202603020404,2026-07-05,4,福島,コウソクルリアン,10,1,1,2.9,jra
202603020404,2026-07-05,4,福島,スピニンググローブ,8,2,8,33.1,jra
202603020404,2026-07-05,4,福島,シェリアドレ,15,3,3,4.6,jra
202603020404,2026-07-05,4,福島,エリースノー,4,4,5,11.8,jra
202603020404,2026-07-05,4,福島,セイウンヤオヨロズ,13,5,4,7.1,jra
202603020404,2026-07-05,4,福島,フェイスリフト,7,6,2,3.6,jra
202603020404,2026-07-05,4,福島,フジコンフィデンス,11,7,9,35.5,jra
202603020404,2026-07-05,4,福島,ジーティーソレイユ,2,8,10,51.2,jra
202603020404,2026-07-05,4,福島,リアルパラダイス,16,9,12,169.4,jra
202603020404,2026-07-05,4,福島,トレフォイルノット,1,10,7,29.5,jra
202603020404,2026-07-05,4,福島,ブルーダイヤシチー,3,11,11,143.9,jra
202603020404,2026-07-05,4,福島,ハクサンミレイ,5,12,6,15.5,jra
202603020404,2026-07-05,4,福島,イゲマジャ,9,13,16,390.8,jra
202603020404,2026-07-05,4,福島,ライヴギムレット,14,14,13,256.4,jra
202603020404,2026-07-05,4,福島,ドングラミ,12,15,14,286.4,jra
202603020404,2026-07-05,4,福島,エスコルチア,6,16,15,371.3,jra
202603020405,2026-07-05,5,福島,エスクアドラ,5,1,2,3.3,jra
202603020405,2026-07-05,5,福島,プリンキパトゥス,12,2,10,49.6,jra
202603020405,2026-07-05,5,福島,ビートル,14,3,6,24.4,jra
202603020405,2026-07-05,5,福島,ノシェリー,1,4,7,24.8,jra
202603020405,2026-07-05,5,福島,タイセイソアリング,10,5,12,68.6,jra
202603020405,2026-07-05,5,福島,ミッドナイトフレア,6,6,3,6.0,jra
202603020405,2026-07-05,5,福島,フレンデル,8,7,5,18.9,jra
202603020405,2026-07-05,5,福島,ランドジャイアンツ,2,8,11,56.5,jra
202603020405,2026-07-05,5,福島,ドナズエクリプス,16,9,8,33.1,jra
202603020405,2026-07-05,5,福島,ファウナード,13,10,9,37.1,jra
202603020405,2026-07-05,5,福島,ゴールドテソーロ,7,11,1,2.6,jra
202603020405,2026-07-05,5,福島,ブライトシーン,3,12,14,125.2,jra
202603020405,2026-07-05,5,福島,リアライズグロリア,11,13,4,7.5,jra
202603020405,2026-07-05,5,福島,ミリオ,4,14,13,86.6,jra
202603020405,2026-07-05,5,福島,ブロンクス,15,15,16,251.9,jra
202603020406,2026-07-05,6,福島,ピクニックマーチ,10,1,6,8.9,jra
202603020406,2026-07-05,6,福島,シュネーバレン,8,2,2,4.3,jra
202603020406,2026-07-05,6,福島,エストレアボニータ,9,3,7,9.5,jra
202603020406,2026-07-05,6,福島,タガノカハンカ,13,4,5,7.9,jra
202603020406,2026-07-05,6,福島,スターバーナー,1,5,1,3.9,jra
202603020406,2026-07-05,6,福島,ダンシングアワー,4,6,13,190.4,jra
202603020406,2026-07-05,6,福島,イヴナンバーフォー,12,7,3,5.2,jra
202603020406,2026-07-05,6,福島,ジンクピリチオン,7,8,8,32.3,jra
202603020406,2026-07-05,6,福島,エーオープリマ,5,9,4,6.3,jra
202603020406,2026-07-05,6,福島,エレスレイプニル,3,10,11,117.0,jra
202603020406,2026-07-05,6,福島,エレガントステップ,6,11,9,63.5,jra
202603020406,2026-07-05,6,福島,ヴェットビルズ,2,12,12,167.6,jra
202603020406,2026-07-05,6,福島,ゴーゼンチュー,11,13,10,116.3,jra
202603020407,2026-07-05,7,福島,ヴンダーバール,6,1,1,2.7,jra
202603020407,2026-07-05,7,福島,リポジノ,12,2,8,26.0,jra
202603020407,2026-07-05,7,福島,ケープウィッカム,3,3,3,5.4,jra
202603020407,2026-07-05,7,福島,ブルーサーマル,14,4,7,23.0,jra
202603020407,2026-07-05,7,福島,ランスノーブル,9,5,5,16.0,jra
202603020407,2026-07-05,7,福島,デルマアポロニア,7,6,6,16.9,jra
202603020407,2026-07-05,7,福島,フォンデネージュ,4,7,10,63.1,jra
202603020407,2026-07-05,7,福島,グランコネクシオン,5,8,9,50.1,jra
202603020407,2026-07-05,7,福島,マタミカンサン,11,9,4,7.0,jra
202603020407,2026-07-05,7,福島,グランシャット,13,10,14,267.7,jra
202603020407,2026-07-05,7,福島,エイミームーン,8,11,12,190.3,jra
202603020407,2026-07-05,7,福島,ベルフィーヌ,10,12,11,71.7,jra
202603020407,2026-07-05,7,福島,コヴェナント,2,13,15,316.7,jra
202603020407,2026-07-05,7,福島,アスコットヴェール,15,14,2,3.4,jra
202603020407,2026-07-05,7,福島,ニコ,1,15,13,210.8,jra
202603020408,2026-07-05,8,福島,オックスアイ,6,1,3,5.4,jra
202603020408,2026-07-05,8,福島,ジャグアール,4,2,5,10.2,jra
202603020408,2026-07-05,8,福島,ミエノストロング,1,3,1,2.0,jra
202603020408,2026-07-05,8,福島,サンブライト,8,4,2,4.8,jra
202603020408,2026-07-05,8,福島,ウインイルネージュ,11,5,9,73.2,jra
202603020408,2026-07-05,8,福島,クモヒトツナイ,3,6,8,28.8,jra
202603020408,2026-07-05,8,福島,ヒラボクヒーロー,10,7,11,176.9,jra
202603020408,2026-07-05,8,福島,カリーン,2,8,4,7.7,jra
202603020408,2026-07-05,8,福島,ティティナ,12,9,6,21.9,jra
202603020408,2026-07-05,8,福島,リネンタイリン,9,10,7,28.1,jra
202603020408,2026-07-05,8,福島,タッカーバレット,7,11,12,191.2,jra
202603020408,2026-07-05,8,福島,サンシップ,5,12,10,159.8,jra
202603020409,2026-07-05,9,福島,カーヌスティ,13,1,4,6.9,jra
202603020409,2026-07-05,9,福島,イゾラフェリーチェ,11,2,5,7.7,jra
202603020409,2026-07-05,9,福島,フェルミアーク,9,3,1,3.3,jra
202603020409,2026-07-05,9,福島,セイウンデセオ,5,4,6,9.7,jra
202603020409,2026-07-05,9,福島,ラパンチュール,3,5,2,5.8,jra
202603020409,2026-07-05,9,福島,ジョウゲンノツキ,16,6,12,61.7,jra
202603020409,2026-07-05,9,福島,ホウオウブースター,15,7,13,79.8,jra
202603020409,2026-07-05,9,福島,マキシマムドライブ,14,8,3,6.8,jra
202603020409,2026-07-05,9,福島,ライクアフラワー,10,9,10,35.5,jra
202603020409,2026-07-05,9,福島,マンウォル,4,10,11,45.0,jra
202603020409,2026-07-05,9,福島,バシレイア,1,11,8,19.5,jra
202603020409,2026-07-05,9,福島,ヴェナートル,12,12,9,23.2,jra
202603020409,2026-07-05,9,福島,ジャガード,2,13,16,139.0,jra
202603020409,2026-07-05,9,福島,フェデルミエール,7,14,14,100.1,jra
202603020409,2026-07-05,9,福島,エリカカリーナ,8,15,7,15.8,jra
202603020409,2026-07-05,9,福島,ゼンダンタカ,6,16,15,127.5,jra
202603020410,2026-07-05,10,福島,ベストミーエヴァー,5,1,1,1.3,jra
202603020410,2026-07-05,10,福島,ワザモノ,1,2,4,13.6,jra
202603020410,2026-07-05,10,福島,ペッレグリーニ,4,3,5,18.4,jra
202603020410,2026-07-05,10,福島,シャイニースイフト,8,4,9,49.7,jra
202603020410,2026-07-05,10,福島,グランカンタンテ,11,5,2,7.8,jra
202603020410,2026-07-05,10,福島,マイネルフォルツァ,2,6,3,11.3,jra
202603020410,2026-07-05,10,福島,バセリーナ,9,7,8,21.2,jra
202603020410,2026-07-05,10,福島,ロゼル,3,8,10,100.8,jra
202603020410,2026-07-05,10,福島,ビッグデイメイク,12,9,12,310.4,jra
202603020410,2026-07-05,10,福島,リアンベーレ,10,10,7,19.4,jra
202603020410,2026-07-05,10,福島,レッドダンルース,7,11,6,19.0,jra
202603020410,2026-07-05,10,福島,ヨシヒロ,6,12,11,175.4,jra
202603020411,2026-07-05,11,福島,ストレングス,7,1,6,9.7,jra
202603020411,2026-07-05,11,福島,ミッキーヌチバナ,8,2,5,9.4,jra
202603020411,2026-07-05,11,福島,メリークリスマス,1,3,2,4.0,jra
202603020411,2026-07-05,11,福島,シゲルショウグン,12,4,3,5.6,jra
202603020411,2026-07-05,11,福島,ハビレ,15,5,7,14.5,jra
202603020411,2026-07-05,11,福島,ニシキギミッチー,6,6,8,28.7,jra
202603020411,2026-07-05,11,福島,ショウナンライシン,11,7,10,30.3,jra
202603020411,2026-07-05,11,福島,カンピオーネ,2,8,9,29.0,jra
202603020411,2026-07-05,11,福島,ロジアデレード,9,9,1,3.9,jra
202603020411,2026-07-05,11,福島,ポッドロゴ,5,10,4,8.6,jra
202603020411,2026-07-05,11,福島,サンマルパトロール,13,11,15,235.2,jra
202603020411,2026-07-05,11,福島,ベルウェザー,4,12,11,30.3,jra
202603020411,2026-07-05,11,福島,ピースオブザライフ,14,13,14,133.4,jra
202603020411,2026-07-05,11,福島,ルージュアベリア,10,14,12,39.9,jra
202603020411,2026-07-05,11,福島,サクラトップリアル,3,15,13,109.3,jra
202603020412,2026-07-05,12,福島,モーゲンセン,8,1,7,12.9,jra
202603020412,2026-07-05,12,福島,トモジャオーリー,5,2,1,4.2,jra
202603020412,2026-07-05,12,福島,ゼファーテソーロ,13,3,6,12.4,jra
202603020412,2026-07-05,12,福島,キングクレオール,6,4,15,343.1,jra
202603020412,2026-07-05,12,福島,レインボーラッキー,12,5,10,43.7,jra
202603020412,2026-07-05,12,福島,ヴァイオスペース,3,6,11,51.2,jra
202603020412,2026-07-05,12,福島,リバージュエル,7,7,14,183.8,jra
202603020412,2026-07-05,12,福島,ヨドノティアラ,2,8,5,8.1,jra
202603020412,2026-07-05,12,福島,ピコレッド,1,9,2,4.5,jra
202603020412,2026-07-05,12,福島,カンレイスター,4,10,4,6.5,jra
202603020412,2026-07-05,12,福島,スカイダイバー,10,11,9,38.0,jra
202603020412,2026-07-05,12,福島,プレザントトーン,11,12,12,165.5,jra
202603020412,2026-07-05,12,福島,ランドスター,15,13,3,4.9,jra
202603020412,2026-07-05,12,福島,アースミューズ,14,14,8,14.5,jra
202603020412,2026-07-05,12,福島,ノーブルオリンポス,9,15,13,167.6,jra
202610020401,2026-07-05,1,小倉,ドラギニャン,12,1,3,6.0,jra
202610020401,2026-07-05,1,小倉,ガストン,3,2,4,6.8,jra
202610020401,2026-07-05,1,小倉,ボールドハーテッド,2,3,5,8.7,jra
202610020401,2026-07-05,1,小倉,ホウオウスターツ,6,4,9,44.3,jra
202610020401,2026-07-05,1,小倉,タガノバルコス,8,5,2,4.8,jra
202610020401,2026-07-05,1,小倉,ストラクチャー,5,6,7,13.2,jra
202610020401,2026-07-05,1,小倉,モズナイスバディー,4,7,1,3.1,jra
202610020401,2026-07-05,1,小倉,メイショウブレゲ,11,8,6,8.8,jra
202610020401,2026-07-05,1,小倉,リッケンバッカー,10,9,8,18.3,jra
202610020401,2026-07-05,1,小倉,ルルフィーユ,9,10,12,161.6,jra
202610020401,2026-07-05,1,小倉,スペルキャスター,1,11,11,101.0,jra
202610020402,2026-07-05,2,小倉,リエーヴェ,10,1,1,1.8,jra
202610020402,2026-07-05,2,小倉,スイトーヨ,7,2,5,14.1,jra
202610020402,2026-07-05,2,小倉,ニシノキヅイタラ,8,3,6,18.6,jra
202610020402,2026-07-05,2,小倉,タカモリ,2,4,2,5.5,jra
202610020402,2026-07-05,2,小倉,ワッザイカ,14,5,13,147.6,jra
202610020402,2026-07-05,2,小倉,ルーストカール,6,6,11,133.6,jra
202610020402,2026-07-05,2,小倉,ヘキレキ,9,7,4,9.7,jra
202610020402,2026-07-05,2,小倉,ニシノマティーニ,3,8,9,40.3,jra
202610020402,2026-07-05,2,小倉,ココニイルヨ,16,9,8,19.6,jra
202610020402,2026-07-05,2,小倉,ユイノジカンカセギ,1,10,3,8.4,jra
202610020402,2026-07-05,2,小倉,カシノクロサイト,4,11,10,98.2,jra
202610020402,2026-07-05,2,小倉,グレートキリシマ,5,12,7,18.8,jra
202610020402,2026-07-05,2,小倉,カシノヴィタ,13,13,12,139.6,jra
202610020402,2026-07-05,2,小倉,ユイパルティ,15,14,15,207.6,jra
202610020402,2026-07-05,2,小倉,カシノカゲマル,12,15,14,176.6,jra
202610020402,2026-07-05,2,小倉,ラブマイティー,11,16,16,280.3,jra
202610020403,2026-07-05,3,小倉,アオイハルカ,5,1,8,39.3,jra
202610020403,2026-07-05,3,小倉,ベルトナリテ,12,2,16,160.9,jra
202610020403,2026-07-05,3,小倉,タイセイアビオン,6,3,9,43.7,jra
202610020403,2026-07-05,3,小倉,ウィスカーパッド,4,4,3,4.5,jra
202610020403,2026-07-05,3,小倉,クラリノ,8,5,14,118.2,jra
202610020403,2026-07-05,3,小倉,サンタカタリナ,3,6,6,18.7,jra
202610020403,2026-07-05,3,小倉,リボンインザスカイ,7,7,5,12.5,jra
202610020403,2026-07-05,3,小倉,ティタノマキア,17,8,2,4.1,jra
202610020403,2026-07-05,3,小倉,ノヴァレジーナ,18,9,13,72.9,jra
202610020403,2026-07-05,3,小倉,メイショウコハル,11,10,4,7.9,jra
202610020403,2026-07-05,3,小倉,トライアンドエラー,14,11,15,124.1,jra
202610020403,2026-07-05,3,小倉,オーマイラッキーン,10,12,7,22.0,jra
202610020403,2026-07-05,3,小倉,グランブーケ,1,13,12,62.0,jra
202610020403,2026-07-05,3,小倉,ゴッドアミーラ,15,14,10,47.4,jra
202610020403,2026-07-05,3,小倉,ケンブリッジグレイ,2,15,11,58.2,jra
202610020403,2026-07-05,3,小倉,ノクスカンパーナ,13,16,17,173.9,jra
202610020403,2026-07-05,3,小倉,メイプルキュート,9,17,18,197.6,jra
202610020404,2026-07-05,4,小倉,リトセア,6,1,5,12.2,jra
202610020404,2026-07-05,4,小倉,メイワキラリ,5,2,6,13.1,jra
202610020404,2026-07-05,4,小倉,モズタイシソウシ,4,3,3,8.7,jra
202610020404,2026-07-05,4,小倉,サトノロザリー,8,4,1,1.9,jra
202610020404,2026-07-05,4,小倉,ショウナンタマユラ,2,5,4,10.1,jra
202610020404,2026-07-05,4,小倉,アルミラージ,12,6,9,29.9,jra
202610020404,2026-07-05,4,小倉,トモジャカトゥーラ,1,7,13,219.0,jra
202610020404,2026-07-05,4,小倉,スターペスアンナ,7,8,14,222.3,jra
202610020404,2026-07-05,4,小倉,ナツノオジョウサマ,11,9,10,42.8,jra
202610020404,2026-07-05,4,小倉,タマモビスケット,10,10,8,25.7,jra
202610020404,2026-07-05,4,小倉,ファイアプレイス,14,11,2,5.3,jra
202610020404,2026-07-05,4,小倉,ロードフリューゲル,13,12,7,18.9,jra
202610020404,2026-07-05,4,小倉,ナムラステラ,9,13,12,159.0,jra
202610020404,2026-07-05,4,小倉,モズナツノジン,3,14,11,132.9,jra
202610020405,2026-07-05,5,小倉,ポルトブルー,1,1,6,14.1,jra
202610020405,2026-07-05,5,小倉,アーデルボーデン,11,2,7,18.4,jra
202610020405,2026-07-05,5,小倉,シャローチャンプ,8,3,4,8.8,jra
202610020405,2026-07-05,5,小倉,ヤマニンイハナ,2,4,12,150.9,jra
202610020405,2026-07-05,5,小倉,アシャカブラーヴ,3,5,11,134.5,jra
202610020405,2026-07-05,5,小倉,オーラムミーティア,7,6,9,41.5,jra
202610020405,2026-07-05,5,小倉,ウィモウェ,12,7,10,43.3,jra
202610020405,2026-07-05,5,小倉,ジャンゴッド,9,8,1,1.7,jra
202610020405,2026-07-05,5,小倉,ヴェールダムール,10,9,3,7.9,jra
202610020405,2026-07-05,5,小倉,ゴルディアス,5,10,5,12.2,jra
202610020405,2026-07-05,5,小倉,ロードフェルム,4,11,8,25.2,jra
202610020405,2026-07-05,5,小倉,タイセイルミナス,6,12,2,7.5,jra
202610020406,2026-07-05,6,小倉,タケルレジェンド,1,1,1,2.7,jra
202610020406,2026-07-05,6,小倉,ファラオクィーン,7,2,3,4.8,jra
202610020406,2026-07-05,6,小倉,ジョウショーツヨシ,9,3,2,2.9,jra
202610020406,2026-07-05,6,小倉,ヴェルヴィエ,2,4,6,19.2,jra
202610020406,2026-07-05,6,小倉,ボビーザグレート,6,5,5,17.6,jra
202610020406,2026-07-05,6,小倉,エボニーウイング,3,6,4,8.2,jra
202610020406,2026-07-05,6,小倉,シュライアハフト,11,7,9,63.8,jra
202610020406,2026-07-05,6,小倉,ファータカエリ,5,8,8,40.3,jra
202610020406,2026-07-05,6,小倉,トリオノチカラ,10,9,7,22.4,jra
202610020406,2026-07-05,6,小倉,アテンド,4,10,11,81.5,jra
202610020406,2026-07-05,6,小倉,アイルエクラ,8,11,10,65.8,jra
202610020407,2026-07-05,7,小倉,ドラムメジャー,1,1,2,4.5,jra
202610020407,2026-07-05,7,小倉,ホッコームジカ,13,2,8,35.8,jra
202610020407,2026-07-05,7,小倉,トウカイジーク,7,3,3,6.2,jra
202610020407,2026-07-05,7,小倉,ケイアイブラック,12,4,5,15.7,jra
202610020407,2026-07-05,7,小倉,メイショウジーニー,6,5,14,121.4,jra
202610020407,2026-07-05,7,小倉,ファイティンアスク,8,6,6,16.6,jra
202610020407,2026-07-05,7,小倉,ベルフィーノ,16,7,9,39.0,jra
202610020407,2026-07-05,7,小倉,キャンディーズ,4,8,13,98.7,jra
202610020407,2026-07-05,7,小倉,グロリアスニケ,15,9,15,151.4,jra
202610020407,2026-07-05,7,小倉,タワーオブバベル,2,10,4,8.6,jra
202610020407,2026-07-05,7,小倉,ファーストアタック,5,11,7,16.9,jra
202610020407,2026-07-05,7,小倉,ルルハート,11,12,10,53.8,jra
202610020407,2026-07-05,7,小倉,サウンドヴィヴァン,3,13,11,58.5,jra
202610020407,2026-07-05,7,小倉,アッセクシー,10,14,16,177.3,jra
202610020407,2026-07-05,7,小倉,ナムラオットー,9,15,12,70.2,jra
202610020407,2026-07-05,7,小倉,パトローナス,14,16,1,2.2,jra
202610020408,2026-07-05,8,小倉,サトノアイボリー,3,1,4,6.3,jra
202610020408,2026-07-05,8,小倉,ビヨンドザドリーム,9,2,7,25.8,jra
202610020408,2026-07-05,8,小倉,ワンダフルボンド,5,3,1,2.7,jra
202610020408,2026-07-05,8,小倉,ヨカオウ,10,4,2,3.8,jra
202610020408,2026-07-05,8,小倉,クラウディアイ,6,5,5,7.0,jra
202610020408,2026-07-05,8,小倉,シンドリームシン,1,6,3,5.3,jra
202610020408,2026-07-05,8,小倉,レイデラティエラ,7,7,8,41.4,jra
202610020408,2026-07-05,8,小倉,オモイヲノセテ,8,8,6,14.4,jra
202610020408,2026-07-05,8,小倉,ラマヌジャン,4,9,9,92.9,jra
202610020408,2026-07-05,8,小倉,アスタールテニウム,2,10,10,221.2,jra
202610020409,2026-07-05,9,小倉,アクロフェイズ,5,1,1,1.7,jra
202610020409,2026-07-05,9,小倉,ダークマルス,2,2,2,2.6,jra
202610020409,2026-07-05,9,小倉,ムスクレスト,6,3,3,5.7,jra
202610020409,2026-07-05,9,小倉,ハレアカラフラ,8,4,6,30.2,jra
202610020409,2026-07-05,9,小倉,ウィテカービート,7,5,7,61.8,jra
202610020409,2026-07-05,9,小倉,ナスノソナタ,1,6,8,149.3,jra
202610020409,2026-07-05,9,小倉,サトノブリジャール,4,7,5,29.5,jra
202610020410,2026-07-05,10,小倉,マジックローズ,9,1,1,3.1,jra
202610020410,2026-07-05,10,小倉,タマモナポリ,14,2,12,58.1,jra
202610020410,2026-07-05,10,小倉,ワイノナオミ,13,3,10,31.5,jra
202610020410,2026-07-05,10,小倉,ホウショウマリス,2,4,3,4.9,jra
202610020410,2026-07-05,10,小倉,プウスカンドゥール,1,5,11,55.9,jra
202610020410,2026-07-05,10,小倉,タマモジャスミン,4,6,7,14.5,jra
202610020410,2026-07-05,10,小倉,ノボリクレバー,5,7,4,9.6,jra
202610020410,2026-07-05,10,小倉,シュヴァルツリーベ,12,8,14,112.0,jra
202610020410,2026-07-05,10,小倉,ユウェンタース,3,9,8,25.8,jra
202610020410,2026-07-05,10,小倉,ジャルディニエ,8,10,9,26.2,jra
202610020410,2026-07-05,10,小倉,フローラルセント,15,11,16,186.8,jra
202610020410,2026-07-05,10,小倉,フィドルファドル,7,12,2,4.5,jra
202610020410,2026-07-05,10,小倉,メイショウリリー,6,13,6,13.5,jra
202610020410,2026-07-05,10,小倉,ファミリーツリー,11,14,13,77.8,jra
202610020410,2026-07-05,10,小倉,カロローザ,16,15,5,11.6,jra
202610020410,2026-07-05,10,小倉,ツーピース,10,16,15,181.6,jra
202610020411,2026-07-05,11,小倉,フリッカージャブ,12,1,1,3.0,jra
202610020411,2026-07-05,11,小倉,ジェニファー,2,2,9,18.8,jra
202610020411,2026-07-05,11,小倉,ヨシノイースター,9,3,4,8.5,jra
202610020411,2026-07-05,11,小倉,イツモニコニコ,13,4,12,35.5,jra
202610020411,2026-07-05,11,小倉,アブキールベイ,5,5,6,14.3,jra
202610020411,2026-07-05,11,小倉,サウンドモリアーナ,10,6,8,18.2,jra
202610020411,2026-07-05,11,小倉,アンクルクロス,4,7,3,8.1,jra
202610020411,2026-07-05,11,小倉,ランフォーヴァウ,1,8,10,25.7,jra
202610020411,2026-07-05,11,小倉,ヤマニンアルリフラ,11,9,5,11.4,jra
202610020411,2026-07-05,11,小倉,デアヴェローチェ,7,10,2,4.2,jra
202610020411,2026-07-05,11,小倉,オタルエバー,6,11,11,29.5,jra
202610020411,2026-07-05,11,小倉,プロトポロス,3,12,13,47.3,jra
202610020411,2026-07-05,11,小倉,アメリカンビキニ,8,13,7,15.2,jra
202610020412,2026-07-05,12,小倉,システマソラー,10,1,1,1.7,jra
202610020412,2026-07-05,12,小倉,サイモンゼスト,2,2,6,21.5,jra
202610020412,2026-07-05,12,小倉,ゲタリア,15,3,5,14.2,jra
202610020412,2026-07-05,12,小倉,リヒトミューレ,4,4,3,7.6,jra
202610020412,2026-07-05,12,小倉,ケンフィールド,1,5,4,10.3,jra
202610020412,2026-07-05,12,小倉,テイクイットオール,5,6,11,87.2,jra
202610020412,2026-07-05,12,小倉,タイセイジェイド,8,7,2,6.4,jra
202610020412,2026-07-05,12,小倉,ビズロード,9,8,7,22.0,jra
202610020412,2026-07-05,12,小倉,フェミナンジェンヌ,6,9,14,221.6,jra
202610020412,2026-07-05,12,小倉,ゴールデンスラム,7,10,8,24.8,jra
202610020412,2026-07-05,12,小倉,ブラックドレス,16,11,13,117.8,jra
202610020412,2026-07-05,12,小倉,ルペイドゥロール,11,12,12,112.1,jra
202610020412,2026-07-05,12,小倉,メイショウカスガイ,14,13,10,42.1,jra
202610020412,2026-07-05,12,小倉,バレンシア,12,14,9,27.5,jra
202610020412,2026-07-05,12,小倉,アーブルラーブル,13,15,16,351.4,jra
202610020412,2026-07-05,12,小倉,トッレブランカ,3,16,15,334.8,jra
202602010901,2026-07-11,1,函館,ラピッドテソーロ,1,1,2,2.7,jra
202602010901,2026-07-11,1,函館,クラウスーラ,5,2,1,1.9,jra
202602010901,2026-07-11,1,函館,ワイドウィンザー,10,3,4,9.7,jra
202602010901,2026-07-11,1,函館,タイガーストリート,2,4,7,42.2,jra
202602010901,2026-07-11,1,函館,ベイビーブラザー,8,5,5,19.8,jra
202602010901,2026-07-11,1,函館,ラストモーメント,3,6,6,33.2,jra
202602010901,2026-07-11,1,函館,ウメヒナタ,7,7,3,7.9,jra
202602010901,2026-07-11,1,函館,カクシンゴールド,11,8,9,99.9,jra
202602010901,2026-07-11,1,函館,ロゼハイスクール,9,9,10,108.7,jra
202602010901,2026-07-11,1,函館,セイウンコハルタ,6,10,8,98.3,jra
202602010902,2026-07-11,2,函館,サラサチャチャチャ,7,1,4,6.0,jra
202602010902,2026-07-11,2,函館,タガノシルフィー,3,2,2,4.9,jra
202602010902,2026-07-11,2,函館,フレンチブラッサム,4,3,6,9.7,jra
202602010902,2026-07-11,2,函館,ジーティービキニ,10,4,1,4.6,jra
202602010902,2026-07-11,2,函館,マーゴットクリュグ,6,5,8,13.8,jra
202602010902,2026-07-11,2,函館,メリオルヴィア,8,6,7,11.5,jra
202602010902,2026-07-11,2,函館,ワンダーアスク,2,7,5,8.5,jra
202602010902,2026-07-11,2,函館,コイバナ,5,8,11,49.2,jra
202602010902,2026-07-11,2,函館,サマースプラッシュ,13,9,13,224.3,jra
202602010902,2026-07-11,2,函館,ブエノスオプティマ,12,10,9,21.5,jra
202602010902,2026-07-11,2,函館,シルフ,1,11,10,39.4,jra
202602010902,2026-07-11,2,函館,チカマヨルキーナ,9,12,12,138.8,jra
202602010902,2026-07-11,2,函館,ベッラモレーン,14,13,14,231.1,jra
202602010903,2026-07-11,3,函館,アルサック,6,1,1,2.9,jra
202602010903,2026-07-11,3,函館,スノーガーネット,5,2,8,20.0,jra
202602010903,2026-07-11,3,函館,ロンドンプライド,4,3,11,33.5,jra
202602010903,2026-07-11,3,函館,クリオロゴールド,10,4,2,4.7,jra
202602010903,2026-07-11,3,函館,ユナダイヤ,11,5,14,183.1,jra
202602010903,2026-07-11,3,函館,テンユウ,1,6,3,6.7,jra
202602010903,2026-07-11,3,函館,ダノンルミエール,9,7,7,17.5,jra
202602010903,2026-07-11,3,函館,スピットブレイク,3,8,9,21.8,jra
202602010903,2026-07-11,3,函館,ウインドトリック,14,9,13,148.9,jra
202602010903,2026-07-11,3,函館,テイクマイハート,7,10,10,25.3,jra
202602010903,2026-07-11,3,函館,ルージュフローラ,15,11,6,11.6,jra
202602010903,2026-07-11,3,函館,トゥントゥントゥン,12,12,15,184.9,jra
202602010903,2026-07-11,3,函館,ブルーハーツ,13,13,16,189.2,jra
202602010903,2026-07-11,3,函館,ナオミニオールイン,16,14,12,55.6,jra
202602010903,2026-07-11,3,函館,ハッピーローヴァー,2,15,5,9.6,jra
202602010903,2026-07-11,3,函館,アゲンストオッズ,8,16,4,9.4,jra
202602010904,2026-07-11,4,函館,ウインアプローチ,14,1,1,3.5,jra
202602010904,2026-07-11,4,函館,エグジスタンス,4,2,3,5.8,jra
202602010904,2026-07-11,4,函館,インフィオラータ,2,3,4,8.1,jra
202602010904,2026-07-11,4,函館,ミリオングローリー,1,4,9,24.6,jra
202602010904,2026-07-11,4,函館,ケナゲ,5,5,6,9.5,jra
202602010904,2026-07-11,4,函館,ヘクセンハウス,3,6,7,11.7,jra
202602010904,2026-07-11,4,函館,マンサニージャ,12,7,2,4.4,jra
202602010904,2026-07-11,4,函館,メメボス,8,8,11,44.7,jra
202602010904,2026-07-11,4,函館,セイントクーヤ,13,9,10,43.9,jra
202602010904,2026-07-11,4,函館,アーデルブリックス,10,10,5,8.5,jra
202602010904,2026-07-11,4,函館,コスモクラシック,11,11,8,22.0,jra
202602010904,2026-07-11,4,函館,カネトシパンドラ,6,12,13,331.3,jra
202602010904,2026-07-11,4,函館,アスコットダンス,7,13,12,80.6,jra
202602010904,2026-07-11,4,函館,シアワセチョウサン,9,14,14,597.8,jra
202602010905,2026-07-11,5,函館,フレイコン,8,1,1,1.3,jra
202602010905,2026-07-11,5,函館,ライフイズアート,11,2,2,5.2,jra
202602010905,2026-07-11,5,函館,サノノベリー,6,3,9,40.7,jra
202602010905,2026-07-11,5,函館,リーゼントエース,3,4,3,10.8,jra
202602010905,2026-07-11,5,函館,ジーティーマドンナ,2,5,6,24.4,jra
202602010905,2026-07-11,5,函館,シガレス,4,6,10,170.0,jra
202602010905,2026-07-11,5,函館,シンゼンノト,9,7,7,24.9,jra
202602010905,2026-07-11,5,函館,イリスロッソ,5,8,5,24.1,jra
202602010905,2026-07-11,5,函館,レゾルートハート,1,9,8,37.1,jra
202602010905,2026-07-11,5,函館,アークレイリ,7,10,4,19.4,jra
202602010905,2026-07-11,5,函館,レジェンドヴァーサ,10,11,11,187.2,jra
202602010906,2026-07-11,6,函館,チリンドリ,9,1,1,2.0,jra
202602010906,2026-07-11,6,函館,ヤマメイッカ,4,2,3,5.6,jra
202602010906,2026-07-11,6,函館,シンエンドーツダ,3,3,4,8.7,jra
202602010906,2026-07-11,6,函館,サクセスブルー,2,4,7,32.0,jra
202602010906,2026-07-11,6,函館,ブライトラン,8,5,10,116.6,jra
202602010906,2026-07-11,6,函館,モロノカガヤキ,7,6,2,4.0,jra
202602010906,2026-07-11,6,函館,ミスチヴマリアンヌ,1,7,9,47.4,jra
202602010906,2026-07-11,6,函館,ゲレイロ,10,8,6,21.4,jra
202602010906,2026-07-11,6,函館,ライトアファイア,6,9,5,11.2,jra
202602010906,2026-07-11,6,函館,ラヴィレット,11,10,8,43.5,jra
202602010907,2026-07-11,7,函館,ナイスプレーアスク,4,1,3,5.8,jra
202602010907,2026-07-11,7,函館,アイドクレース,6,2,5,7.7,jra
202602010907,2026-07-11,7,函館,ナムラヒナギク,1,3,7,20.6,jra
202602010907,2026-07-11,7,函館,ベアサナエチャン,14,4,6,19.4,jra
202602010907,2026-07-11,7,函館,コスモレッド,3,5,9,62.2,jra
202602010907,2026-07-11,7,函館,ルージュスティーズ,13,6,10,66.3,jra
202602010907,2026-07-11,7,函館,リリーズブルーム,2,7,11,97.7,jra
202602010907,2026-07-11,7,函館,ターンザテーブルス,5,7,1,2.5,jra
202602010907,2026-07-11,7,函館,タイムレスキス,7,9,4,6.7,jra
202602010907,2026-07-11,7,函館,ルージュカエラ,10,10,13,219.8,jra
202602010907,2026-07-11,7,函館,キセキノエンジェル,9,11,12,164.2,jra
202602010907,2026-07-11,7,函館,フクシマコウヨウ,11,12,14,326.7,jra
202602010907,2026-07-11,7,函館,ミッキーマドンナ,12,13,2,4.4,jra
202602010907,2026-07-11,7,函館,クシマトゥルー,8,14,8,32.0,jra
202602010908,2026-07-11,8,函館,アイファーシャドー,8,1,5,10.0,jra
202602010908,2026-07-11,8,函館,テイクオンミー,1,2,3,4.4,jra
202602010908,2026-07-11,8,函館,パラダイスフェイス,4,3,1,3.3,jra
202602010908,2026-07-11,8,函館,マテンロウカナロア,9,4,2,3.3,jra
202602010908,2026-07-11,8,函館,エンダードラゴン,3,5,4,7.8,jra
202602010908,2026-07-11,8,函館,ブリスフル,2,6,10,74.5,jra
202602010908,2026-07-11,8,函館,ナムラハリス,6,7,7,18.7,jra
202602010908,2026-07-11,8,函館,アルニラム,5,8,12,189.3,jra
202602010908,2026-07-11,8,函館,タイセイモノリス,11,9,6,14.9,jra
202602010908,2026-07-11,8,函館,ベイビールビオ,12,10,11,121.9,jra
202602010908,2026-07-11,8,函館,レイサンソク,10,11,8,25.5,jra
202602010908,2026-07-11,8,函館,シビックアスコット,7,12,9,70.4,jra
202602010909,2026-07-11,9,函館,ハルフロンティア,4,1,8,18.7,jra
202602010909,2026-07-11,9,函館,デルシエロ,8,2,4,8.7,jra
202602010909,2026-07-11,9,函館,エトワールブーケ,9,3,6,13.7,jra
202602010909,2026-07-11,9,函館,エオアリイ,3,4,9,103.4,jra
202602010909,2026-07-11,9,函館,サイン,6,5,2,4.0,jra
202602010909,2026-07-11,9,函館,モルビド,7,6,5,12.6,jra
202602010909,2026-07-11,9,函館,メイショウソラリス,5,7,7,17.9,jra
202602010909,2026-07-11,9,函館,ドルチェリターン,10,8,3,7.3,jra
202602010909,2026-07-11,9,函館,クリスレジーナ,1,9,1,2.0,jra
202602010909,2026-07-11,9,函館,ゼアズノープレイス,2,10,10,303.3,jra
202602010910,2026-07-11,10,函館,アスクケンタッキー,7,1,2,3.2,jra
202602010910,2026-07-11,10,函館,ピコアーガイル,2,2,1,2.5,jra
202602010910,2026-07-11,10,函館,キープサインオン,6,3,9,45.8,jra
202602010910,2026-07-11,10,函館,ライツユーアップ,3,4,7,25.2,jra
202602010910,2026-07-11,10,函館,トウカイエルデ,1,5,4,8.2,jra
202602010910,2026-07-11,10,函館,ムチャスグラシアス,14,6,14,138.1,jra
202602010910,2026-07-11,10,函館,ヴィヴァクラウン,12,7,3,6.8,jra
202602010910,2026-07-11,10,函館,ジーベック,5,8,10,47.3,jra
202602010910,2026-07-11,10,函館,レイユール,9,9,8,31.2,jra
202602010910,2026-07-11,10,函館,ラスティングスノー,11,10,6,16.5,jra
202602010910,2026-07-11,10,函館,キーガッツ,4,11,5,16.2,jra
202602010910,2026-07-11,10,函館,エルサトアナ,10,12,11,50.9,jra
202602010910,2026-07-11,10,函館,フレッシュラン,8,13,13,114.9,jra
202602010910,2026-07-11,10,函館,モレポブラーノ,13,14,12,84.2,jra
202602010911,2026-07-11,11,函館,カテリーナ,1,1,2,4.5,jra
202602010911,2026-07-11,11,函館,ダンツファイター,3,2,3,4.8,jra
202602010911,2026-07-11,11,函館,アイスグリーン,2,3,8,47.1,jra
202602010911,2026-07-11,11,函館,ショウナンサムデイ,6,4,7,18.4,jra
202602010911,2026-07-11,11,函館,ピンクジン,13,5,9,59.7,jra
202602010911,2026-07-11,11,函館,インヴォーグ,8,6,4,5.1,jra
202602010911,2026-07-11,11,函館,インパクトシー,7,7,1,3.5,jra
202602010911,2026-07-11,11,函館,ウィープディライト,12,8,12,77.2,jra
202602010911,2026-07-11,11,函館,ウイントレメンデス,10,9,6,11.9,jra
202602010911,2026-07-11,11,函館,ミッキージュエリー,5,10,5,8.4,jra
202602010911,2026-07-11,11,函館,ノーブルスカイ,4,11,13,77.8,jra
202602010911,2026-07-11,11,函館,ドゥカート,9,12,10,61.4,jra
202602010911,2026-07-11,11,函館,ソリダリティ,11,13,11,73.4,jra
202602010912,2026-07-11,12,函館,ビップムーラン,1,1,1,1.5,jra
202602010912,2026-07-11,12,函館,ワイドデコラシオン,4,2,2,4.4,jra
202602010912,2026-07-11,12,函館,レネネト,8,3,7,28.1,jra
202602010912,2026-07-11,12,函館,メイショウハッブル,5,4,6,27.7,jra
202602010912,2026-07-11,12,函館,タイセイブルーム,3,5,3,9.1,jra
202602010912,2026-07-11,12,函館,テーオーナタリー,7,6,5,12.5,jra
202602010912,2026-07-11,12,函館,ジュウオウ,6,7,8,51.4,jra
202602010912,2026-07-11,12,函館,スパークルジョイ,2,8,4,10.3,jra
202603020501,2026-07-11,1,福島,シャンデルナゴル,6,1,3,7.4,jra
202603020501,2026-07-11,1,福島,トゥラッタッタ,3,2,1,2.0,jra
202603020501,2026-07-11,1,福島,クラウンセト,11,3,10,52.4,jra
202603020501,2026-07-11,1,福島,ジーククローネ,2,4,4,12.3,jra
202603020501,2026-07-11,1,福島,ナックエルドラド,4,5,11,90.4,jra
202603020501,2026-07-11,1,福島,フームスムート,5,6,9,26.5,jra
202603020501,2026-07-11,1,福島,ヒットアンドロール,1,7,6,21.1,jra
202603020501,2026-07-11,1,福島,ネイチャーシップ,7,8,2,3.4,jra
202603020501,2026-07-11,1,福島,グラニットピーク,8,9,8,21.2,jra
202603020501,2026-07-11,1,福島,コスモチプリア,10,10,7,21.2,jra
202603020501,2026-07-11,1,福島,タマモエース,9,11,5,18.2,jra
202603020502,2026-07-11,2,福島,サイモンセレーノ,6,1,1,2.8,jra
202603020502,2026-07-11,2,福島,ビレッジルイーザ,2,2,4,7.7,jra
202603020502,2026-07-11,2,福島,タマモチョコチップ,5,3,2,3.8,jra
202603020502,2026-07-11,2,福島,アジュアカレンツ,15,4,6,16.2,jra
202603020502,2026-07-11,2,福島,アインプロージット,9,5,8,27.0,jra
202603020502,2026-07-11,2,福島,ベアエクスプレス,10,6,11,103.4,jra
202603020502,2026-07-11,2,福島,ワイルドミュール,1,7,5,9.9,jra
202603020502,2026-07-11,2,福島,エルミー,3,8,3,5.2,jra
202603020502,2026-07-11,2,福島,キミガハマ,7,9,10,74.4,jra
202603020502,2026-07-11,2,福島,ゼフィリア,11,10,7,16.9,jra
202603020502,2026-07-11,2,福島,メイショウミズホ,13,11,14,226.2,jra
202603020502,2026-07-11,2,福島,セイスイカルメン,14,12,12,190.5,jra
202603020502,2026-07-11,2,福島,イセッセイ,4,13,13,200.7,jra
202603020502,2026-07-11,2,福島,ホウライブラック,12,14,9,46.0,jra
202603020502,2026-07-11,2,福島,アルバニクス,8,15,15,321.8,jra
202603020503,2026-07-11,3,福島,レオンティウス,1,1,1,2.6,jra
202603020503,2026-07-11,3,福島,キャピタルストーン,9,2,3,5.9,jra
202603020503,2026-07-11,3,福島,トーセンマスラオ,4,3,4,7.6,jra
202603020503,2026-07-11,3,福島,シャインラブ,12,4,8,29.2,jra
202603020503,2026-07-11,3,福島,シアルナーレ,8,5,5,7.8,jra
202603020503,2026-07-11,3,福島,マイネルリコルディ,5,6,7,15.6,jra
202603020503,2026-07-11,3,福島,モーモーゼロ,13,7,13,224.5,jra
202603020503,2026-07-11,3,福島,オーケーマドンナ,7,8,12,189.0,jra
202603020503,2026-07-11,3,福島,タイセイアドーレ,6,9,9,36.4,jra
202603020503,2026-07-11,3,福島,ペアスターロード,2,10,2,4.3,jra
202603020503,2026-07-11,3,福島,ジーティーフクジ,3,11,11,174.5,jra
202603020503,2026-07-11,3,福島,コールドスリープ,11,12,14,304.7,jra
202603020503,2026-07-11,3,福島,コスモシグナス,14,13,6,13.4,jra
202603020503,2026-07-11,3,福島,ジュネストレイル,10,14,10,134.1,jra
202603020504,2026-07-11,4,福島,ウェスケンジントン,13,1,3,5.1,jra
202603020504,2026-07-11,4,福島,ゴールドプレイヤー,5,2,2,3.6,jra
202603020504,2026-07-11,4,福島,スティールヴォーグ,4,3,1,3.1,jra
202603020504,2026-07-11,4,福島,ロードプレリュード,1,4,6,13.3,jra
202603020504,2026-07-11,4,福島,ヤマタケボニータ,9,5,14,297.6,jra
202603020504,2026-07-11,4,福島,ドゥーニ,7,6,7,23.3,jra
202603020504,2026-07-11,4,福島,ツクバアヴァロン,11,7,8,35.0,jra
202603020504,2026-07-11,4,福島,ルールオーヴァー,6,8,10,82.2,jra
202603020504,2026-07-11,4,福島,ロイヤルタイム,12,9,9,65.3,jra
202603020504,2026-07-11,4,福島,マーゴットリック,14,10,5,8.9,jra
202603020504,2026-07-11,4,福島,エビスディアーナ,2,11,13,286.5,jra
202603020504,2026-07-11,4,福島,パワポケウォーズ,3,12,15,412.3,jra
202603020504,2026-07-11,4,福島,セブンワンダーズ,8,13,4,5.9,jra
202603020504,2026-07-11,4,福島,イケイケルノワール,10,14,12,269.7,jra
202603020504,2026-07-11,4,福島,フッカツノジャンボ,15,15,11,235.0,jra
202603020505,2026-07-11,5,福島,ニシノイサリビ,1,1,1,1.5,jra
202603020505,2026-07-11,5,福島,セイリュウ,10,2,2,5.2,jra
202603020505,2026-07-11,5,福島,リーディンアクター,4,3,5,14.3,jra
202603020505,2026-07-11,5,福島,ディスペアーホープ,5,4,3,12.1,jra
202603020505,2026-07-11,5,福島,トムキャット,6,5,10,72.1,jra
202603020505,2026-07-11,5,福島,ソースウィート,9,6,7,18.3,jra
202603020505,2026-07-11,5,福島,センカンナガト,8,7,11,125.4,jra
202603020505,2026-07-11,5,福島,アドバンスアゲイン,11,8,6,16.2,jra
202603020505,2026-07-11,5,福島,パルセノスミハ,7,9,9,63.4,jra
202603020505,2026-07-11,5,福島,スリーフラワー,2,10,4,12.1,jra
202603020505,2026-07-11,5,福島,アップルザビート,3,11,8,53.4,jra
202603020506,2026-07-11,6,福島,ルンベーラ,9,1,4,12.0,jra
202603020506,2026-07-11,6,福島,セーヌデローヴ,6,2,6,15.3,jra
202603020506,2026-07-11,6,福島,ポポラヴィスタ,1,3,5,12.5,jra
202603020506,2026-07-11,6,福島,ジョブックボー,5,4,12,114.8,jra
202603020506,2026-07-11,6,福島,ウインテラジーナ,8,5,1,2.2,jra
202603020506,2026-07-11,6,福島,ムーングレイル,15,6,3,5.8,jra
202603020506,2026-07-11,6,福島,フクオトコ,3,7,2,3.9,jra
202603020506,2026-07-11,6,福島,シルバープレミア,14,8,11,92.8,jra
202603020506,2026-07-11,6,福島,サファイアプレミア,7,9,14,349.1,jra
202603020506,2026-07-11,6,福島,フライングビーナス,13,10,10,65.3,jra
202603020506,2026-07-11,6,福島,ブルーブロディ,12,11,9,56.9,jra
202603020506,2026-07-11,6,福島,サトノアンナ,11,12,8,55.0,jra
202603020506,2026-07-11,6,福島,パーフェクトスノー,2,13,13,159.2,jra
202603020506,2026-07-11,6,福島,ミスデルマー,4,14,16,410.4,jra
202603020506,2026-07-11,6,福島,レッドフリーマン,10,15,7,16.0,jra
202603020506,2026-07-11,6,福島,ケイアイギルス,16,16,15,393.6,jra
202603020507,2026-07-11,7,福島,ドナルンバ,6,1,1,2.2,jra
202603020507,2026-07-11,7,福島,マイネルモメンタム,9,2,6,33.9,jra
202603020507,2026-07-11,7,福島,イモータリス,4,3,3,4.1,jra
202603020507,2026-07-11,7,福島,ボニープリンス,5,4,2,3.0,jra
202603020507,2026-07-11,7,福島,デリシュー,11,5,8,71.9,jra
202603020507,2026-07-11,7,福島,ウインボレロ,7,6,7,50.4,jra
202603020507,2026-07-11,7,福島,リアルセンター,3,7,9,151.3,jra
202603020507,2026-07-11,7,福島,グランプラネッタ,8,8,11,247.7,jra
202603020507,2026-07-11,7,福島,ニヴルヘイム,10,9,5,23.5,jra
202603020507,2026-07-11,7,福島,ヴァンデスペランス,2,10,4,8.6,jra
202603020507,2026-07-11,7,福島,ヘルメスギャング,1,11,10,188.7,jra
202603020508,2026-07-11,8,福島,ライヴレッドアイ,12,1,1,3.2,jra
202603020508,2026-07-11,8,福島,グラティアム,9,2,3,6.0,jra
202603020508,2026-07-11,8,福島,ゼファーテソーロ,1,3,6,10.3,jra
202603020508,2026-07-11,8,福島,ブーケドリス,11,4,5,9.3,jra
202603020508,2026-07-11,8,福島,ジェイエルキャリア,14,5,4,8.1,jra
202603020508,2026-07-11,8,福島,ラエトゥス,6,6,14,294.4,jra
202603020508,2026-07-11,8,福島,アイムインディ,16,7,2,3.4,jra
202603020508,2026-07-11,8,福島,フラッシュポイント,7,8,9,66.1,jra
202603020508,2026-07-11,8,福島,ハルノアラシ,2,9,11,102.8,jra
202603020508,2026-07-11,8,福島,マサノピンクレディ,15,10,7,13.0,jra
202603020508,2026-07-11,8,福島,チェルシー,3,11,8,37.5,jra
202603020508,2026-07-11,8,福島,ミッシオーネ,10,12,13,164.3,jra
202603020508,2026-07-11,8,福島,イズルード,4,13,10,85.6,jra
202603020508,2026-07-11,8,福島,アイファーリーベン,8,14,15,607.3,jra
202603020508,2026-07-11,8,福島,ダノンリュラ,5,15,12,149.6,jra
202603020508,2026-07-11,8,福島,エーティータキオン,13,16,16,734.9,jra
202603020509,2026-07-11,9,福島,サトノソティラス,13,1,4,6.0,jra
202603020509,2026-07-11,9,福島,キンググローリー,5,2,2,4.3,jra
202603020509,2026-07-11,9,福島,オルトパラティウム,3,3,6,19.5,jra
202603020509,2026-07-11,9,福島,ノクターン,10,4,1,2.7,jra
202603020509,2026-07-11,9,福島,ウインマイルート,11,5,9,58.2,jra
202603020509,2026-07-11,9,福島,キングズトゥルー,1,6,3,5.8,jra
202603020509,2026-07-11,9,福島,スズカミエール,9,7,7,40.2,jra
202603020509,2026-07-11,9,福島,アメティスタ,15,8,5,6.5,jra
202603020509,2026-07-11,9,福島,ハイラント,6,9,8,48.8,jra
202603020509,2026-07-11,9,福島,ビッグベルーガ,7,10,12,111.2,jra
202603020509,2026-07-11,9,福島,クリフハンガー,12,11,13,156.1,jra
202603020509,2026-07-11,9,福島,サトノトルネード,4,12,14,170.4,jra
202603020509,2026-07-11,9,福島,ヴァイザーバルコ,8,13,10,59.0,jra
202603020509,2026-07-11,9,福島,モルトマエストーソ,14,14,11,86.1,jra
202603020509,2026-07-11,9,福島,ヒストリアイ,2,15,15,205.6,jra
202603020510,2026-07-11,10,福島,メイショウヨゾラ,8,1,1,2.0,jra
202603020510,2026-07-11,10,福島,モーデン,9,2,6,12.3,jra
202603020510,2026-07-11,10,福島,スマイルアップ,5,3,4,10.7,jra
202603020510,2026-07-11,10,福島,ロードマイライフ,6,4,5,10.9,jra
202603020510,2026-07-11,10,福島,アタリダイキチ,2,5,3,6.8,jra
202603020510,2026-07-11,10,福島,フォルテム,1,6,2,4.0,jra
202603020510,2026-07-11,10,福島,ズバットマサムネ,4,7,8,29.4,jra
202603020510,2026-07-11,10,福島,ウナギノボリ,7,8,7,23.0,jra
202603020510,2026-07-11,10,福島,ショウナンラスボス,3,9,9,48.9,jra
202603020511,2026-07-11,11,福島,マサノカナリア,5,1,5,5.9,jra
202603020511,2026-07-11,11,福島,クムシラコ,7,2,9,39.0,jra
202603020511,2026-07-11,11,福島,カウンターセブン,9,3,2,4.6,jra
202603020511,2026-07-11,11,福島,ゾンニッヒ,4,4,4,5.7,jra
202603020511,2026-07-11,11,福島,レッドアヴァンティ,3,5,1,4.1,jra
202603020511,2026-07-11,11,福島,マイネルジェロディ,8,6,8,32.5,jra
202603020511,2026-07-11,11,福島,クリエープキー,6,7,3,4.7,jra
202603020511,2026-07-11,11,福島,ショウナンハクラク,1,8,6,8.3,jra
202603020511,2026-07-11,11,福島,シークレットヴァウ,2,9,7,16.7,jra
202603020512,2026-07-11,12,福島,アンティミスト,6,1,5,10.5,jra
202603020512,2026-07-11,12,福島,エコロガノン,13,2,2,4.8,jra
202603020512,2026-07-11,12,福島,アトミックブレス,15,3,1,3.7,jra
202603020512,2026-07-11,12,福島,コパノエイダン,9,4,6,11.5,jra
202603020512,2026-07-11,12,福島,エリーニック,8,5,3,4.9,jra
202603020512,2026-07-11,12,福島,ブレゲアン,2,6,8,19.2,jra
202603020512,2026-07-11,12,福島,レッドロスタム,10,7,9,19.9,jra
202603020512,2026-07-11,12,福島,ヴィーデ,5,8,15,224.1,jra
202603020512,2026-07-11,12,福島,アルプスオジョー,12,9,7,16.3,jra
202603020512,2026-07-11,12,福島,タケルムサシ,7,10,4,7.7,jra
202603020512,2026-07-11,12,福島,モヴレクス,3,11,14,85.4,jra
202603020512,2026-07-11,12,福島,ホノボノ,4,12,10,38.1,jra
202603020512,2026-07-11,12,福島,アスパラゴ,14,13,13,76.2,jra
202603020512,2026-07-11,12,福島,アジアントレジャー,11,14,11,39.0,jra
202603020512,2026-07-11,12,福島,スカイレックス,1,15,12,50.1,jra
202610020501,2026-07-11,1,小倉,カレンハウ,10,1,1,1.8,jra
202610020501,2026-07-11,1,小倉,バクソウシャチョウ,12,2,3,10.5,jra
202610020501,2026-07-11,1,小倉,ラホーヤアイズ,2,3,8,29.9,jra
202610020501,2026-07-11,1,小倉,キムケンシーサー,11,4,5,19.0,jra
202610020501,2026-07-11,1,小倉,ゴールドショーマン,3,5,11,301.3,jra
202610020501,2026-07-11,1,小倉,ハロナ,8,6,4,15.7,jra
202610020501,2026-07-11,1,小倉,ユイリノベーション,4,7,10,146.2,jra
202610020501,2026-07-11,1,小倉,マルモリマイベスト,9,8,9,50.9,jra
202610020501,2026-07-11,1,小倉,クリコキアナ,5,9,7,23.1,jra
202610020501,2026-07-11,1,小倉,アセンシオン,7,10,6,20.3,jra
202610020501,2026-07-11,1,小倉,ミエルモーサ,1,11,2,2.8,jra
202610020501,2026-07-11,1,小倉,カシノカゲマル,6,12,12,371.2,jra
202610020502,2026-07-11,2,小倉,ダイメイクマモト,8,1,1,4.4,jra
202610020502,2026-07-11,2,小倉,マカロンブルー,9,2,4,6.9,jra
202610020502,2026-07-11,2,小倉,アスクハッピーマン,6,3,2,4.6,jra
202610020502,2026-07-11,2,小倉,サトノグロリア,7,4,8,14.4,jra
202610020502,2026-07-11,2,小倉,ソルアモール,1,5,7,11.1,jra
202610020502,2026-07-11,2,小倉,ルパピヨンブラン,11,6,3,6.1,jra
202610020502,2026-07-11,2,小倉,ラッキーヴォーグ,15,6,6,8.5,jra
202610020502,2026-07-11,2,小倉,アズライトアスール,5,8,12,116.8,jra
202610020502,2026-07-11,2,小倉,マテンロウルクス,12,9,10,58.5,jra
202610020502,2026-07-11,2,小倉,タガノラヴズワン,2,10,5,7.6,jra
202610020502,2026-07-11,2,小倉,プシュカル,13,11,13,156.7,jra
202610020502,2026-07-11,2,小倉,クータモ,3,12,14,179.3,jra
202610020502,2026-07-11,2,小倉,ピゲ,16,13,15,211.1,jra
202610020502,2026-07-11,2,小倉,カツラコマチ,14,14,9,32.0,jra
202610020502,2026-07-11,2,小倉,アルディメント,4,15,11,66.6,jra
202610020502,2026-07-11,2,小倉,メイショウグロリア,10,16,16,239.8,jra
202610020503,2026-07-11,3,小倉,フィニステーレ,10,1,6,11.0,jra
202610020503,2026-07-11,3,小倉,タイセイアビオン,14,2,7,11.5,jra
202610020503,2026-07-11,3,小倉,ハナコトバ,7,3,3,6.3,jra
202610020503,2026-07-11,3,小倉,ビシェノ,16,4,4,9.2,jra
202610020503,2026-07-11,3,小倉,クランズクラウン,18,5,1,3.7,jra
202610020503,2026-07-11,3,小倉,トラカイキャッスル,6,6,2,5.8,jra
202610020503,2026-07-11,3,小倉,ワンダースアン,17,7,14,91.3,jra
202610020503,2026-07-11,3,小倉,ベルトナリテ,9,8,5,9.6,jra
202610020503,2026-07-11,3,小倉,フィエールシャンテ,4,9,9,16.0,jra
202610020503,2026-07-11,3,小倉,ソニックブーム,15,10,8,12.3,jra
202610020503,2026-07-11,3,小倉,メイショウバルキア,13,11,18,239.1,jra
202610020503,2026-07-11,3,小倉,マコトエウロペ,12,12,13,71.0,jra
202610020503,2026-07-11,3,小倉,ゴールドアベニュー,3,13,11,64.5,jra
202610020503,2026-07-11,3,小倉,アメジストブリエ,8,14,12,67.3,jra
202610020503,2026-07-11,3,小倉,ドントゥール,1,15,16,166.9,jra
202610020503,2026-07-11,3,小倉,メイショウタカネ,11,16,15,147.6,jra
202610020503,2026-07-11,3,小倉,ワラビガミ,2,17,10,22.2,jra
202610020503,2026-07-11,3,小倉,マスアンジュ,5,18,17,232.1,jra
202610020504,2026-07-11,4,小倉,ワルトシュタイン,1,1,3,5.6,jra
202610020504,2026-07-11,4,小倉,ベラジオヴァレル,3,2,7,26.6,jra
202610020504,2026-07-11,4,小倉,ジョーカー,2,3,1,2.1,jra
202610020504,2026-07-11,4,小倉,ゴールデンドラゴン,7,4,2,4.6,jra
202610020504,2026-07-11,4,小倉,メイショウマグナ,16,5,12,156.2,jra
202610020504,2026-07-11,4,小倉,セイウンダイフク,15,6,5,17.0,jra
202610020504,2026-07-11,4,小倉,タガノランパート,6,7,6,24.3,jra
202610020504,2026-07-11,4,小倉,アンリミテッド,14,8,4,7.7,jra
202610020504,2026-07-11,4,小倉,ミニュイ,4,9,13,221.3,jra
202610020504,2026-07-11,4,小倉,アメリカンサクラ,12,10,8,33.1,jra
202610020504,2026-07-11,4,小倉,ラッキーダイヤ,8,11,10,41.0,jra
202610020504,2026-07-11,4,小倉,スナークホクサイ,9,12,11,60.7,jra
202610020504,2026-07-11,4,小倉,ウォーターコトノハ,11,13,15,310.1,jra
202610020504,2026-07-11,4,小倉,サンライズハリー,5,14,16,362.3,jra
202610020504,2026-07-11,4,小倉,カフジミモレット,10,15,9,38.2,jra
202610020504,2026-07-11,4,小倉,ショールミーズ,13,16,14,233.6,jra
202610020505,2026-07-11,5,小倉,フランソワーズ,1,1,1,2.0,jra
202610020505,2026-07-11,5,小倉,イテルム,5,2,9,38.3,jra
202610020505,2026-07-11,5,小倉,アイオリスパルス,9,3,11,61.2,jra
202610020505,2026-07-11,5,小倉,クラリスバローズ,10,4,3,6.8,jra
202610020505,2026-07-11,5,小倉,フラッシングルビー,12,5,5,15.9,jra
202610020505,2026-07-11,5,小倉,ジーティーマローネ,2,6,12,84.2,jra
202610020505,2026-07-11,5,小倉,ハルカカナタ,6,7,10,44.0,jra
202610020505,2026-07-11,5,小倉,ココフルール,11,8,4,11.8,jra
202610020505,2026-07-11,5,小倉,ヴォルテックス,3,9,2,4.2,jra
202610020505,2026-07-11,5,小倉,ダヌラーサナ,8,10,7,19.7,jra
202610020505,2026-07-11,5,小倉,ルクスグレイス,7,11,6,16.8,jra
202610020505,2026-07-11,5,小倉,ティエルニート,4,12,8,25.5,jra
202610020506,2026-07-11,6,小倉,リヴァイ,16,1,2,4.7,jra
202610020506,2026-07-11,6,小倉,チュウワメロディー,17,2,1,1.9,jra
202610020506,2026-07-11,6,小倉,ヒッグスボソン,1,3,5,13.1,jra
202610020506,2026-07-11,6,小倉,メテオロイド,7,3,3,10.8,jra
202610020506,2026-07-11,6,小倉,スターアスコット,6,5,4,12.6,jra
202610020506,2026-07-11,6,小倉,オースミサイファー,18,6,7,15.0,jra
202610020506,2026-07-11,6,小倉,レジーナテンペスタ,12,7,8,32.2,jra
202610020506,2026-07-11,6,小倉,ヴェネラブル,11,8,16,253.0,jra
202610020506,2026-07-11,6,小倉,ディオレガーロ,8,9,12,94.7,jra
202610020506,2026-07-11,6,小倉,ダイメイプリンス,15,10,18,363.9,jra
202610020506,2026-07-11,6,小倉,リントゥラウル,5,11,6,14.6,jra
202610020506,2026-07-11,6,小倉,ヒャクギマル,3,12,11,44.2,jra
202610020506,2026-07-11,6,小倉,ウェイヨー,13,13,14,146.2,jra
202610020506,2026-07-11,6,小倉,メイショウトッド,9,14,17,255.0,jra
202610020506,2026-07-11,6,小倉,ビサイレント,2,15,13,133.5,jra
202610020506,2026-07-11,6,小倉,アクアホワイト,14,16,15,207.5,jra
202610020506,2026-07-11,6,小倉,フーガカンタービレ,10,17,9,34.7,jra
202610020506,2026-07-11,6,小倉,リメンバーシドニー,4,18,10,43.0,jra
202610020507,2026-07-11,7,小倉,カレントゥルーシー,6,1,2,4.0,jra
202610020507,2026-07-11,7,小倉,エイシンビーコン,5,2,3,7.6,jra
202610020507,2026-07-11,7,小倉,ハレアカラフラ,1,3,8,58.2,jra
202610020507,2026-07-11,7,小倉,ウインラウダ,10,4,5,8.3,jra
202610020507,2026-07-11,7,小倉,ゼットエイト,12,5,12,292.6,jra
202610020507,2026-07-11,7,小倉,カラペルソナ,4,6,1,2.1,jra
202610020507,2026-07-11,7,小倉,メイショウアボット,9,7,6,16.0,jra
202610020507,2026-07-11,7,小倉,トラストエムシー,2,8,11,153.9,jra
202610020507,2026-07-11,7,小倉,トモジャプレジール,7,9,9,76.0,jra
202610020507,2026-07-11,7,小倉,ルートサーティーン,8,10,4,8.3,jra
202610020507,2026-07-11,7,小倉,サントルドパリ,11,11,7,21.3,jra
202610020507,2026-07-11,7,小倉,トップオブザライン,3,12,10,107.0,jra
202610020508,2026-07-11,8,小倉,マヴィ,10,1,6,7.9,jra
202610020508,2026-07-11,8,小倉,アンリーベイビー,8,2,5,7.3,jra
202610020508,2026-07-11,8,小倉,オヤツノジカン,4,3,2,5.1,jra
202610020508,2026-07-11,8,小倉,オブシディアーナ,1,4,7,17.0,jra
202610020508,2026-07-11,8,小倉,ジョアン,3,5,1,3.0,jra
202610020508,2026-07-11,8,小倉,エイコーンドリーム,5,5,4,6.3,jra
202610020508,2026-07-11,8,小倉,シエーナカラー,11,7,3,6.1,jra
202610020508,2026-07-11,8,小倉,ラグナトーレ,7,8,9,61.4,jra
202610020508,2026-07-11,8,小倉,ベルメサイア,9,9,8,18.3,jra
202610020508,2026-07-11,8,小倉,フェミナンジェンヌ,2,10,11,185.4,jra
202610020508,2026-07-11,8,小倉,オーケーエンジェル,6,11,10,134.4,jra
202610020509,2026-07-11,9,小倉,カレンラップスター,4,1,6,18.1,jra
202610020509,2026-07-11,9,小倉,ウインリュクス,3,2,3,4.3,jra
202610020509,2026-07-11,9,小倉,レッドヴァリアート,10,3,4,9.4,jra
202610020509,2026-07-11,9,小倉,ジュンライデン,6,4,7,24.2,jra
202610020509,2026-07-11,9,小倉,ミッドタウンナイト,8,5,9,49.1,jra
202610020509,2026-07-11,9,小倉,フリーガー,7,6,8,28.8,jra
202610020509,2026-07-11,9,小倉,ダノンテムズ,9,7,2,3.0,jra
202610020509,2026-07-11,9,小倉,タガノアルトゥーラ,11,8,1,3.0,jra
202610020509,2026-07-11,9,小倉,ダノンアンチュラス,1,9,10,60.6,jra
202610020509,2026-07-11,9,小倉,バリオス,5,10,5,11.8,jra
202610020509,2026-07-11,9,小倉,ヴェストラン,2,11,11,214.0,jra
202610020510,2026-07-11,10,小倉,インブロリオ,14,1,3,6.5,jra
202610020510,2026-07-11,10,小倉,ミキノバカラ,3,2,18,217.6,jra
202610020510,2026-07-11,10,小倉,サディーク,16,3,2,4.8,jra
202610020510,2026-07-11,10,小倉,オオナミコナミ,1,4,8,29.1,jra
202610020510,2026-07-11,10,小倉,スネーフリンガ,11,5,12,39.8,jra
202610020510,2026-07-11,10,小倉,ライクアフラワー,12,6,15,55.8,jra
202610020510,2026-07-11,10,小倉,サンライズプルート,9,7,17,149.9,jra
202610020510,2026-07-11,10,小倉,シュブロンレーヴル,15,8,7,28.2,jra
202610020510,2026-07-11,10,小倉,タナスーペルノーバ,17,9,1,2.8,jra
202610020510,2026-07-11,10,小倉,ニホンピロトッティ,4,10,9,32.1,jra
202610020510,2026-07-11,10,小倉,ハルオーブ,18,11,16,62.6,jra
202610020510,2026-07-11,10,小倉,メローネ,5,12,5,12.8,jra
202610020510,2026-07-11,10,小倉,ブルボンクイーン,13,13,13,42.1,jra
202610020510,2026-07-11,10,小倉,ルージュサウダージ,7,14,10,32.6,jra
202610020510,2026-07-11,10,小倉,ホーリーブラッサム,6,15,4,7.8,jra
202610020510,2026-07-11,10,小倉,フォティック,8,16,11,36.4,jra
202610020510,2026-07-11,10,小倉,ファイツオン,10,17,14,43.5,jra
202610020510,2026-07-11,10,小倉,ユメシバイ,2,18,6,15.1,jra
202610020511,2026-07-11,11,小倉,ベルギューン,5,1,3,5.7,jra
202610020511,2026-07-11,11,小倉,スノーサイレンス,1,2,6,16.6,jra
202610020511,2026-07-11,11,小倉,ヴェロクオーレ,7,3,4,8.8,jra
202610020511,2026-07-11,11,小倉,ジャーヴィス,10,4,9,46.5,jra
202610020511,2026-07-11,11,小倉,メイショウキルギス,4,5,5,14.6,jra
202610020511,2026-07-11,11,小倉,ハヤテノツバサ,11,6,1,2.7,jra
202610020511,2026-07-11,11,小倉,イマージョン,3,7,7,19.9,jra
202610020511,2026-07-11,11,小倉,クーデール,2,8,8,34.7,jra
202610020511,2026-07-11,11,小倉,ポッドソル,9,9,11,73.1,jra
202610020511,2026-07-11,11,小倉,ペイシャヴァルツー,6,10,10,65.0,jra
202610020511,2026-07-11,11,小倉,アメリカンビキニ,8,11,2,2.9,jra
202610020512,2026-07-11,12,小倉,ダノンプリマ,11,1,4,9.4,jra
202610020512,2026-07-11,12,小倉,ダイアナクイーン,2,2,6,12.3,jra
202610020512,2026-07-11,12,小倉,セクシーマージュ,16,3,5,11.5,jra
202610020512,2026-07-11,12,小倉,ムーンリットアイル,6,4,1,2.4,jra
202610020512,2026-07-11,12,小倉,レインオンミー,7,5,10,34.3,jra
202610020512,2026-07-11,12,小倉,ジャンヌローサ,4,6,7,13.3,jra
202610020512,2026-07-11,12,小倉,マーシーラン,14,7,2,5.3,jra
202610020512,2026-07-11,12,小倉,タイガーロード,1,8,9,23.9,jra
202610020512,2026-07-11,12,小倉,ペルフェツィオーネ,3,9,12,101.9,jra
202610020512,2026-07-11,12,小倉,ミトノリン,5,10,8,21.5,jra
202610020512,2026-07-11,12,小倉,メイショウハボマイ,9,11,13,227.9,jra
202610020512,2026-07-11,12,小倉,パレットフレイバー,15,12,15,340.1,jra
202610020512,2026-07-11,12,小倉,ネネキリマル,8,13,3,6.4,jra
202610020512,2026-07-11,12,小倉,シヴァールバーニ,10,14,16,388.7,jra
202610020512,2026-07-11,12,小倉,アスクザアメリカン,12,15,11,61.5,jra
202610020512,2026-07-11,12,小倉,テーオーミリカン,13,16,14,250.5,jra
